pointsTotal,franchise_id,name,logo,seed,clinch,projectedQual,qual,record,apPct,ppg,pot,off,deff,wins,predPct,finish,playoffSeed,odds,div,bye,playoffProbability,divisionProbability,byeProbability,projectedPotentialPoints,winDetails,actualDetails,potentialApRecord,h2hRecord,bonusRecord,apRecord,remainingSos
889.0000000000001,0011,New Orleans Saints,https://a.espncdn.com/i/teamlogos/nfl/500/no.png,1,,y,y,5-0,0.7258064516129032,222.3,296.975,106.45,115.80000000000001,13.27575,65.81809139784947,1,1,95%,81%,34%,0.9472,0.8094,0.3385,3179.7253114000796,"{'currentWins': 5.0, 'matchups': [{'week': 5, 'opponent': 'Carolina Panthers', 'opponentLogo': 'https://a.espncdn.com/i/teamlogos/nfl/500/car.png', 'opponentAbbr': 'CAR', 'site': '@', 'probability': 0.63795}, {'week': 6, 'opponent': 'Los Angeles Rams', 'opponentLogo': 'https://a.espncdn.com/i/teamlogos/nfl/500/lar.png', 'opponentAbbr': 'LAR', 'site': 'v.', 'probability': 0.73015}, {'week': 7, 'opponent': 'Philadelphia Eagles', 'opponentLogo': 'https://a.espncdn.com/i/teamlogos/nfl/500/phi.png', 'opponentAbbr': 'PHI', 'site': 'v.', 'probability': 0.48425}, {'week': 8, 'opponent': 'Atlanta Falcons', 'opponentLogo': 'https://a.espncdn.com/i/teamlogos/nfl/500/atl.png', 'opponentAbbr': 'ATL', 'site': 'v.', 'probability': 0.6682}, {'week': 9, 'opponent': 'Detroit Lions', 'opponentLogo': 'https://a.espncdn.com/i/teamlogos/nfl/500/det.png', 'opponentAbbr': 'DET', 'site': 'v.', 'probability': 0.6782}, {'week': 10, 'opponent': 'Tampa Bay Buccaneers', 'opponentLogo': 'https://a.espncdn.com/i/teamlogos/nfl/500/tb.png', 'opponentAbbr': 'TBB', 'site': '@', 'probability': 0.6132}, {'week': 11, 'opponent': 'Seattle Seahawks', 'opponentLogo': 'https://a.espncdn.com/i/teamlogos/nfl/500/sea.png', 'opponentAbbr': 'SEA', 'site': '@', 'probability': 0.6418}, {'week': 12, 'opponent': 'Carolina Panthers', 'opponentLogo': 'https://a.espncdn.com/i/teamlogos/nfl/500/car.png', 'opponentAbbr': 'CAR', 'site': 'v.', 'probability': 0.6438}], 'bonusGames': [{'label': 'Q2 Bonus Game', 'week': 6, 'probability': 0.70685}, {'label': 'Q3 Bonus Game', 'week': 9, 'probability': 0.75595}, {'label': 'Q4 Bonus Game', 'week': 12, 'probability': 0.75595}, {'label': 'Regular Season Bonus Game', 'week': 12, 'probability': 0.95945}]}","{'weeks': [{'week': 1, 'points': 224.8, 'weeklyMoney': False, 'allPlayRecord': '22-9', 'allPlayPct': 0.7096774193548387}, {'week': 2, 'points': 236.8, 'weeklyMoney': False, 'allPlayRecord': '27-4', 'allPlayPct': 0.8709677419354839}, {'week': 3, 'points': 236.3, 'weeklyMoney': False, 'allPlayRecord': '26-5', 'allPlayPct': 0.8387096774193549}, {'week': 4, 'points': 191.1, 'weeklyMoney': False, 'allPlayRecord': '15-16', 'allPlayPct': 0.4838709677419355}], 'matchups': [{'week': 1, 'opponent': 'Atlanta Falcons', 'opponentLogo': 'https://a.espncdn.com/i/teamlogos/nfl/500/atl.png', 'opponentAbbr': 'ATL', 'site': '@', 'teamScore': 224.8, 'opponentScore': 191.5, 'result': 'W'}, {'week': 2, 'opponent': 'Washington Commanders', 'opponentLogo': 'https://a.espncdn.com/i/teamlogos/nfl/500/wsh.png', 'opponentAbbr': 'WAS', 'site': '@', 'teamScore': 236.8, 'opponentScore': 154.5, 'result': 'W'}, {'week': 3, 'opponent': 'Tampa Bay Buccaneers', 'opponentLogo': 'https://a.espncdn.com/i/teamlogos/nfl/500/tb.png', 'opponentAbbr': 'TBB', 'site': 'v.', 'teamScore': 236.3, 'opponentScore': 145.4, 'result': 'W'}, {'week': 4, 'opponent': 'Green Bay Packers', 'opponentLogo': 'https://a.espncdn.com/i/teamlogos/nfl/500/gb.png', 'opponentAbbr': 'GBP', 'site': '@', 'teamScore': 191.1, 'opponentScore': 183.9, 'result': 'W'}], 'bonusGames': [{'label': 'Q1 Bonus Game', 'week': 3, 'allPlayWins': 75.0, 'rank': 2, 'result': 'W'}]}",111-13,4-0,1-0,90-34,47.681451612903224
897.8,0005,Chicago Bears,https://a.espncdn.com/i/teamlogos/nfl/500/chi.png,2,,y,y,5-0,0.6935483870967742,224.4,272.9,106.80000000000001,117.65,12.61895,60.831008064516126,4,4,92%,85%,15%,0.9232,0.8455,0.1452,3017.5547499218583,"{'currentWins': 5.0, 'matchups': [{'week': 5, 'opponent': 'Green Bay Packers', 'opponentLogo': 'https://a.espncdn.com/i/teamlogos/nfl/500/gb.png', 'opponentAbbr': 'GBP', 'site': '@', 'probability': 0.57675}, {'week': 6, 'opponent': 'Philadelphia Eagles', 'opponentLogo': 'https://a.espncdn.com/i/teamlogos/nfl/500/phi.png', 'opponentAbbr': 'PHI', 'site': 'v.', 'probability': 0.42885}, {'week': 7, 'opponent': 'Los Angeles Rams', 'opponentLogo': 'https://a.espncdn.com/i/teamlogos/nfl/500/lar.png', 'opponentAbbr': 'LAR', 'site': '@', 'probability': 0.6877}, {'week': 8, 'opponent': 'Minnesota Vikings', 'opponentLogo': 'https://a.espncdn.com/i/teamlogos/nfl/500/min.png', 'opponentAbbr': 'MIN', 'site': 'v.', 'probability': 0.6248}, {'week': 9, 'opponent': 'Tampa Bay Buccaneers', 'opponentLogo': 'https://a.espncdn.com/i/teamlogos/nfl/500/tb.png', 'opponentAbbr': 'TBB', 'site': '@', 'probability': 0.5562}, {'week': 10, 'opponent': 'Detroit Lions', 'opponentLogo': 'https://a.espncdn.com/i/teamlogos/nfl/500/det.png', 'opponentAbbr': 'DET', 'site': 'v.', 'probability': 0.6137}, {'week': 11, 'opponent': 'New York Giants', 'opponentLogo': 'https://a.espncdn.com/i/teamlogos/nfl/500/nyg.png', 'opponentAbbr': 'NYG', 'site': '@', 'probability': 0.5599}, {'week': 12, 'opponent': 'Green Bay Packers', 'opponentLogo': 'https://a.espncdn.com/i/teamlogos/nfl/500/gb.png', 'opponentAbbr': 'GBP', 'site': 'v.', 'probability': 0.58195}], 'bonusGames': [{'label': 'Q2 Bonus Game', 'week': 6, 'probability': 0.82755}, {'label': 'Q3 Bonus Game', 'week': 9, 'probability': 0.640775}, {'label': 'Q4 Bonus Game', 'week': 12, 'probability': 0.640775}, {'label': 'Regular Season Bonus Game', 'week': 12, 'probability': 0.88}]}","{'weeks': [{'week': 1, 'points': 174.4, 'weeklyMoney': False, 'allPlayRecord': '7-24', 'allPlayPct': 0.22580645161290322}, {'week': 2, 'points': 236.1, 'weeklyMoney': False, 'allPlayRecord': '25-6', 'allPlayPct': 0.8064516129032258}, {'week': 3, 'points': 263.0, 'weeklyMoney': True, 'allPlayRecord': '29-2', 'allPlayPct': 0.9354838709677419}, {'week': 4, 'points': 224.3, 'weeklyMoney': False, 'allPlayRecord': '25-6', 'allPlayPct': 0.8064516129032258}], 'matchups': [{'week': 1, 'opponent': 'Minnesota Vikings', 'opponentLogo': 'https://a.espncdn.com/i/teamlogos/nfl/500/min.png', 'opponentAbbr': 'MIN', 'site': '@', 'teamScore': 174.4, 'opponentScore': 138.0, 'result': 'W'}, {'week': 2, 'opponent': 'Arizona Cardinals', 'opponentLogo': 'https://a.espncdn.com/i/teamlogos/nfl/500/ari.png', 'opponentAbbr': 'ARI', 'site': 'v.', 'teamScore': 236.1, 'opponentScore': 181.5, 'result': 'W'}, {'week': 3, 'opponent': 'Detroit Lions', 'opponentLogo': 'https://a.espncdn.com/i/teamlogos/nfl/500/det.png', 'opponentAbbr': 'DET', 'site': '@', 'teamScore': 263.0, 'opponentScore': 168.2, 'result': 'W'}, {'week': 4, 'opponent': 'Carolina Panthers', 'opponentLogo': 'https://a.espncdn.com/i/teamlogos/nfl/500/car.png', 'opponentAbbr': 'CAR', 'site': 'v.', 'teamScore': 224.3, 'opponentScore': 191.8, 'result': 'W'}], 'bonusGames': [{'label': 'Q1 Bonus Game', 'week': 3, 'allPlayWins': 61.0, 'rank': 7, 'result': 'W'}]}",88-36,4-0,1-0,86-38,38.35685483870967
884.5,0004,Washington Commanders,https://a.espncdn.com/i/teamlogos/nfl/500/wsh.png,3,,y,y,4-1,0.6935483870967742,221.1,260.775,109.625,111.50000000000001,12.03735,63.0221505376344,2,2,88%,62%,21%,0.8828,0.615,0.212,2993.8172996891576,"{'currentWins': 4.0, 'matchups': [{'week': 5, 'opponent': 'Dallas Cowboys', 'opponentLogo': 'https://a.espncdn.com/i/teamlogos/nfl/500/dal.png', 'opponentAbbr': 'DAL', 'site': '@', 'probability': 0.6123}, {'week': 6, 'opponent': 'Detroit Lions', 'opponentLogo': 'https://a.espncdn.com/i/teamlogos/nfl/500/det.png', 'opponentAbbr': 'DET', 'site': '@', 'probability': 0.65265}, {'week': 7, 'opponent': 'Tampa Bay Buccaneers', 'opponentLogo': 'https://a.espncdn.com/i/teamlogos/nfl/500/tb.png', 'opponentAbbr': 'TBB', 'site': '@', 'probability': 0.58405}, {'week': 8, 'opponent': 'New York Giants', 'opponentLogo': 'https://a.espncdn.com/i/teamlogos/nfl/500/nyg.png', 'opponentAbbr': 'NYG', 'site': 'v.', 'probability': 0.5929}, {'week': 9, 'opponent': 'Los Angeles Rams', 'opponentLogo': 'https://a.espncdn.com/i/teamlogos/nfl/500/lar.png', 'opponentAbbr': 'LAR', 'site': '@', 'probability': 0.72405}, {'week': 10, 'opponent': 'Philadelphia Eagles', 'opponentLogo': 'https://a.espncdn.com/i/teamlogos/nfl/500/phi.png', 'opponentAbbr': 'PHI', 'site': '@', 'probability': 0.45385}, {'week': 11, 'opponent': 'Minnesota Vikings', 'opponentLogo': 'https://a.espncdn.com/i/teamlogos/nfl/500/min.png', 'opponentAbbr': 'MIN', 'site': 'v.', 'probability': 0.64305}, {'week': 12, 'opponent': 'Dallas Cowboys', 'opponentLogo': 'https://a.espncdn.com/i/teamlogos/nfl/500/dal.png', 'opponentAbbr': 'DAL', 'site': 'v.', 'probability': 0.6076}], 'bonusGames': [{'label': 'Q2 Bonus Game', 'week': 6, 'probability': 0.82565}, {'label': 'Q3 Bonus Game', 'week': 9, 'probability': 0.7077249999999999}, {'label': 'Q4 Bonus Game', 'week': 12, 'probability': 0.7077249999999999}, {'label': 'Regular Season Bonus Game', 'week': 12, 'probability': 0.9258}]}","{'weeks': [{'week': 1, 'points': 269.8, 'weeklyMoney': True, 'allPlayRecord': '31-0', 'allPlayPct': 1.0}, {'week': 2, 'points': 154.5, 'weeklyMoney': False, 'allPlayRecord': '5-26', 'allPlayPct': 0.16129032258064516}, {'week': 3, 'points': 240.4, 'weeklyMoney': False, 'allPlayRecord': '27-4', 'allPlayPct': 0.8709677419354839}, {'week': 4, 'points': 219.8, 'weeklyMoney': False, 'allPlayRecord': '23-8', 'allPlayPct': 0.7419354838709677}], 'matchups': [{'week': 1, 'opponent': 'New York Giants', 'opponentLogo': 'https://a.espncdn.com/i/teamlogos/nfl/500/nyg.png', 'opponentAbbr': 'NYG', 'site': '@', 'teamScore': 269.8, 'opponentScore': 171.6, 'result': 'W'}, {'week': 2, 'opponent': 'New Orleans Saints', 'opponentLogo': 'https://a.espncdn.com/i/teamlogos/nfl/500/no.png', 'opponentAbbr': 'NOS', 'site': 'v.', 'teamScore': 154.5, 'opponentScore': 236.8, 'result': 'L'}, {'week': 3, 'opponent': 'Philadelphia Eagles', 'opponentLogo': 'https://a.espncdn.com/i/teamlogos/nfl/500/phi.png', 'opponentAbbr': 'PHI', 'site': 'v.', 'teamScore': 240.4, 'opponentScore': 185.5, 'result': 'W'}, {'week': 4, 'opponent': 'San Francisco 49ers', 'opponentLogo': 'https://a.espncdn.com/i/teamlogos/nfl/500/sf.png', 'opponentAbbr': 'SFO', 'site': 'v.', 'teamScore': 219.8, 'opponentScore': 174.7, 'result': 'W'}], 'bonusGames': [{'label': 'Q1 Bonus Game', 'week': 3, 'allPlayWins': 63.0, 'rank': 6, 'result': 'W'}]}",79-45,3-1,1-0,86-38,40.87701612903226
878.6999999999999,0009,Atlanta Falcons,https://a.espncdn.com/i/teamlogos/nfl/500/atl.png,4,,x,x,3-2,0.6693548387096774,219.7,249.45,131.025,88.65,8.90565,53.35534946236559,5,5,44%,8%,3%,0.4446,0.0762,0.0297,2819.0846432028743,"{'currentWins': 3.0, 'matchups': [{'week': 5, 'opponent': 'Tampa Bay Buccaneers', 'opponentLogo': 'https://a.espncdn.com/i/teamlogos/nfl/500/tb.png', 'opponentAbbr': 'TBB', 'site': 'v.', 'probability': 0.45535}, {'week': 6, 'opponent': 'San Francisco 49ers', 'opponentLogo': 'https://a.espncdn.com/i/teamlogos/nfl/500/sf.png', 'opponentAbbr': 'SFO', 'site': 'v.', 'probability': 0.48465}, {'week': 7, 'opponent': 'Dallas Cowboys', 'opponentLogo': 'https://a.espncdn.com/i/teamlogos/nfl/500/dal.png', 'opponentAbbr': 'DAL', 'site': 'v.', 'probability': 0.48845}, {'week': 8, 'opponent': 'New Orleans Saints', 'opponentLogo': 'https://a.espncdn.com/i/teamlogos/nfl/500/no.png', 'opponentAbbr': 'NOS', 'site': '@', 'probability': 0.3318}, {'week': 9, 'opponent': 'Green Bay Packers', 'opponentLogo': 'https://a.espncdn.com/i/teamlogos/nfl/500/gb.png', 'opponentAbbr': 'GBP', 'site': 'v.', 'probability': 0.47905}, {'week': 10, 'opponent': 'Carolina Panthers', 'opponentLogo': 'https://a.espncdn.com/i/teamlogos/nfl/500/car.png', 'opponentAbbr': 'CAR', 'site': '@', 'probability': 0.49155}, {'week': 11, 'opponent': 'Arizona Cardinals', 'opponentLogo': 'https://a.espncdn.com/i/teamlogos/nfl/500/ari.png', 'opponentAbbr': 'ARI', 'site': '@', 'probability': 0.45785}, {'week': 12, 'opponent': 'Tampa Bay Buccaneers', 'opponentLogo': 'https://a.espncdn.com/i/teamlogos/nfl/500/tb.png', 'opponentAbbr': 'TBB', 'site': '@', 'probability': 0.45945}], 'bonusGames': [{'label': 'Q2 Bonus Game', 'week': 6, 'probability': 0.77765}, {'label': 'Q3 Bonus Game', 'week': 9, 'probability': 0.42785}, {'label': 'Q4 Bonus Game', 'week': 12, 'probability': 0.42785}, {'label': 'Regular Season Bonus Game', 'week': 12, 'probability': 0.62415}]}","{'weeks': [{'week': 1, 'points': 191.5, 'weeklyMoney': False, 'allPlayRecord': '14-17', 'allPlayPct': 0.45161290322580644}, {'week': 2, 'points': 239.5, 'weeklyMoney': False, 'allPlayRecord': '28-3', 'allPlayPct': 0.9032258064516129}, {'week': 3, 'points': 185.8, 'weeklyMoney': False, 'allPlayRecord': '12-19', 'allPlayPct': 0.3870967741935484}, {'week': 4, 'points': 261.9, 'weeklyMoney': True, 'allPlayRecord': '29-2', 'allPlayPct': 0.9354838709677419}], 'matchups': [{'week': 1, 'opponent': 'New Orleans Saints', 'opponentLogo': 'https://a.espncdn.com/i/teamlogos/nfl/500/no.png', 'opponentAbbr': 'NOS', 'site': 'v.', 'teamScore': 191.5, 'opponentScore': 224.8, 'result': 'L'}, {'week': 2, 'opponent': 'New York Giants', 'opponentLogo': 'https://a.espncdn.com/i/teamlogos/nfl/500/nyg.png', 'opponentAbbr': 'NYG', 'site': '@', 'teamScore': 239.5, 'opponentScore': 225.8, 'result': 'W'}, {'week': 3, 'opponent': 'Carolina Panthers', 'opponentLogo': 'https://a.espncdn.com/i/teamlogos/nfl/500/car.png', 'opponentAbbr': 'CAR', 'site': 'v.', 'teamScore': 185.8, 'opponentScore': 186.7, 'result': 'L'}, {'week': 4, 'opponent': 'Detroit Lions', 'opponentLogo': 'https://a.espncdn.com/i/teamlogos/nfl/500/det.png', 'opponentAbbr': 'DET', 'site': '@', 'teamScore': 261.9, 'opponentScore': 163.1, 'result': 'W'}], 'bonusGames': [{'label': 'Q1 Bonus Game', 'week': 3, 'allPlayWins': 54.0, 'rank': 13, 'result': 'W'}]}",66-58,2-2,1-0,83-41,53.78024193548387
853.3,0001,Dallas Cowboys,https://a.espncdn.com/i/teamlogos/nfl/500/dal.png,5,,,x,3-2,0.5967741935483871,213.3,271.84999999999997,109.17500000000001,104.15,8.42805,52.541263440860206,8,NA,37%,9%,2%,0.3746,0.0888,0.0244,2920.331744298741,"{'currentWins': 3.0, 'matchups': [{'week': 5, 'opponent': 'Washington Commanders', 'opponentLogo': 'https://a.espncdn.com/i/teamlogos/nfl/500/wsh.png', 'opponentAbbr': 'WAS', 'site': 'v.', 'probability': 0.3877}, {'week': 6, 'opponent': 'Minnesota Vikings', 'opponentLogo': 'https://a.espncdn.com/i/teamlogos/nfl/500/min.png', 'opponentAbbr': 'MIN', 'site': '@', 'probability': 0.54855}, {'week': 7, 'opponent': 'Atlanta Falcons', 'opponentLogo': 'https://a.espncdn.com/i/teamlogos/nfl/500/atl.png', 'opponentAbbr': 'ATL', 'site': '@', 'probability': 0.51155}, {'week': 8, 'opponent': 'Philadelphia Eagles', 'opponentLogo': 'https://a.espncdn.com/i/teamlogos/nfl/500/phi.png', 'opponentAbbr': 'PHI', 'site': '@', 'probability': 0.3513}, {'week': 9, 'opponent': 'Seattle Seahawks', 'opponentLogo': 'https://a.espncdn.com/i/teamlogos/nfl/500/sea.png', 'opponentAbbr': 'SEA', 'site': '@', 'probability': 0.51045}, {'week': 10, 'opponent': 'New York Giants', 'opponentLogo': 'https://a.espncdn.com/i/teamlogos/nfl/500/nyg.png', 'opponentAbbr': 'NYG', 'site': 'v.', 'probability': 0.4927}, {'week': 11, 'opponent': 'Detroit Lions', 'opponentLogo': 'https://a.espncdn.com/i/teamlogos/nfl/500/det.png', 'opponentAbbr': 'DET', 'site': 'v.', 'probability': 0.5518}, {'week': 12, 'opponent': 'Washington Commanders', 'opponentLogo': 'https://a.espncdn.com/i/teamlogos/nfl/500/wsh.png', 'opponentAbbr': 'WAS', 'site': '@', 'probability': 0.3924}], 'bonusGames': [{'label': 'Q2 Bonus Game', 'week': 6, 'probability': 0.14085}, {'label': 'Q3 Bonus Game', 'week': 9, 'probability': 0.475525}, {'label': 'Q4 Bonus Game', 'week': 12, 'probability': 0.475525}, {'label': 'Regular Season Bonus Game', 'week': 12, 'probability': 0.5897}]}","{'weeks': [{'week': 1, 'points': 262.1, 'weeklyMoney': False, 'allPlayRecord': '29-2', 'allPlayPct': 0.9354838709677419}, {'week': 2, 'points': 251.9, 'weeklyMoney': True, 'allPlayRecord': '30-1', 'allPlayPct': 0.967741935483871}, {'week': 3, 'points': 197.8, 'weeklyMoney': False, 'allPlayRecord': '14-17', 'allPlayPct': 0.45161290322580644}, {'week': 4, 'points': 141.5, 'weeklyMoney': False, 'allPlayRecord': '1-30', 'allPlayPct': 0.03225806451612903}], 'matchups': [{'week': 1, 'opponent': 'Philadelphia Eagles', 'opponentLogo': 'https://a.espncdn.com/i/teamlogos/nfl/500/phi.png', 'opponentAbbr': 'PHI', 'site': 'v.', 'teamScore': 262.1, 'opponentScore': 236.0, 'result': 'W'}, {'week': 2, 'opponent': 'Carolina Panthers', 'opponentLogo': 'https://a.espncdn.com/i/teamlogos/nfl/500/car.png', 'opponentAbbr': 'CAR', 'site': 'v.', 'teamScore': 251.9, 'opponentScore': 183.9, 'result': 'W'}, {'week': 3, 'opponent': 'New York Giants', 'opponentLogo': 'https://a.espncdn.com/i/teamlogos/nfl/500/nyg.png', 'opponentAbbr': 'NYG', 'site': '@', 'teamScore': 197.8, 'opponentScore': 234.4, 'result': 'L'}, {'week': 4, 'opponent': 'Arizona Cardinals', 'opponentLogo': 'https://a.espncdn.com/i/teamlogos/nfl/500/ari.png', 'opponentAbbr': 'ARI', 'site': 'v.', 'teamScore': 141.5, 'opponentScore': 212.4, 'result': 'L'}], 'bonusGames': [{'label': 'Q1 Bonus Game', 'week': 3, 'allPlayWins': 73.0, 'rank': 4, 'result': 'W'}]}",86-38,2-2,1-0,74-50,49.193548387096776
797.3,0010,Carolina Panthers,https://a.espncdn.com/i/teamlogos/nfl/500/car.png,6,,,x,3-2,0.5483870967741935,199.3,236.525,99.80000000000001,99.525,8.6721,50.12905913978495,10,NA,39%,9%,1%,0.3911,0.0919,0.0127,2757.800427507863,"{'currentWins': 3.0, 'matchups': [{'week': 5, 'opponent': 'New Orleans Saints', 'opponentLogo': 'https://a.espncdn.com/i/teamlogos/nfl/500/no.png', 'opponentAbbr': 'NOS', 'site': 'v.', 'probability': 0.36205}, {'week': 6, 'opponent': 'Seattle Seahawks', 'opponentLogo': 'https://a.espncdn.com/i/teamlogos/nfl/500/sea.png', 'opponentAbbr': 'SEA', 'site': 'v.', 'probability': 0.50045}, {'week': 7, 'opponent': 'New York Giants', 'opponentLogo': 'https://a.espncdn.com/i/teamlogos/nfl/500/nyg.png', 'opponentAbbr': 'NYG', 'site': 'v.', 'probability': 0.48235}, {'week': 8, 'opponent': 'Tampa Bay Buccaneers', 'opponentLogo': 'https://a.espncdn.com/i/teamlogos/nfl/500/tb.png', 'opponentAbbr': 'TBB', 'site': '@', 'probability': 0.4796}, {'week': 9, 'opponent': 'Minnesota Vikings', 'opponentLogo': 'https://a.espncdn.com/i/teamlogos/nfl/500/min.png', 'opponentAbbr': 'MIN', 'site': 'v.', 'probability': 0.53915}, {'week': 10, 'opponent': 'Atlanta Falcons', 'opponentLogo': 'https://a.espncdn.com/i/teamlogos/nfl/500/atl.png', 'opponentAbbr': 'ATL', 'site': 'v.', 'probability': 0.50845}, {'week': 11, 'opponent': 'Los Angeles Rams', 'opponentLogo': 'https://a.espncdn.com/i/teamlogos/nfl/500/lar.png', 'opponentAbbr': 'LAR', 'site': '@', 'probability': 0.6032}, {'week': 12, 'opponent': 'New Orleans Saints', 'opponentLogo': 'https://a.espncdn.com/i/teamlogos/nfl/500/no.png', 'opponentAbbr': 'NOS', 'site': '@', 'probability': 0.3562}], 'bonusGames': [{'label': 'Q2 Bonus Game', 'week': 6, 'probability': 0.465}, {'label': 'Q3 Bonus Game', 'week': 9, 'probability': 0.449725}, {'label': 'Q4 Bonus Game', 'week': 12, 'probability': 0.449725}, {'label': 'Regular Season Bonus Game', 'week': 12, 'probability': 0.4762}]}","{'weeks': [{'week': 1, 'points': 234.9, 'weeklyMoney': False, 'allPlayRecord': '25-6', 'allPlayPct': 0.8064516129032258}, {'week': 2, 'points': 183.9, 'weeklyMoney': False, 'allPlayRecord': '14-17', 'allPlayPct': 0.45161290322580644}, {'week': 3, 'points': 186.7, 'weeklyMoney': False, 'allPlayRecord': '13-18', 'allPlayPct': 0.41935483870967744}, {'week': 4, 'points': 191.8, 'weeklyMoney': False, 'allPlayRecord': '16-15', 'allPlayPct': 0.5161290322580645}], 'matchups': [{'week': 1, 'opponent': 'Tampa Bay Buccaneers', 'opponentLogo': 'https://a.espncdn.com/i/teamlogos/nfl/500/tb.png', 'opponentAbbr': 'TBB', 'site': 'v.', 'teamScore': 234.9, 'opponentScore': 209.3, 'result': 'W'}, {'week': 2, 'opponent': 'Dallas Cowboys', 'opponentLogo': 'https://a.espncdn.com/i/teamlogos/nfl/500/dal.png', 'opponentAbbr': 'DAL', 'site': '@', 'teamScore': 183.9, 'opponentScore': 251.9, 'result': 'L'}, {'week': 3, 'opponent': 'Atlanta Falcons', 'opponentLogo': 'https://a.espncdn.com/i/teamlogos/nfl/500/atl.png', 'opponentAbbr': 'ATL', 'site': '@', 'teamScore': 186.7, 'opponentScore': 185.8, 'result': 'W'}, {'week': 4, 'opponent': 'Chicago Bears', 'opponentLogo': 'https://a.espncdn.com/i/teamlogos/nfl/500/chi.png', 'opponentAbbr': 'CHI', 'site': '@', 'teamScore': 191.8, 'opponentScore': 224.3, 'result': 'L'}], 'bonusGames': [{'label': 'Q1 Bonus Game', 'week': 3, 'allPlayWins': 52.0, 'rank': 15, 'result': 'W'}]}",50-74,2-2,1-0,68-56,47.78225806451613
800.9,0013,Arizona Cardinals,https://a.espncdn.com/i/teamlogos/nfl/500/ari.png,7,,y,y,3-2,0.5080645161290323,200.2,234.825,82.05000000000001,118.175,9.48865,51.188198924731175,6,6,60%,49%,2%,0.5971,0.4901,0.0161,2775.7014764635805,"{'currentWins': 3.0, 'matchups': [{'week': 5, 'opponent': 'San Francisco 49ers', 'opponentLogo': 'https://a.espncdn.com/i/teamlogos/nfl/500/sf.png', 'opponentAbbr': 'SFO', 'site': '@', 'probability': 0.5255}, {'week': 6, 'opponent': 'Tampa Bay Buccaneers', 'opponentLogo': 'https://a.espncdn.com/i/teamlogos/nfl/500/tb.png', 'opponentAbbr': 'TBB', 'site': '@', 'probability': 0.5166}, {'week': 7, 'opponent': 'Detroit Lions', 'opponentLogo': 'https://a.espncdn.com/i/teamlogos/nfl/500/det.png', 'opponentAbbr': 'DET', 'site': 'v.', 'probability': 0.58345}, {'week': 8, 'opponent': 'Seattle Seahawks', 'opponentLogo': 'https://a.espncdn.com/i/teamlogos/nfl/500/sea.png', 'opponentAbbr': 'SEA', 'site': 'v.', 'probability': 0.5333}, {'week': 9, 'opponent': 'Philadelphia Eagles', 'opponentLogo': 'https://a.espncdn.com/i/teamlogos/nfl/500/phi.png', 'opponentAbbr': 'PHI', 'site': 'v.', 'probability': 0.3784}, {'week': 10, 'opponent': 'Los Angeles Rams', 'opponentLogo': 'https://a.espncdn.com/i/teamlogos/nfl/500/lar.png', 'opponentAbbr': 'LAR', 'site': 'v.', 'probability': 0.6375}, {'week': 11, 'opponent': 'Atlanta Falcons', 'opponentLogo': 'https://a.espncdn.com/i/teamlogos/nfl/500/atl.png', 'opponentAbbr': 'ATL', 'site': 'v.', 'probability': 0.54215}, {'week': 12, 'opponent': 'San Francisco 49ers', 'opponentLogo': 'https://a.espncdn.com/i/teamlogos/nfl/500/sf.png', 'opponentAbbr': 'SFO', 'site': 'v.', 'probability': 0.53605}], 'bonusGames': [{'label': 'Q2 Bonus Game', 'week': 6, 'probability': 0.64265}, {'label': 'Q3 Bonus Game', 'week': 9, 'probability': 0.5286}, {'label': 'Q4 Bonus Game', 'week': 12, 'probability': 0.5286}, {'label': 'Regular Season Bonus Game', 'week': 12, 'probability': 0.53585}]}","{'weeks': [{'week': 1, 'points': 184.8, 'weeklyMoney': False, 'allPlayRecord': '10-21', 'allPlayPct': 0.3225806451612903}, {'week': 2, 'points': 181.5, 'weeklyMoney': False, 'allPlayRecord': '12-19', 'allPlayPct': 0.3870967741935484}, {'week': 3, 'points': 222.2, 'weeklyMoney': False, 'allPlayRecord': '21-10', 'allPlayPct': 0.6774193548387096}, {'week': 4, 'points': 212.4, 'weeklyMoney': False, 'allPlayRecord': '20-11', 'allPlayPct': 0.6451612903225806}], 'matchups': [{'week': 1, 'opponent': 'Seattle Seahawks', 'opponentLogo': 'https://a.espncdn.com/i/teamlogos/nfl/500/sea.png', 'opponentAbbr': 'SEA', 'site': '@', 'teamScore': 184.8, 'opponentScore': 119.7, 'result': 'W'}, {'week': 2, 'opponent': 'Chicago Bears', 'opponentLogo': 'https://a.espncdn.com/i/teamlogos/nfl/500/chi.png', 'opponentAbbr': 'CHI', 'site': '@', 'teamScore': 181.5, 'opponentScore': 236.1, 'result': 'L'}, {'week': 3, 'opponent': 'Los Angeles Rams', 'opponentLogo': 'https://a.espncdn.com/i/teamlogos/nfl/500/lar.png', 'opponentAbbr': 'LAR', 'site': '@', 'teamScore': 222.2, 'opponentScore': 137.3, 'result': 'W'}, {'week': 4, 'opponent': 'Dallas Cowboys', 'opponentLogo': 'https://a.espncdn.com/i/teamlogos/nfl/500/dal.png', 'opponentAbbr': 'DAL', 'site': '@', 'teamScore': 212.4, 'opponentScore': 141.5, 'result': 'W'}], 'bonusGames': [{'label': 'Q1 Bonus Game', 'week': 3, 'allPlayWins': 43.0, 'rank': 19, 'result': 'L'}]}",53-71,3-1,0-1,63-61,44.05241935483871
824.3,0003,Philadelphia Eagles,https://a.espncdn.com/i/teamlogos/nfl/500/phi.png,8,,x,,2-3,0.592741935483871,206.1,261.92499999999995,121.7,84.375,10.126,62.521330645161285,3,3,70%,21%,18%,0.6993,0.2133,0.179,3042.807762120211,"{'currentWins': 2.0, 'matchups': [{'week': 5, 'opponent': 'New York Giants', 'opponentLogo': 'https://a.espncdn.com/i/teamlogos/nfl/500/nyg.png', 'opponentAbbr': 'NYG', 'site': '@', 'probability': 0.6427}, {'week': 6, 'opponent': 'Chicago Bears', 'opponentLogo': 'https://a.espncdn.com/i/teamlogos/nfl/500/chi.png', 'opponentAbbr': 'CHI', 'site': '@', 'probability': 0.57115}, {'week': 7, 'opponent': 'New Orleans Saints', 'opponentLogo': 'https://a.espncdn.com/i/teamlogos/nfl/500/no.png', 'opponentAbbr': 'NOS', 'site': '@', 'probability': 0.51575}, {'week': 8, 'opponent': 'Dallas Cowboys', 'opponentLogo': 'https://a.espncdn.com/i/teamlogos/nfl/500/dal.png', 'opponentAbbr': 'DAL', 'site': 'v.', 'probability': 0.6487}, {'week': 9, 'opponent': 'Arizona Cardinals', 'opponentLogo': 'https://a.espncdn.com/i/teamlogos/nfl/500/ari.png', 'opponentAbbr': 'ARI', 'site': '@', 'probability': 0.6216}, {'week': 10, 'opponent': 'Washington Commanders', 'opponentLogo': 'https://a.espncdn.com/i/teamlogos/nfl/500/wsh.png', 'opponentAbbr': 'WAS', 'site': 'v.', 'probability': 0.54615}, {'week': 11, 'opponent': 'Green Bay Packers', 'opponentLogo': 'https://a.espncdn.com/i/teamlogos/nfl/500/gb.png', 'opponentAbbr': 'GBP', 'site': 'v.', 'probability': 0.6605}, {'week': 12, 'opponent': 'New York Giants', 'opponentLogo': 'https://a.espncdn.com/i/teamlogos/nfl/500/nyg.png', 'opponentAbbr': 'NYG', 'site': 'v.', 'probability': 0.6371}], 'bonusGames': [{'label': 'Q2 Bonus Game', 'week': 6, 'probability': 0.79385}, {'label': 'Q3 Bonus Game', 'week': 9, 'probability': 0.7851250000000001}, {'label': 'Q4 Bonus Game', 'week': 12, 'probability': 0.7851250000000001}, {'label': 'Regular Season Bonus Game', 'week': 12, 'probability': 0.91825}]}","{'weeks': [{'week': 1, 'points': 236.0, 'weeklyMoney': False, 'allPlayRecord': '26-5', 'allPlayPct': 0.8387096774193549}, {'week': 2, 'points': 205.4, 'weeklyMoney': False, 'allPlayRecord': '18-12-1', 'allPlayPct': 0.5967741935483871}, {'week': 3, 'points': 185.5, 'weeklyMoney': False, 'allPlayRecord': '11-20', 'allPlayPct': 0.3548387096774194}, {'week': 4, 'points': 197.4, 'weeklyMoney': False, 'allPlayRecord': '18-13', 'allPlayPct': 0.5806451612903226}], 'matchups': [{'week': 1, 'opponent': 'Dallas Cowboys', 'opponentLogo': 'https://a.espncdn.com/i/teamlogos/nfl/500/dal.png', 'opponentAbbr': 'DAL', 'site': '@', 'teamScore': 236.0, 'opponentScore': 262.1, 'result': 'L'}, {'week': 2, 'opponent': 'Tampa Bay Buccaneers', 'opponentLogo': 'https://a.espncdn.com/i/teamlogos/nfl/500/tb.png', 'opponentAbbr': 'TBB', 'site': 'v.', 'teamScore': 205.4, 'opponentScore': 194.5, 'result': 'W'}, {'week': 3, 'opponent': 'Washington Commanders', 'opponentLogo': 'https://a.espncdn.com/i/teamlogos/nfl/500/wsh.png', 'opponentAbbr': 'WAS', 'site': '@', 'teamScore': 185.5, 'opponentScore': 240.4, 'result': 'L'}, {'week': 4, 'opponent': 'Seattle Seahawks', 'opponentLogo': 'https://a.espncdn.com/i/teamlogos/nfl/500/sea.png', 'opponentAbbr': 'SEA', 'site': 'v.', 'teamScore': 197.4, 'opponentScore': 235.2, 'result': 'L'}], 'bonusGames': [{'label': 'Q1 Bonus Game', 'week': 3, 'allPlayWins': 55.5, 'rank': 10, 'result': 'W'}]}",78-46,1-3,1-0,73-50-1,58.92137096774195
781.2,0012,Tampa Bay Buccaneers,https://a.espncdn.com/i/teamlogos/nfl/500/tb.png,9,,,,1-4,0.5120967741935484,195.3,252.85000000000002,88.1,107.20000000000002,7.1894,50.88279569892473,9,NA,24%,2%,1%,0.2383,0.0225,0.0128,2859.4081725343713,"{'currentWins': 1.0, 'matchups': [{'week': 5, 'opponent': 'Atlanta Falcons', 'opponentLogo': 'https://a.espncdn.com/i/teamlogos/nfl/500/atl.png', 'opponentAbbr': 'ATL', 'site': '@', 'probability': 0.54465}, {'week': 6, 'opponent': 'Arizona Cardinals', 'opponentLogo': 'https://a.espncdn.com/i/teamlogos/nfl/500/ari.png', 'opponentAbbr': 'ARI', 'site': 'v.', 'probability': 0.4834}, {'week': 7, 'opponent': 'Washington Commanders', 'opponentLogo': 'https://a.espncdn.com/i/teamlogos/nfl/500/wsh.png', 'opponentAbbr': 'WAS', 'site': 'v.', 'probability': 0.41595}, {'week': 8, 'opponent': 'Carolina Panthers', 'opponentLogo': 'https://a.espncdn.com/i/teamlogos/nfl/500/car.png', 'opponentAbbr': 'CAR', 'site': 'v.', 'probability': 0.5204}, {'week': 9, 'opponent': 'Chicago Bears', 'opponentLogo': 'https://a.espncdn.com/i/teamlogos/nfl/500/chi.png', 'opponentAbbr': 'CHI', 'site': 'v.', 'probability': 0.4438}, {'week': 10, 'opponent': 'New Orleans Saints', 'opponentLogo': 'https://a.espncdn.com/i/teamlogos/nfl/500/no.png', 'opponentAbbr': 'NOS', 'site': 'v.', 'probability': 0.3868}, {'week': 11, 'opponent': 'San Francisco 49ers', 'opponentLogo': 'https://a.espncdn.com/i/teamlogos/nfl/500/sf.png', 'opponentAbbr': 'SFO', 'site': '@', 'probability': 0.52245}, {'week': 12, 'opponent': 'Atlanta Falcons', 'opponentLogo': 'https://a.espncdn.com/i/teamlogos/nfl/500/atl.png', 'opponentAbbr': 'ATL', 'site': 'v.', 'probability': 0.54055}], 'bonusGames': [{'label': 'Q2 Bonus Game', 'week': 6, 'probability': 0.78365}, {'label': 'Q3 Bonus Game', 'week': 9, 'probability': 0.5177499999999999}, {'label': 'Q4 Bonus Game', 'week': 12, 'probability': 0.5177499999999999}, {'label': 'Regular Season Bonus Game', 'week': 12, 'probability': 0.51225}]}","{'weeks': [{'week': 1, 'points': 209.3, 'weeklyMoney': False, 'allPlayRecord': '16-14-1', 'allPlayPct': 0.532258064516129}, {'week': 2, 'points': 194.5, 'weeklyMoney': False, 'allPlayRecord': '17-14', 'allPlayPct': 0.5483870967741935}, {'week': 3, 'points': 145.4, 'weeklyMoney': False, 'allPlayRecord': '3-28', 'allPlayPct': 0.0967741935483871}, {'week': 4, 'points': 232.0, 'weeklyMoney': False, 'allPlayRecord': '27-4', 'allPlayPct': 0.8709677419354839}], 'matchups': [{'week': 1, 'opponent': 'Carolina Panthers', 'opponentLogo': 'https://a.espncdn.com/i/teamlogos/nfl/500/car.png', 'opponentAbbr': 'CAR', 'site': '@', 'teamScore': 209.3, 'opponentScore': 234.9, 'result': 'L'}, {'week': 2, 'opponent': 'Philadelphia Eagles', 'opponentLogo': 'https://a.espncdn.com/i/teamlogos/nfl/500/phi.png', 'opponentAbbr': 'PHI', 'site': '@', 'teamScore': 194.5, 'opponentScore': 205.4, 'result': 'L'}, {'week': 3, 'opponent': 'New Orleans Saints', 'opponentLogo': 'https://a.espncdn.com/i/teamlogos/nfl/500/no.png', 'opponentAbbr': 'NOS', 'site': '@', 'teamScore': 145.4, 'opponentScore': 236.3, 'result': 'L'}, {'week': 4, 'opponent': 'Minnesota Vikings', 'opponentLogo': 'https://a.espncdn.com/i/teamlogos/nfl/500/min.png', 'opponentAbbr': 'MIN', 'site': '@', 'teamScore': 232.0, 'opponentScore': 129.4, 'result': 'W'}], 'bonusGames': [{'label': 'Q1 Bonus Game', 'week': 3, 'allPlayWins': 36.5, 'rank': 23, 'result': 'L'}]}",78-46,1-3,0-1,63-60-1,61.391129032258064
808.9,0002,New York Giants,https://a.espncdn.com/i/teamlogos/nfl/500/nyg.png,10,,,,3-2,0.5,202.2,254.35,97.65,104.575,8.4137,49.992836021505376,11,NA,36%,8%,1%,0.3643,0.0829,0.0109,2864.4131665706454,"{'currentWins': 3.0, 'matchups': [{'week': 5, 'opponent': 'Philadelphia Eagles', 'opponentLogo': 'https://a.espncdn.com/i/teamlogos/nfl/500/phi.png', 'opponentAbbr': 'PHI', 'site': 'v.', 'probability': 0.3573}, {'week': 6, 'opponent': 'Green Bay Packers', 'opponentLogo': 'https://a.espncdn.com/i/teamlogos/nfl/500/gb.png', 'opponentAbbr': 'GBP', 'site': '@', 'probability': 0.52245}, {'week': 7, 'opponent': 'Carolina Panthers', 'opponentLogo': 'https://a.espncdn.com/i/teamlogos/nfl/500/car.png', 'opponentAbbr': 'CAR', 'site': '@', 'probability': 0.51765}, {'week': 8, 'opponent': 'Washington Commanders', 'opponentLogo': 'https://a.espncdn.com/i/teamlogos/nfl/500/wsh.png', 'opponentAbbr': 'WAS', 'site': '@', 'probability': 0.4071}, {'week': 9, 'opponent': 'San Francisco 49ers', 'opponentLogo': 'https://a.espncdn.com/i/teamlogos/nfl/500/sf.png', 'opponentAbbr': 'SFO', 'site': '@', 'probability': 0.5092}, {'week': 10, 'opponent': 'Dallas Cowboys', 'opponentLogo': 'https://a.espncdn.com/i/teamlogos/nfl/500/dal.png', 'opponentAbbr': 'DAL', 'site': '@', 'probability': 0.5073}, {'week': 11, 'opponent': 'Chicago Bears', 'opponentLogo': 'https://a.espncdn.com/i/teamlogos/nfl/500/chi.png', 'opponentAbbr': 'CHI', 'site': 'v.', 'probability': 0.4401}, {'week': 12, 'opponent': 'Philadelphia Eagles', 'opponentLogo': 'https://a.espncdn.com/i/teamlogos/nfl/500/phi.png', 'opponentAbbr': 'PHI', 'site': '@', 'probability': 0.3629}], 'bonusGames': [{'label': 'Q2 Bonus Game', 'week': 6, 'probability': 0.29965}, {'label': 'Q3 Bonus Game', 'week': 9, 'probability': 0.50475}, {'label': 'Q4 Bonus Game', 'week': 12, 'probability': 0.50475}, {'label': 'Regular Season Bonus Game', 'week': 12, 'probability': 0.48055}]}","{'weeks': [{'week': 1, 'points': 171.6, 'weeklyMoney': False, 'allPlayRecord': '6-25', 'allPlayPct': 0.1935483870967742}, {'week': 2, 'points': 225.8, 'weeklyMoney': False, 'allPlayRecord': '24-7', 'allPlayPct': 0.7741935483870968}, {'week': 3, 'points': 234.4, 'weeklyMoney': False, 'allPlayRecord': '24-7', 'allPlayPct': 0.7741935483870968}, {'week': 4, 'points': 177.1, 'weeklyMoney': False, 'allPlayRecord': '8-23', 'allPlayPct': 0.25806451612903225}], 'matchups': [{'week': 1, 'opponent': 'Washington Commanders', 'opponentLogo': 'https://a.espncdn.com/i/teamlogos/nfl/500/wsh.png', 'opponentAbbr': 'WAS', 'site': 'v.', 'teamScore': 171.6, 'opponentScore': 269.8, 'result': 'L'}, {'week': 2, 'opponent': 'Atlanta Falcons', 'opponentLogo': 'https://a.espncdn.com/i/teamlogos/nfl/500/atl.png', 'opponentAbbr': 'ATL', 'site': 'v.', 'teamScore': 225.8, 'opponentScore': 239.5, 'result': 'L'}, {'week': 3, 'opponent': 'Dallas Cowboys', 'opponentLogo': 'https://a.espncdn.com/i/teamlogos/nfl/500/dal.png', 'opponentAbbr': 'DAL', 'site': 'v.', 'teamScore': 234.4, 'opponentScore': 197.8, 'result': 'W'}, {'week': 4, 'opponent': 'Los Angeles Rams', 'opponentLogo': 'https://a.espncdn.com/i/teamlogos/nfl/500/lar.png', 'opponentAbbr': 'LAR', 'site': 'v.', 'teamScore': 177.1, 'opponentScore': 156.8, 'result': 'W'}], 'bonusGames': [{'label': 'Q1 Bonus Game', 'week': 3, 'allPlayWins': 54.0, 'rank': 11, 'result': 'W'}]}",71-53,2-2,1-0,62-62,57.7116935483871
791.1999999999999,0007,Green Bay Packers,https://a.espncdn.com/i/teamlogos/nfl/500/gb.png,11,,,,3-2,0.4959677419354839,197.8,232.35000000000002,92.025,105.775,8.3994,48.611532258064514,12,NA,36%,14%,1%,0.3593,0.1387,0.0079,2730.1306869340597,"{'currentWins': 3.0, 'matchups': [{'week': 5, 'opponent': 'Chicago Bears', 'opponentLogo': 'https://a.espncdn.com/i/teamlogos/nfl/500/chi.png', 'opponentAbbr': 'CHI', 'site': 'v.', 'probability': 0.42325}, {'week': 6, 'opponent': 'New York Giants', 'opponentLogo': 'https://a.espncdn.com/i/teamlogos/nfl/500/nyg.png', 'opponentAbbr': 'NYG', 'site': 'v.', 'probability': 0.47755}, {'week': 7, 'opponent': 'Seattle Seahawks', 'opponentLogo': 'https://a.espncdn.com/i/teamlogos/nfl/500/sea.png', 'opponentAbbr': 'SEA', 'site': '@', 'probability': 0.5067}, {'week': 8, 'opponent': 'Detroit Lions', 'opponentLogo': 'https://a.espncdn.com/i/teamlogos/nfl/500/det.png', 'opponentAbbr': 'DET', 'site': '@', 'probability': 0.5464}, {'week': 9, 'opponent': 'Atlanta Falcons', 'opponentLogo': 'https://a.espncdn.com/i/teamlogos/nfl/500/atl.png', 'opponentAbbr': 'ATL', 'site': '@', 'probability': 0.52095}, {'week': 10, 'opponent': 'Minnesota Vikings', 'opponentLogo': 'https://a.espncdn.com/i/teamlogos/nfl/500/min.png', 'opponentAbbr': 'MIN', 'site': '@', 'probability': 0.5379}, {'week': 11, 'opponent': 'Philadelphia Eagles', 'opponentLogo': 'https://a.espncdn.com/i/teamlogos/nfl/500/phi.png', 'opponentAbbr': 'PHI', 'site': '@', 'probability': 0.3395}, {'week': 12, 'opponent': 'Chicago Bears', 'opponentLogo': 'https://a.espncdn.com/i/teamlogos/nfl/500/chi.png', 'opponentAbbr': 'CHI', 'site': '@', 'probability': 0.41805}], 'bonusGames': [{'label': 'Q2 Bonus Game', 'week': 6, 'probability': 0.2934}, {'label': 'Q3 Bonus Game', 'week': 9, 'probability': 0.46047499999999997}, {'label': 'Q4 Bonus Game', 'week': 12, 'probability': 0.46047499999999997}, {'label': 'Regular Season Bonus Game', 'week': 12, 'probability': 0.41475}]}","{'weeks': [{'week': 1, 'points': 186.0, 'weeklyMoney': False, 'allPlayRecord': '11-19-1', 'allPlayPct': 0.3709677419354839}, {'week': 2, 'points': 211.9, 'weeklyMoney': False, 'allPlayRecord': '22-9', 'allPlayPct': 0.7096774193548387}, {'week': 3, 'points': 209.4, 'weeklyMoney': False, 'allPlayRecord': '19-12', 'allPlayPct': 0.6129032258064516}, {'week': 4, 'points': 183.9, 'weeklyMoney': False, 'allPlayRecord': '9-22', 'allPlayPct': 0.2903225806451613}], 'matchups': [{'week': 1, 'opponent': 'Detroit Lions', 'opponentLogo': 'https://a.espncdn.com/i/teamlogos/nfl/500/det.png', 'opponentAbbr': 'DET', 'site': 'v.', 'teamScore': 186.0, 'opponentScore': 219.9, 'result': 'L'}, {'week': 2, 'opponent': 'San Francisco 49ers', 'opponentLogo': 'https://a.espncdn.com/i/teamlogos/nfl/500/sf.png', 'opponentAbbr': 'SFO', 'site': 'v.', 'teamScore': 211.9, 'opponentScore': 170.2, 'result': 'W'}, {'week': 3, 'opponent': 'Minnesota Vikings', 'opponentLogo': 'https://a.espncdn.com/i/teamlogos/nfl/500/min.png', 'opponentAbbr': 'MIN', 'site': 'v.', 'teamScore': 209.4, 'opponentScore': 137.7, 'result': 'W'}, {'week': 4, 'opponent': 'New Orleans Saints', 'opponentLogo': 'https://a.espncdn.com/i/teamlogos/nfl/500/no.png', 'opponentAbbr': 'NOS', 'site': 'v.', 'teamScore': 183.9, 'opponentScore': 191.1, 'result': 'L'}], 'bonusGames': [{'label': 'Q1 Bonus Game', 'week': 3, 'allPlayWins': 52.5, 'rank': 14, 'result': 'W'}]}",42-82,2-2,1-0,61-62-1,49.193548387096776
749.4000000000001,0016,Seattle Seahawks,https://a.espncdn.com/i/teamlogos/nfl/500/sea.png,12,,x,,3-2,0.49193548387096775,187.4,236.75,98.175,89.175,9.0428,48.12048387096774,7,7,49%,37%,1%,0.4879,0.366,0.0076,2753.7385252829235,"{'currentWins': 3.0, 'matchups': [{'week': 5, 'opponent': 'Los Angeles Rams', 'opponentLogo': 'https://a.espncdn.com/i/teamlogos/nfl/500/lar.png', 'opponentAbbr': 'LAR', 'site': 'v.', 'probability': 0.6081}, {'week': 6, 'opponent': 'Carolina Panthers', 'opponentLogo': 'https://a.espncdn.com/i/teamlogos/nfl/500/car.png', 'opponentAbbr': 'CAR', 'site': '@', 'probability': 0.49955}, {'week': 7, 'opponent': 'Green Bay Packers', 'opponentLogo': 'https://a.espncdn.com/i/teamlogos/nfl/500/gb.png', 'opponentAbbr': 'GBP', 'site': 'v.', 'probability': 0.4933}, {'week': 8, 'opponent': 'Arizona Cardinals', 'opponentLogo': 'https://a.espncdn.com/i/teamlogos/nfl/500/ari.png', 'opponentAbbr': 'ARI', 'site': '@', 'probability': 0.4667}, {'week': 9, 'opponent': 'Dallas Cowboys', 'opponentLogo': 'https://a.espncdn.com/i/teamlogos/nfl/500/dal.png', 'opponentAbbr': 'DAL', 'site': 'v.', 'probability': 0.48955}, {'week': 10, 'opponent': 'San Francisco 49ers', 'opponentLogo': 'https://a.espncdn.com/i/teamlogos/nfl/500/sf.png', 'opponentAbbr': 'SFO', 'site': 'v.', 'probability': 0.4859}, {'week': 11, 'opponent': 'New Orleans Saints', 'opponentLogo': 'https://a.espncdn.com/i/teamlogos/nfl/500/no.png', 'opponentAbbr': 'NOS', 'site': 'v.', 'probability': 0.3582}, {'week': 12, 'opponent': 'Los Angeles Rams', 'opponentLogo': 'https://a.espncdn.com/i/teamlogos/nfl/500/lar.png', 'opponentAbbr': 'LAR', 'site': '@', 'probability': 0.60315}], 'bonusGames': [{'label': 'Q2 Bonus Game', 'week': 6, 'probability': 0.76515}, {'label': 'Q3 Bonus Game', 'week': 9, 'probability': 0.4447}, {'label': 'Q4 Bonus Game', 'week': 12, 'probability': 0.4447}, {'label': 'Regular Season Bonus Game', 'week': 12, 'probability': 0.3838}]}","{'weeks': [{'week': 1, 'points': 119.7, 'weeklyMoney': False, 'allPlayRecord': '0-31', 'allPlayPct': 0.0}, {'week': 2, 'points': 171.7, 'weeklyMoney': False, 'allPlayRecord': '10-21', 'allPlayPct': 0.3225806451612903}, {'week': 3, 'points': 222.8, 'weeklyMoney': False, 'allPlayRecord': '23-8', 'allPlayPct': 0.7419354838709677}, {'week': 4, 'points': 235.2, 'weeklyMoney': False, 'allPlayRecord': '28-3', 'allPlayPct': 0.9032258064516129}], 'matchups': [{'week': 1, 'opponent': 'Arizona Cardinals', 'opponentLogo': 'https://a.espncdn.com/i/teamlogos/nfl/500/ari.png', 'opponentAbbr': 'ARI', 'site': 'v.', 'teamScore': 119.7, 'opponentScore': 184.8, 'result': 'L'}, {'week': 2, 'opponent': 'Minnesota Vikings', 'opponentLogo': 'https://a.espncdn.com/i/teamlogos/nfl/500/min.png', 'opponentAbbr': 'MIN', 'site': '@', 'teamScore': 171.7, 'opponentScore': 103.4, 'result': 'W'}, {'week': 3, 'opponent': 'San Francisco 49ers', 'opponentLogo': 'https://a.espncdn.com/i/teamlogos/nfl/500/sf.png', 'opponentAbbr': 'SFO', 'site': '@', 'teamScore': 222.8, 'opponentScore': 222.5, 'result': 'W'}, {'week': 4, 'opponent': 'Philadelphia Eagles', 'opponentLogo': 'https://a.espncdn.com/i/teamlogos/nfl/500/phi.png', 'opponentAbbr': 'PHI', 'site': '@', 'teamScore': 235.2, 'opponentScore': 197.4, 'result': 'W'}], 'bonusGames': [{'label': 'Q1 Bonus Game', 'week': 3, 'allPlayWins': 33.0, 'rank': 24, 'result': 'L'}]}",57-67,3-1,0-1,61-63,45.4133064516129
757.3,0015,San Francisco 49ers,https://a.espncdn.com/i/teamlogos/nfl/500/sf.png,13,,,,1-4,0.4032258064516129,189.3,246.325,91.44999999999999,97.875,6.6324,45.96559139784946,13,NA,20%,13%,0%,0.203,0.1305,0.0029,2818.4162045626367,"{'currentWins': 1.0, 'matchups': [{'week': 5, 'opponent': 'Arizona Cardinals', 'opponentLogo': 'https://a.espncdn.com/i/teamlogos/nfl/500/ari.png', 'opponentAbbr': 'ARI', 'site': 'v.', 'probability': 0.4745}, {'week': 6, 'opponent': 'Atlanta Falcons', 'opponentLogo': 'https://a.espncdn.com/i/teamlogos/nfl/500/atl.png', 'opponentAbbr': 'ATL', 'site': '@', 'probability': 0.51535}, {'week': 7, 'opponent': 'Minnesota Vikings', 'opponentLogo': 'https://a.espncdn.com/i/teamlogos/nfl/500/min.png', 'opponentAbbr': 'MIN', 'site': 'v.', 'probability': 0.56295}, {'week': 8, 'opponent': 'Los Angeles Rams', 'opponentLogo': 'https://a.espncdn.com/i/teamlogos/nfl/500/lar.png', 'opponentAbbr': 'LAR', 'site': '@', 'probability': 0.6159}, {'week': 9, 'opponent': 'New York Giants', 'opponentLogo': 'https://a.espncdn.com/i/teamlogos/nfl/500/nyg.png', 'opponentAbbr': 'NYG', 'site': 'v.', 'probability': 0.4908}, {'week': 10, 'opponent': 'Seattle Seahawks', 'opponentLogo': 'https://a.espncdn.com/i/teamlogos/nfl/500/sea.png', 'opponentAbbr': 'SEA', 'site': '@', 'probability': 0.5141}, {'week': 11, 'opponent': 'Tampa Bay Buccaneers', 'opponentLogo': 'https://a.espncdn.com/i/teamlogos/nfl/500/tb.png', 'opponentAbbr': 'TBB', 'site': 'v.', 'probability': 0.47755}, {'week': 12, 'opponent': 'Arizona Cardinals', 'opponentLogo': 'https://a.espncdn.com/i/teamlogos/nfl/500/ari.png', 'opponentAbbr': 'ARI', 'site': '@', 'probability': 0.46395}], 'bonusGames': [{'label': 'Q2 Bonus Game', 'week': 6, 'probability': 0.2583}, {'label': 'Q3 Bonus Game', 'week': 9, 'probability': 0.4772}, {'label': 'Q4 Bonus Game', 'week': 12, 'probability': 0.4772}, {'label': 'Regular Season Bonus Game', 'week': 12, 'probability': 0.3046}]}","{'weeks': [{'week': 1, 'points': 189.9, 'weeklyMoney': False, 'allPlayRecord': '13-18', 'allPlayPct': 0.41935483870967744}, {'week': 2, 'points': 170.2, 'weeklyMoney': False, 'allPlayRecord': '8-23', 'allPlayPct': 0.25806451612903225}, {'week': 3, 'points': 222.5, 'weeklyMoney': False, 'allPlayRecord': '22-9', 'allPlayPct': 0.7096774193548387}, {'week': 4, 'points': 174.7, 'weeklyMoney': False, 'allPlayRecord': '7-24', 'allPlayPct': 0.22580645161290322}], 'matchups': [{'week': 1, 'opponent': 'Los Angeles Rams', 'opponentLogo': 'https://a.espncdn.com/i/teamlogos/nfl/500/lar.png', 'opponentAbbr': 'LAR', 'site': 'v.', 'teamScore': 189.9, 'opponentScore': 142.4, 'result': 'W'}, {'week': 2, 'opponent': 'Green Bay Packers', 'opponentLogo': 'https://a.espncdn.com/i/teamlogos/nfl/500/gb.png', 'opponentAbbr': 'GBP', 'site': '@', 'teamScore': 170.2, 'opponentScore': 211.9, 'result': 'L'}, {'week': 3, 'opponent': 'Seattle Seahawks', 'opponentLogo': 'https://a.espncdn.com/i/teamlogos/nfl/500/sea.png', 'opponentAbbr': 'SEA', 'site': 'v.', 'teamScore': 222.5, 'opponentScore': 222.8, 'result': 'L'}, {'week': 4, 'opponent': 'Washington Commanders', 'opponentLogo': 'https://a.espncdn.com/i/teamlogos/nfl/500/wsh.png', 'opponentAbbr': 'WAS', 'site': '@', 'teamScore': 174.7, 'opponentScore': 219.8, 'result': 'L'}], 'bonusGames': [{'label': 'Q1 Bonus Game', 'week': 3, 'allPlayWins': 43.0, 'rank': 20, 'result': 'L'}]}",64-60,1-3,0-1,50-74,42.33870967741935
684.9,0006,Detroit Lions,https://a.espncdn.com/i/teamlogos/nfl/500/det.png,14,,,,1-4,0.27419354838709675,171.2,230.35000000000002,61.32499999999999,109.9,5.3417,38.23022849462366,14,NA,5%,1%,0%,0.0536,0.013,0.0003,2706.9052736846793,"{'currentWins': 1.0, 'matchups': [{'week': 5, 'opponent': 'Minnesota Vikings', 'opponentLogo': 'https://a.espncdn.com/i/teamlogos/nfl/500/min.png', 'opponentAbbr': 'MIN', 'site': '@', 'probability': 0.49775}, {'week': 6, 'opponent': 'Washington Commanders', 'opponentLogo': 'https://a.espncdn.com/i/teamlogos/nfl/500/wsh.png', 'opponentAbbr': 'WAS', 'site': 'v.', 'probability': 0.34735}, {'week': 7, 'opponent': 'Arizona Cardinals', 'opponentLogo': 'https://a.espncdn.com/i/teamlogos/nfl/500/ari.png', 'opponentAbbr': 'ARI', 'site': '@', 'probability': 0.41655}, {'week': 8, 'opponent': 'Green Bay Packers', 'opponentLogo': 'https://a.espncdn.com/i/teamlogos/nfl/500/gb.png', 'opponentAbbr': 'GBP', 'site': 'v.', 'probability': 0.4536}, {'week': 9, 'opponent': 'New Orleans Saints', 'opponentLogo': 'https://a.espncdn.com/i/teamlogos/nfl/500/no.png', 'opponentAbbr': 'NOS', 'site': '@', 'probability': 0.3218}, {'week': 10, 'opponent': 'Chicago Bears', 'opponentLogo': 'https://a.espncdn.com/i/teamlogos/nfl/500/chi.png', 'opponentAbbr': 'CHI', 'site': '@', 'probability': 0.3863}, {'week': 11, 'opponent': 'Dallas Cowboys', 'opponentLogo': 'https://a.espncdn.com/i/teamlogos/nfl/500/dal.png', 'opponentAbbr': 'DAL', 'site': '@', 'probability': 0.4482}, {'week': 12, 'opponent': 'Minnesota Vikings', 'opponentLogo': 'https://a.espncdn.com/i/teamlogos/nfl/500/min.png', 'opponentAbbr': 'MIN', 'site': 'v.', 'probability': 0.5015}], 'bonusGames': [{'label': 'Q2 Bonus Game', 'week': 6, 'probability': 0.1526}, {'label': 'Q3 Bonus Game', 'week': 9, 'probability': 0.365425}, {'label': 'Q4 Bonus Game', 'week': 12, 'probability': 0.365425}, {'label': 'Regular Season Bonus Game', 'week': 12, 'probability': 0.0852}]}","{'weeks': [{'week': 1, 'points': 219.9, 'weeklyMoney': False, 'allPlayRecord': '20-11', 'allPlayPct': 0.6451612903225806}, {'week': 2, 'points': 133.7, 'weeklyMoney': False, 'allPlayRecord': '2-29', 'allPlayPct': 0.06451612903225806}, {'week': 3, 'points': 168.2, 'weeklyMoney': False, 'allPlayRecord': '7-24', 'allPlayPct': 0.22580645161290322}, {'week': 4, 'points': 163.1, 'weeklyMoney': False, 'allPlayRecord': '5-26', 'allPlayPct': 0.16129032258064516}], 'matchups': [{'week': 1, 'opponent': 'Green Bay Packers', 'opponentLogo': 'https://a.espncdn.com/i/teamlogos/nfl/500/gb.png', 'opponentAbbr': 'GBP', 'site': '@', 'teamScore': 219.9, 'opponentScore': 186.0, 'result': 'W'}, {'week': 2, 'opponent': 'Los Angeles Rams', 'opponentLogo': 'https://a.espncdn.com/i/teamlogos/nfl/500/lar.png', 'opponentAbbr': 'LAR', 'site': 'v.', 'teamScore': 133.7, 'opponentScore': 193.0, 'result': 'L'}, {'week': 3, 'opponent': 'Chicago Bears', 'opponentLogo': 'https://a.espncdn.com/i/teamlogos/nfl/500/chi.png', 'opponentAbbr': 'CHI', 'site': 'v.', 'teamScore': 168.2, 'opponentScore': 263.0, 'result': 'L'}, {'week': 4, 'opponent': 'Atlanta Falcons', 'opponentLogo': 'https://a.espncdn.com/i/teamlogos/nfl/500/atl.png', 'opponentAbbr': 'ATL', 'site': 'v.', 'teamScore': 163.1, 'opponentScore': 261.9, 'result': 'L'}], 'bonusGames': [{'label': 'Q1 Bonus Game', 'week': 3, 'allPlayWins': 29.0, 'rank': 25, 'result': 'L'}]}",50-74,1-3,0-1,34-90,46.92540322580645
629.5,0014,Los Angeles Rams,https://a.espncdn.com/i/teamlogos/nfl/500/lar.png,15,,,,1-4,0.1774193548387097,157.4,205.75,70.45,86.925,4.33855,30.577970430107527,15,NA,2%,1%,0%,0.0208,0.0134,0.0,2506.1946492950647,"{'currentWins': 1.0, 'matchups': [{'week': 5, 'opponent': 'Seattle Seahawks', 'opponentLogo': 'https://a.espncdn.com/i/teamlogos/nfl/500/sea.png', 'opponentAbbr': 'SEA', 'site': '@', 'probability': 0.3919}, {'week': 6, 'opponent': 'New Orleans Saints', 'opponentLogo': 'https://a.espncdn.com/i/teamlogos/nfl/500/no.png', 'opponentAbbr': 'NOS', 'site': '@', 'probability': 0.26985}, {'week': 7, 'opponent': 'Chicago Bears', 'opponentLogo': 'https://a.espncdn.com/i/teamlogos/nfl/500/chi.png', 'opponentAbbr': 'CHI', 'site': 'v.', 'probability': 0.3123}, {'week': 8, 'opponent': 'San Francisco 49ers', 'opponentLogo': 'https://a.espncdn.com/i/teamlogos/nfl/500/sf.png', 'opponentAbbr': 'SFO', 'site': 'v.', 'probability': 0.3841}, {'week': 9, 'opponent': 'Washington Commanders', 'opponentLogo': 'https://a.espncdn.com/i/teamlogos/nfl/500/wsh.png', 'opponentAbbr': 'WAS', 'site': 'v.', 'probability': 0.27595}, {'week': 10, 'opponent': 'Arizona Cardinals', 'opponentLogo': 'https://a.espncdn.com/i/teamlogos/nfl/500/ari.png', 'opponentAbbr': 'ARI', 'site': '@', 'probability': 0.3625}, {'week': 11, 'opponent': 'Carolina Panthers', 'opponentLogo': 'https://a.espncdn.com/i/teamlogos/nfl/500/car.png', 'opponentAbbr': 'CAR', 'site': 'v.', 'probability': 0.3968}, {'week': 12, 'opponent': 'Seattle Seahawks', 'opponentLogo': 'https://a.espncdn.com/i/teamlogos/nfl/500/sea.png', 'opponentAbbr': 'SEA', 'site': 'v.', 'probability': 0.39685}], 'bonusGames': [{'label': 'Q2 Bonus Game', 'week': 6, 'probability': 0.071}, {'label': 'Q3 Bonus Game', 'week': 9, 'probability': 0.232575}, {'label': 'Q4 Bonus Game', 'week': 12, 'probability': 0.232575}, {'label': 'Regular Season Bonus Game', 'week': 12, 'probability': 0.01215}]}","{'weeks': [{'week': 1, 'points': 142.4, 'weeklyMoney': False, 'allPlayRecord': '3-28', 'allPlayPct': 0.0967741935483871}, {'week': 2, 'points': 193.0, 'weeklyMoney': False, 'allPlayRecord': '16-15', 'allPlayPct': 0.5161290322580645}, {'week': 3, 'points': 137.3, 'weeklyMoney': False, 'allPlayRecord': '0-31', 'allPlayPct': 0.0}, {'week': 4, 'points': 156.8, 'weeklyMoney': False, 'allPlayRecord': '3-28', 'allPlayPct': 0.0967741935483871}], 'matchups': [{'week': 1, 'opponent': 'San Francisco 49ers', 'opponentLogo': 'https://a.espncdn.com/i/teamlogos/nfl/500/sf.png', 'opponentAbbr': 'SFO', 'site': '@', 'teamScore': 142.4, 'opponentScore': 189.9, 'result': 'L'}, {'week': 2, 'opponent': 'Detroit Lions', 'opponentLogo': 'https://a.espncdn.com/i/teamlogos/nfl/500/det.png', 'opponentAbbr': 'DET', 'site': '@', 'teamScore': 193.0, 'opponentScore': 133.7, 'result': 'W'}, {'week': 3, 'opponent': 'Arizona Cardinals', 'opponentLogo': 'https://a.espncdn.com/i/teamlogos/nfl/500/ari.png', 'opponentAbbr': 'ARI', 'site': 'v.', 'teamScore': 137.3, 'opponentScore': 222.2, 'result': 'L'}, {'week': 4, 'opponent': 'New York Giants', 'opponentLogo': 'https://a.espncdn.com/i/teamlogos/nfl/500/nyg.png', 'opponentAbbr': 'NYG', 'site': '@', 'teamScore': 156.8, 'opponentScore': 177.1, 'result': 'L'}], 'bonusGames': [{'label': 'Q1 Bonus Game', 'week': 3, 'allPlayWins': 19.0, 'rank': 30, 'result': 'L'}]}",19-105,1-3,0-1,22-102,56.95564516129033
508.5,0008,Minnesota Vikings,https://a.espncdn.com/i/teamlogos/nfl/500/min.png,16,,,,0-5,0.020161290322580645,127.1,191.4,45.125,82.00000000000001,4.3778,29.980026881720427,16,NA,1%,0%,0%,0.0129,0.0028,0.0,2518.107375133156,"{'currentWins': 0.0, 'matchups': [{'week': 5, 'opponent': 'Detroit Lions', 'opponentLogo': 'https://a.espncdn.com/i/teamlogos/nfl/500/det.png', 'opponentAbbr': 'DET', 'site': 'v.', 'probability': 0.50225}, {'week': 6, 'opponent': 'Dallas Cowboys', 'opponentLogo': 'https://a.espncdn.com/i/teamlogos/nfl/500/dal.png', 'opponentAbbr': 'DAL', 'site': 'v.', 'probability': 0.45145}, {'week': 7, 'opponent': 'San Francisco 49ers', 'opponentLogo': 'https://a.espncdn.com/i/teamlogos/nfl/500/sf.png', 'opponentAbbr': 'SFO', 'site': '@', 'probability': 0.43705}, {'week': 8, 'opponent': 'Chicago Bears', 'opponentLogo': 'https://a.espncdn.com/i/teamlogos/nfl/500/chi.png', 'opponentAbbr': 'CHI', 'site': '@', 'probability': 0.3752}, {'week': 9, 'opponent': 'Carolina Panthers', 'opponentLogo': 'https://a.espncdn.com/i/teamlogos/nfl/500/car.png', 'opponentAbbr': 'CAR', 'site': '@', 'probability': 0.46085}, {'week': 10, 'opponent': 'Green Bay Packers', 'opponentLogo': 'https://a.espncdn.com/i/teamlogos/nfl/500/gb.png', 'opponentAbbr': 'GBP', 'site': 'v.', 'probability': 0.4621}, {'week': 11, 'opponent': 'Washington Commanders', 'opponentLogo': 'https://a.espncdn.com/i/teamlogos/nfl/500/wsh.png', 'opponentAbbr': 'WAS', 'site': '@', 'probability': 0.35695}, {'week': 12, 'opponent': 'Detroit Lions', 'opponentLogo': 'https://a.espncdn.com/i/teamlogos/nfl/500/det.png', 'opponentAbbr': 'DET', 'site': '@', 'probability': 0.4985}], 'bonusGames': [{'label': 'Q2 Bonus Game', 'week': 6, 'probability': 0.0844}, {'label': 'Q3 Bonus Game', 'week': 9, 'probability': 0.369925}, {'label': 'Q4 Bonus Game', 'week': 12, 'probability': 0.369925}, {'label': 'Regular Season Bonus Game', 'week': 12, 'probability': 0.0092}]}","{'weeks': [{'week': 1, 'points': 138.0, 'weeklyMoney': False, 'allPlayRecord': '1-29-1', 'allPlayPct': 0.04838709677419355}, {'week': 2, 'points': 103.4, 'weeklyMoney': False, 'allPlayRecord': '0-31', 'allPlayPct': 0.0}, {'week': 3, 'points': 137.7, 'weeklyMoney': False, 'allPlayRecord': '1-30', 'allPlayPct': 0.03225806451612903}, {'week': 4, 'points': 129.4, 'weeklyMoney': False, 'allPlayRecord': '0-31', 'allPlayPct': 0.0}], 'matchups': [{'week': 1, 'opponent': 'Chicago Bears', 'opponentLogo': 'https://a.espncdn.com/i/teamlogos/nfl/500/chi.png', 'opponentAbbr': 'CHI', 'site': 'v.', 'teamScore': 138.0, 'opponentScore': 174.4, 'result': 'L'}, {'week': 2, 'opponent': 'Seattle Seahawks', 'opponentLogo': 'https://a.espncdn.com/i/teamlogos/nfl/500/sea.png', 'opponentAbbr': 'SEA', 'site': 'v.', 'teamScore': 103.4, 'opponentScore': 171.7, 'result': 'L'}, {'week': 3, 'opponent': 'Green Bay Packers', 'opponentLogo': 'https://a.espncdn.com/i/teamlogos/nfl/500/gb.png', 'opponentAbbr': 'GBP', 'site': '@', 'teamScore': 137.7, 'opponentScore': 209.4, 'result': 'L'}, {'week': 4, 'opponent': 'Tampa Bay Buccaneers', 'opponentLogo': 'https://a.espncdn.com/i/teamlogos/nfl/500/tb.png', 'opponentAbbr': 'TBB', 'site': 'v.', 'teamScore': 129.4, 'opponentScore': 232.0, 'result': 'L'}], 'bonusGames': [{'label': 'Q1 Bonus Game', 'week': 3, 'allPlayWins': 2.5, 'rank': 32, 'result': 'L'}]}",5-119,0-4,0-1,2-121-1,49.747983870967744
959.2,0018,Miami Dolphins,https://a.espncdn.com/i/teamlogos/nfl/500/mia.png,1,,x,y,4-1,0.7903225806451613,239.8,264.575,102.525,137.275,10.17985,60.08575268817204,3,3,67%,36%,17%,0.6714,0.3581,0.1735,2917.6816240949884,"{'currentWins': 4.0, 'matchups': [{'week': 5, 'opponent': 'New York Jets', 'opponentLogo': 'https://a.espncdn.com/i/teamlogos/nfl/500/nyj.png', 'opponentAbbr': 'NYJ', 'site': '@', 'probability': 0.4335}, {'week': 6, 'opponent': 'Cleveland Browns', 'opponentLogo': 'https://a.espncdn.com/i/teamlogos/nfl/500/cle.png', 'opponentAbbr': 'CLE', 'site': 'v.', 'probability': 0.42715}, {'week': 7, 'opponent': 'Jacksonville Jaguars', 'opponentLogo': 'https://a.espncdn.com/i/teamlogos/nfl/500/jax.png', 'opponentAbbr': 'JAC', 'site': 'v.', 'probability': 0.40925}, {'week': 8, 'opponent': 'New England Patriots', 'opponentLogo': 'https://a.espncdn.com/i/teamlogos/nfl/500/ne.png', 'opponentAbbr': 'NEP', 'site': 'v.', 'probability': 0.61435}, {'week': 9, 'opponent': 'Kansas City Chiefs', 'opponentLogo': 'https://a.espncdn.com/i/teamlogos/nfl/500/kc.png', 'opponentAbbr': 'KCC', 'site': 'v.', 'probability': 0.5424}, {'week': 10, 'opponent': 'Buffalo Bills', 'opponentLogo': 'https://a.espncdn.com/i/teamlogos/nfl/500/buf.png', 'opponentAbbr': 'BUF', 'site': '@', 'probability': 0.5268}, {'week': 11, 'opponent': 'Baltimore Ravens', 'opponentLogo': 'https://a.espncdn.com/i/teamlogos/nfl/500/bal.png', 'opponentAbbr': 'BAL', 'site': '@', 'probability': 0.5192}, {'week': 12, 'opponent': 'New York Jets', 'opponentLogo': 'https://a.espncdn.com/i/teamlogos/nfl/500/nyj.png', 'opponentAbbr': 'NYJ', 'site': 'v.', 'probability': 0.44025}], 'bonusGames': [{'label': 'Q2 Bonus Game', 'week': 6, 'probability': 0.38385}, {'label': 'Q3 Bonus Game', 'week': 9, 'probability': 0.512425}, {'label': 'Q4 Bonus Game', 'week': 12, 'probability': 0.512425}, {'label': 'Regular Season Bonus Game', 'week': 12, 'probability': 0.85825}]}","{'weeks': [{'week': 1, 'points': 252.1, 'weeklyMoney': False, 'allPlayRecord': '28-3', 'allPlayPct': 0.9032258064516129}, {'week': 2, 'points': 245.6, 'weeklyMoney': False, 'allPlayRecord': '29-2', 'allPlayPct': 0.9354838709677419}, {'week': 3, 'points': 274.7, 'weeklyMoney': False, 'allPlayRecord': '30-1', 'allPlayPct': 0.967741935483871}, {'week': 4, 'points': 186.8, 'weeklyMoney': False, 'allPlayRecord': '11-20', 'allPlayPct': 0.3548387096774194}], 'matchups': [{'week': 1, 'opponent': 'New England Patriots', 'opponentLogo': 'https://a.espncdn.com/i/teamlogos/nfl/500/ne.png', 'opponentAbbr': 'NEP', 'site': '@', 'teamScore': 252.1, 'opponentScore': 209.3, 'result': 'W'}, {'week': 2, 'opponent': 'Tennessee Titans', 'opponentLogo': 'https://a.espncdn.com/i/teamlogos/nfl/500/ten.png', 'opponentAbbr': 'TEN', 'site': '@', 'teamScore': 245.6, 'opponentScore': 182.8, 'result': 'W'}, {'week': 3, 'opponent': 'Buffalo Bills', 'opponentLogo': 'https://a.espncdn.com/i/teamlogos/nfl/500/buf.png', 'opponentAbbr': 'BUF', 'site': 'v.', 'teamScore': 274.7, 'opponentScore': 183.8, 'result': 'W'}, {'week': 4, 'opponent': 'Las Vegas Raiders', 'opponentLogo': 'https://a.espncdn.com/i/teamlogos/nfl/500/lv.png', 'opponentAbbr': 'LVR', 'site': '@', 'teamScore': 186.8, 'opponentScore': 270.7, 'result': 'L'}], 'bonusGames': [{'label': 'Q1 Bonus Game', 'week': 3, 'allPlayWins': 87.0, 'rank': 1, 'result': 'W'}]}",81-43,3-1,1-0,98-26,51.41129032258065
936.8,0027,Jacksonville Jaguars,https://a.espncdn.com/i/teamlogos/nfl/500/jax.png,2,,y,x,4-1,0.6935483870967742,234.2,289.67499999999995,131.25,102.94999999999999,11.61745,62.69587365591398,1,1,84%,48%,27%,0.8445,0.4828,0.2727,3115.650363827537,"{'currentWins': 4.0, 'matchups': [{'week': 5, 'opponent': 'Houston Texans', 'opponentLogo': 'https://a.espncdn.com/i/teamlogos/nfl/500/hou.png', 'opponentAbbr': 'HOU', 'site': '@', 'probability': 0.5703}, {'week': 6, 'opponent': 'Denver Broncos', 'opponentLogo': 'https://a.espncdn.com/i/teamlogos/nfl/500/den.png', 'opponentAbbr': 'DEN', 'site': '@', 'probability': 0.61265}, {'week': 7, 'opponent': 'Miami Dolphins', 'opponentLogo': 'https://a.espncdn.com/i/teamlogos/nfl/500/mia.png', 'opponentAbbr': 'MIA', 'site': '@', 'probability': 0.59075}, {'week': 8, 'opponent': 'Indianapolis Colts', 'opponentLogo': 'https://a.espncdn.com/i/teamlogos/nfl/500/ind.png', 'opponentAbbr': 'IND', 'site': 'v.', 'probability': 0.6077}, {'week': 9, 'opponent': 'Cincinnati Bengals', 'opponentLogo': 'https://a.espncdn.com/i/teamlogos/nfl/500/cin.png', 'opponentAbbr': 'CIN', 'site': '@', 'probability': 0.63775}, {'week': 10, 'opponent': 'Tennessee Titans', 'opponentLogo': 'https://a.espncdn.com/i/teamlogos/nfl/500/ten.png', 'opponentAbbr': 'TEN', 'site': 'v.', 'probability': 0.5699}, {'week': 11, 'opponent': 'Las Vegas Raiders', 'opponentLogo': 'https://a.espncdn.com/i/teamlogos/nfl/500/lv.png', 'opponentAbbr': 'LVR', 'site': 'v.', 'probability': 0.57855}, {'week': 12, 'opponent': 'Houston Texans', 'opponentLogo': 'https://a.espncdn.com/i/teamlogos/nfl/500/hou.png', 'opponentAbbr': 'HOU', 'site': 'v.', 'probability': 0.56465}], 'bonusGames': [{'label': 'Q2 Bonus Game', 'week': 6, 'probability': 0.5712}, {'label': 'Q3 Bonus Game', 'week': 9, 'probability': 0.6985}, {'label': 'Q4 Bonus Game', 'week': 12, 'probability': 0.6985}, {'label': 'Regular Season Bonus Game', 'week': 12, 'probability': 0.917}]}","{'weeks': [{'week': 1, 'points': 205.4, 'weeklyMoney': False, 'allPlayRecord': '15-16', 'allPlayPct': 0.4838709677419355}, {'week': 2, 'points': 291.8, 'weeklyMoney': True, 'allPlayRecord': '31-0', 'allPlayPct': 1.0}, {'week': 3, 'points': 252.4, 'weeklyMoney': False, 'allPlayRecord': '28-3', 'allPlayPct': 0.9032258064516129}, {'week': 4, 'points': 187.2, 'weeklyMoney': False, 'allPlayRecord': '12-19', 'allPlayPct': 0.3870967741935484}], 'matchups': [{'week': 1, 'opponent': 'Indianapolis Colts', 'opponentLogo': 'https://a.espncdn.com/i/teamlogos/nfl/500/ind.png', 'opponentAbbr': 'IND', 'site': '@', 'teamScore': 205.4, 'opponentScore': 222.0, 'result': 'L'}, {'week': 2, 'opponent': 'Buffalo Bills', 'opponentLogo': 'https://a.espncdn.com/i/teamlogos/nfl/500/buf.png', 'opponentAbbr': 'BUF', 'site': 'v.', 'teamScore': 291.8, 'opponentScore': 177.5, 'result': 'W'}, {'week': 3, 'opponent': 'Tennessee Titans', 'opponentLogo': 'https://a.espncdn.com/i/teamlogos/nfl/500/ten.png', 'opponentAbbr': 'TEN', 'site': '@', 'teamScore': 252.4, 'opponentScore': 141.2, 'result': 'W'}, {'week': 4, 'opponent': 'Baltimore Ravens', 'opponentLogo': 'https://a.espncdn.com/i/teamlogos/nfl/500/bal.png', 'opponentAbbr': 'BAL', 'site': 'v.', 'teamScore': 187.2, 'opponentScore': 149.2, 'result': 'W'}], 'bonusGames': [{'label': 'Q1 Bonus Game', 'week': 3, 'allPlayWins': 74.0, 'rank': 3, 'result': 'W'}]}",95-29,3-1,1-0,86-38,56.653225806451616
912.4000000000001,0020,New York Jets,https://a.espncdn.com/i/teamlogos/nfl/500/nyj.png,3,,y,x,3-2,0.6854838709677419,228.1,276.1,97.55000000000001,130.55,10.8119,61.2977688172043,2,2,78%,48%,21%,0.7848,0.4813,0.2081,3037.2197662894637,"{'currentWins': 3.0, 'matchups': [{'week': 5, 'opponent': 'Miami Dolphins', 'opponentLogo': 'https://a.espncdn.com/i/teamlogos/nfl/500/mia.png', 'opponentAbbr': 'MIA', 'site': 'v.', 'probability': 0.5665}, {'week': 6, 'opponent': 'Baltimore Ravens', 'opponentLogo': 'https://a.espncdn.com/i/teamlogos/nfl/500/bal.png', 'opponentAbbr': 'BAL', 'site': 'v.', 'probability': 0.5875}, {'week': 7, 'opponent': 'Houston Texans', 'opponentLogo': 'https://a.espncdn.com/i/teamlogos/nfl/500/hou.png', 'opponentAbbr': 'HOU', 'site': 'v.', 'probability': 0.55155}, {'week': 8, 'opponent': 'Buffalo Bills', 'opponentLogo': 'https://a.espncdn.com/i/teamlogos/nfl/500/buf.png', 'opponentAbbr': 'BUF', 'site': '@', 'probability': 0.5932}, {'week': 9, 'opponent': 'Los Angeles Chargers', 'opponentLogo': 'https://a.espncdn.com/i/teamlogos/nfl/500/lac.png', 'opponentAbbr': 'LAC', 'site': 'v.', 'probability': 0.61225}, {'week': 10, 'opponent': 'New England Patriots', 'opponentLogo': 'https://a.espncdn.com/i/teamlogos/nfl/500/ne.png', 'opponentAbbr': 'NEP', 'site': 'v.', 'probability': 0.70245}, {'week': 11, 'opponent': 'Cleveland Browns', 'opponentLogo': 'https://a.espncdn.com/i/teamlogos/nfl/500/cle.png', 'opponentAbbr': 'CLE', 'site': '@', 'probability': 0.49855}, {'week': 12, 'opponent': 'Miami Dolphins', 'opponentLogo': 'https://a.espncdn.com/i/teamlogos/nfl/500/mia.png', 'opponentAbbr': 'MIA', 'site': '@', 'probability': 0.55975}], 'bonusGames': [{'label': 'Q2 Bonus Game', 'week': 6, 'probability': 0.92055}, {'label': 'Q3 Bonus Game', 'week': 9, 'probability': 0.665025}, {'label': 'Q4 Bonus Game', 'week': 12, 'probability': 0.665025}, {'label': 'Regular Season Bonus Game', 'week': 12, 'probability': 0.88955}]}","{'weeks': [{'week': 1, 'points': 179.2, 'weeklyMoney': False, 'allPlayRecord': '9-22', 'allPlayPct': 0.2903225806451613}, {'week': 2, 'points': 206.3, 'weeklyMoney': False, 'allPlayRecord': '20-11', 'allPlayPct': 0.6451612903225806}, {'week': 3, 'points': 235.7, 'weeklyMoney': False, 'allPlayRecord': '25-6', 'allPlayPct': 0.8064516129032258}, {'week': 4, 'points': 291.2, 'weeklyMoney': True, 'allPlayRecord': '31-0', 'allPlayPct': 1.0}], 'matchups': [{'week': 1, 'opponent': 'Buffalo Bills', 'opponentLogo': 'https://a.espncdn.com/i/teamlogos/nfl/500/buf.png', 'opponentAbbr': 'BUF', 'site': 'v.', 'teamScore': 179.2, 'opponentScore': 242.5, 'result': 'L'}, {'week': 2, 'opponent': 'Indianapolis Colts', 'opponentLogo': 'https://a.espncdn.com/i/teamlogos/nfl/500/ind.png', 'opponentAbbr': 'IND', 'site': '@', 'teamScore': 206.3, 'opponentScore': 208.2, 'result': 'L'}, {'week': 3, 'opponent': 'New England Patriots', 'opponentLogo': 'https://a.espncdn.com/i/teamlogos/nfl/500/ne.png', 'opponentAbbr': 'NEP', 'site': '@', 'teamScore': 235.7, 'opponentScore': 175.6, 'result': 'W'}, {'week': 4, 'opponent': 'Denver Broncos', 'opponentLogo': 'https://a.espncdn.com/i/teamlogos/nfl/500/den.png', 'opponentAbbr': 'DEN', 'site': '@', 'teamScore': 291.2, 'opponentScore': 188.9, 'result': 'W'}], 'bonusGames': [{'label': 'Q1 Bonus Game', 'week': 3, 'allPlayWins': 54.0, 'rank': 12, 'result': 'W'}]}",88-36,2-2,1-0,85-39,55.94758064516129
865.5,0025,Houston Texans,https://a.espncdn.com/i/teamlogos/nfl/500/hou.png,4,,x,y,4-1,0.6612903225806451,216.4,269.92499999999995,121.375,95.0,10.5025,56.76198924731183,4,4,69%,28%,8%,0.6907,0.2774,0.0847,2951.173670831742,"{'currentWins': 4.0, 'matchups': [{'week': 5, 'opponent': 'Jacksonville Jaguars', 'opponentLogo': 'https://a.espncdn.com/i/teamlogos/nfl/500/jax.png', 'opponentAbbr': 'JAC', 'site': 'v.', 'probability': 0.4297}, {'week': 6, 'opponent': 'Las Vegas Raiders', 'opponentLogo': 'https://a.espncdn.com/i/teamlogos/nfl/500/lv.png', 'opponentAbbr': 'LVR', 'site': '@', 'probability': 0.50925}, {'week': 7, 'opponent': 'New York Jets', 'opponentLogo': 'https://a.espncdn.com/i/teamlogos/nfl/500/nyj.png', 'opponentAbbr': 'NYJ', 'site': '@', 'probability': 0.44845}, {'week': 8, 'opponent': 'Tennessee Titans', 'opponentLogo': 'https://a.espncdn.com/i/teamlogos/nfl/500/ten.png', 'opponentAbbr': 'TEN', 'site': '@', 'probability': 0.4955}, {'week': 9, 'opponent': 'Pittsburgh Steelers', 'opponentLogo': 'https://a.espncdn.com/i/teamlogos/nfl/500/pit.png', 'opponentAbbr': 'PIT', 'site': '@', 'probability': 0.566}, {'week': 10, 'opponent': 'Indianapolis Colts', 'opponentLogo': 'https://a.espncdn.com/i/teamlogos/nfl/500/ind.png', 'opponentAbbr': 'IND', 'site': '@', 'probability': 0.5381}, {'week': 11, 'opponent': 'Denver Broncos', 'opponentLogo': 'https://a.espncdn.com/i/teamlogos/nfl/500/den.png', 'opponentAbbr': 'DEN', 'site': 'v.', 'probability': 0.5511}, {'week': 12, 'opponent': 'Jacksonville Jaguars', 'opponentLogo': 'https://a.espncdn.com/i/teamlogos/nfl/500/jax.png', 'opponentAbbr': 'JAC', 'site': '@', 'probability': 0.43535}], 'bonusGames': [{'label': 'Q2 Bonus Game', 'week': 6, 'probability': 0.6731}, {'label': 'Q3 Bonus Game', 'week': 9, 'probability': 0.5459}, {'label': 'Q4 Bonus Game', 'week': 12, 'probability': 0.5459}, {'label': 'Regular Season Bonus Game', 'week': 12, 'probability': 0.76415}]}","{'weeks': [{'week': 1, 'points': 219.4, 'weeklyMoney': False, 'allPlayRecord': '18-13', 'allPlayPct': 0.5806451612903226}, {'week': 2, 'points': 214.3, 'weeklyMoney': False, 'allPlayRecord': '23-8', 'allPlayPct': 0.7419354838709677}, {'week': 3, 'points': 217.1, 'weeklyMoney': False, 'allPlayRecord': '20-11', 'allPlayPct': 0.6451612903225806}, {'week': 4, 'points': 214.7, 'weeklyMoney': False, 'allPlayRecord': '21-10', 'allPlayPct': 0.6774193548387096}], 'matchups': [{'week': 1, 'opponent': 'Tennessee Titans', 'opponentLogo': 'https://a.espncdn.com/i/teamlogos/nfl/500/ten.png', 'opponentAbbr': 'TEN', 'site': 'v.', 'teamScore': 219.4, 'opponentScore': 149.0, 'result': 'W'}, {'week': 2, 'opponent': 'New England Patriots', 'opponentLogo': 'https://a.espncdn.com/i/teamlogos/nfl/500/ne.png', 'opponentAbbr': 'NEP', 'site': 'v.', 'teamScore': 214.3, 'opponentScore': 140.3, 'result': 'W'}, {'week': 3, 'opponent': 'Indianapolis Colts', 'opponentLogo': 'https://a.espncdn.com/i/teamlogos/nfl/500/ind.png', 'opponentAbbr': 'IND', 'site': 'v.', 'teamScore': 217.1, 'opponentScore': 206.2, 'result': 'W'}, {'week': 4, 'opponent': 'Cleveland Browns', 'opponentLogo': 'https://a.espncdn.com/i/teamlogos/nfl/500/cle.png', 'opponentAbbr': 'CLE', 'site': 'v.', 'teamScore': 214.7, 'opponentScore': 217.9, 'result': 'L'}], 'bonusGames': [{'label': 'Q1 Bonus Game', 'week': 3, 'allPlayWins': 61.0, 'rank': 8, 'result': 'W'}]}",87-37,3-1,1-0,82-42,57.8125
881.5999999999999,0031,Las Vegas Raiders,https://a.espncdn.com/i/teamlogos/nfl/500/lv.png,5,,y,y,3-1-1,0.6209677419354839,220.4,255.5,102.975,117.425,10.4111,55.032607526881726,6,6,71%,56%,6%,0.7058,0.56,0.0602,2882.7784708832887,"{'currentWins': 3.5, 'matchups': [{'week': 5, 'opponent': 'Denver Broncos', 'opponentLogo': 'https://a.espncdn.com/i/teamlogos/nfl/500/den.png', 'opponentAbbr': 'DEN', 'site': 'v.', 'probability': 0.547}, {'week': 6, 'opponent': 'Houston Texans', 'opponentLogo': 'https://a.espncdn.com/i/teamlogos/nfl/500/hou.png', 'opponentAbbr': 'HOU', 'site': 'v.', 'probability': 0.49075}, {'week': 7, 'opponent': 'Baltimore Ravens', 'opponentLogo': 'https://a.espncdn.com/i/teamlogos/nfl/500/bal.png', 'opponentAbbr': 'BAL', 'site': '@', 'probability': 0.52945}, {'week': 8, 'opponent': 'Kansas City Chiefs', 'opponentLogo': 'https://a.espncdn.com/i/teamlogos/nfl/500/kc.png', 'opponentAbbr': 'KCC', 'site': '@', 'probability': 0.563}, {'week': 9, 'opponent': 'New England Patriots', 'opponentLogo': 'https://a.espncdn.com/i/teamlogos/nfl/500/ne.png', 'opponentAbbr': 'NEP', 'site': '@', 'probability': 0.62695}, {'week': 10, 'opponent': 'Los Angeles Chargers', 'opponentLogo': 'https://a.espncdn.com/i/teamlogos/nfl/500/lac.png', 'opponentAbbr': 'LAC', 'site': '@', 'probability': 0.5596}, {'week': 11, 'opponent': 'Jacksonville Jaguars', 'opponentLogo': 'https://a.espncdn.com/i/teamlogos/nfl/500/jax.png', 'opponentAbbr': 'JAC', 'site': '@', 'probability': 0.42145}, {'week': 12, 'opponent': 'Denver Broncos', 'opponentLogo': 'https://a.espncdn.com/i/teamlogos/nfl/500/den.png', 'opponentAbbr': 'DEN', 'site': '@', 'probability': 0.5449}], 'bonusGames': [{'label': 'Q2 Bonus Game', 'week': 6, 'probability': 0.8534}, {'label': 'Q3 Bonus Game', 'week': 9, 'probability': 0.5382}, {'label': 'Q4 Bonus Game', 'week': 12, 'probability': 0.5382}, {'label': 'Regular Season Bonus Game', 'week': 12, 'probability': 0.6982}]}","{'weeks': [{'week': 1, 'points': 268.1, 'weeklyMoney': True, 'allPlayRecord': '30-1', 'allPlayPct': 0.967741935483871}, {'week': 2, 'points': 170.7, 'weeklyMoney': False, 'allPlayRecord': '9-22', 'allPlayPct': 0.2903225806451613}, {'week': 3, 'points': 172.1, 'weeklyMoney': False, 'allPlayRecord': '8-23', 'allPlayPct': 0.25806451612903225}, {'week': 4, 'points': 270.7, 'weeklyMoney': False, 'allPlayRecord': '30-1', 'allPlayPct': 0.967741935483871}], 'matchups': [{'week': 1, 'opponent': 'Kansas City Chiefs', 'opponentLogo': 'https://a.espncdn.com/i/teamlogos/nfl/500/kc.png', 'opponentAbbr': 'KCC', 'site': 'v.', 'teamScore': 268.1, 'opponentScore': 219.6, 'result': 'W'}, {'week': 2, 'opponent': 'Pittsburgh Steelers', 'opponentLogo': 'https://a.espncdn.com/i/teamlogos/nfl/500/pit.png', 'opponentAbbr': 'PIT', 'site': 'v.', 'teamScore': 170.7, 'opponentScore': 153.8, 'result': 'W'}, {'week': 3, 'opponent': 'Los Angeles Chargers', 'opponentLogo': 'https://a.espncdn.com/i/teamlogos/nfl/500/lac.png', 'opponentAbbr': 'LAC', 'site': 'v.', 'teamScore': 172.1, 'opponentScore': 202.1, 'result': 'L'}, {'week': 4, 'opponent': 'Miami Dolphins', 'opponentLogo': 'https://a.espncdn.com/i/teamlogos/nfl/500/mia.png', 'opponentAbbr': 'MIA', 'site': 'v.', 'teamScore': 270.7, 'opponentScore': 186.8, 'result': 'W'}], 'bonusGames': [{'label': 'Q1 Bonus Game', 'week': 3, 'allPlayWins': 47.0, 'rank': 17, 'result': 'T'}]}",66-58,3-1,0-0-1,77-47,51.51209677419355
831.0999999999999,0026,Indianapolis Colts,https://a.espncdn.com/i/teamlogos/nfl/500/ind.png,6,,x,x,4-1,0.6129032258064516,207.8,240.225,111.375,96.4,9.97885,52.724879032258066,7,7,59%,21%,4%,0.5876,0.2083,0.0358,2791.7205768878316,"{'currentWins': 4.0, 'matchups': [{'week': 5, 'opponent': 'Tennessee Titans', 'opponentLogo': 'https://a.espncdn.com/i/teamlogos/nfl/500/ten.png', 'opponentAbbr': 'TEN', 'site': 'v.', 'probability': 0.4589}, {'week': 6, 'opponent': 'Los Angeles Chargers', 'opponentLogo': 'https://a.espncdn.com/i/teamlogos/nfl/500/lac.png', 'opponentAbbr': 'LAC', 'site': '@', 'probability': 0.5255}, {'week': 7, 'opponent': 'New England Patriots', 'opponentLogo': 'https://a.espncdn.com/i/teamlogos/nfl/500/ne.png', 'opponentAbbr': 'NEP', 'site': '@', 'probability': 0.6063}, {'week': 8, 'opponent': 'Jacksonville Jaguars', 'opponentLogo': 'https://a.espncdn.com/i/teamlogos/nfl/500/jax.png', 'opponentAbbr': 'JAC', 'site': '@', 'probability': 0.3923}, {'week': 9, 'opponent': 'Baltimore Ravens', 'opponentLogo': 'https://a.espncdn.com/i/teamlogos/nfl/500/bal.png', 'opponentAbbr': 'BAL', 'site': '@', 'probability': 0.50375}, {'week': 10, 'opponent': 'Houston Texans', 'opponentLogo': 'https://a.espncdn.com/i/teamlogos/nfl/500/hou.png', 'opponentAbbr': 'HOU', 'site': 'v.', 'probability': 0.4619}, {'week': 11, 'opponent': 'Kansas City Chiefs', 'opponentLogo': 'https://a.espncdn.com/i/teamlogos/nfl/500/kc.png', 'opponentAbbr': 'KCC', 'site': 'v.', 'probability': 0.52865}, {'week': 12, 'opponent': 'Tennessee Titans', 'opponentLogo': 'https://a.espncdn.com/i/teamlogos/nfl/500/ten.png', 'opponentAbbr': 'TEN', 'site': '@', 'probability': 0.47255}], 'bonusGames': [{'label': 'Q2 Bonus Game', 'week': 6, 'probability': 0.50245}, {'label': 'Q3 Bonus Game', 'week': 9, 'probability': 0.46495}, {'label': 'Q4 Bonus Game', 'week': 12, 'probability': 0.46495}, {'label': 'Regular Season Bonus Game', 'week': 12, 'probability': 0.59665}]}","{'weeks': [{'week': 1, 'points': 222.0, 'weeklyMoney': False, 'allPlayRecord': '21-10', 'allPlayPct': 0.6774193548387096}, {'week': 2, 'points': 208.2, 'weeklyMoney': False, 'allPlayRecord': '21-10', 'allPlayPct': 0.6774193548387096}, {'week': 3, 'points': 206.2, 'weeklyMoney': False, 'allPlayRecord': '17-14', 'allPlayPct': 0.5483870967741935}, {'week': 4, 'points': 194.7, 'weeklyMoney': False, 'allPlayRecord': '17-14', 'allPlayPct': 0.5483870967741935}], 'matchups': [{'week': 1, 'opponent': 'Jacksonville Jaguars', 'opponentLogo': 'https://a.espncdn.com/i/teamlogos/nfl/500/jax.png', 'opponentAbbr': 'JAC', 'site': 'v.', 'teamScore': 222.0, 'opponentScore': 205.4, 'result': 'W'}, {'week': 2, 'opponent': 'New York Jets', 'opponentLogo': 'https://a.espncdn.com/i/teamlogos/nfl/500/nyj.png', 'opponentAbbr': 'NYJ', 'site': 'v.', 'teamScore': 208.2, 'opponentScore': 206.3, 'result': 'W'}, {'week': 3, 'opponent': 'Houston Texans', 'opponentLogo': 'https://a.espncdn.com/i/teamlogos/nfl/500/hou.png', 'opponentAbbr': 'HOU', 'site': '@', 'teamScore': 206.2, 'opponentScore': 217.1, 'result': 'L'}, {'week': 4, 'opponent': 'Cincinnati Bengals', 'opponentLogo': 'https://a.espncdn.com/i/teamlogos/nfl/500/cin.png', 'opponentAbbr': 'CIN', 'site': 'v.', 'teamScore': 194.7, 'opponentScore': 171.8, 'result': 'W'}], 'bonusGames': [{'label': 'Q1 Bonus Game', 'week': 3, 'allPlayWins': 59.0, 'rank': 9, 'result': 'W'}]}",52-72,3-1,1-0,76-48,44.354838709677416
797.3000000000001,0023,Cleveland Browns,https://a.espncdn.com/i/teamlogos/nfl/500/cle.png,7,,y,y,3-2,0.5241935483870968,199.3,255.825,99.375,99.94999999999999,10.5494,56.13396505376345,5,5,79%,73%,7%,0.7903,0.728,0.0705,2956.6491071646337,"{'currentWins': 3.0, 'matchups': [{'week': 5, 'opponent': 'Baltimore Ravens', 'opponentLogo': 'https://a.espncdn.com/i/teamlogos/nfl/500/bal.png', 'opponentAbbr': 'BAL', 'site': '@', 'probability': 0.6003}, {'week': 6, 'opponent': 'Miami Dolphins', 'opponentLogo': 'https://a.espncdn.com/i/teamlogos/nfl/500/mia.png', 'opponentAbbr': 'MIA', 'site': '@', 'probability': 0.57285}, {'week': 7, 'opponent': 'Denver Broncos', 'opponentLogo': 'https://a.espncdn.com/i/teamlogos/nfl/500/den.png', 'opponentAbbr': 'DEN', 'site': 'v.', 'probability': 0.60435}, {'week': 8, 'opponent': 'Pittsburgh Steelers', 'opponentLogo': 'https://a.espncdn.com/i/teamlogos/nfl/500/pit.png', 'opponentAbbr': 'PIT', 'site': 'v.', 'probability': 0.6235}, {'week': 9, 'opponent': 'Tennessee Titans', 'opponentLogo': 'https://a.espncdn.com/i/teamlogos/nfl/500/ten.png', 'opponentAbbr': 'TEN', 'site': 'v.', 'probability': 0.55905}, {'week': 10, 'opponent': 'Cincinnati Bengals', 'opponentLogo': 'https://a.espncdn.com/i/teamlogos/nfl/500/cin.png', 'opponentAbbr': 'CIN', 'site': '@', 'probability': 0.632}, {'week': 11, 'opponent': 'New York Jets', 'opponentLogo': 'https://a.espncdn.com/i/teamlogos/nfl/500/nyj.png', 'opponentAbbr': 'NYJ', 'site': 'v.', 'probability': 0.50145}, {'week': 12, 'opponent': 'Baltimore Ravens', 'opponentLogo': 'https://a.espncdn.com/i/teamlogos/nfl/500/bal.png', 'opponentAbbr': 'BAL', 'site': 'v.', 'probability': 0.58485}], 'bonusGames': [{'label': 'Q2 Bonus Game', 'week': 6, 'probability': 0.7868}, {'label': 'Q3 Bonus Game', 'week': 9, 'probability': 0.670075}, {'label': 'Q4 Bonus Game', 'week': 12, 'probability': 0.670075}, {'label': 'Regular Season Bonus Game', 'week': 12, 'probability': 0.7441}]}","{'weeks': [{'week': 1, 'points': 230.4, 'weeklyMoney': False, 'allPlayRecord': '24-7', 'allPlayPct': 0.7741935483870968}, {'week': 2, 'points': 187.2, 'weeklyMoney': False, 'allPlayRecord': '15-16', 'allPlayPct': 0.4838709677419355}, {'week': 3, 'points': 161.8, 'weeklyMoney': False, 'allPlayRecord': '4-27', 'allPlayPct': 0.12903225806451613}, {'week': 4, 'points': 217.9, 'weeklyMoney': False, 'allPlayRecord': '22-9', 'allPlayPct': 0.7096774193548387}], 'matchups': [{'week': 1, 'opponent': 'Pittsburgh Steelers', 'opponentLogo': 'https://a.espncdn.com/i/teamlogos/nfl/500/pit.png', 'opponentAbbr': 'PIT', 'site': '@', 'teamScore': 230.4, 'opponentScore': 146.2, 'result': 'W'}, {'week': 2, 'opponent': 'Kansas City Chiefs', 'opponentLogo': 'https://a.espncdn.com/i/teamlogos/nfl/500/kc.png', 'opponentAbbr': 'KCC', 'site': '@', 'teamScore': 187.2, 'opponentScore': 122.8, 'result': 'W'}, {'week': 3, 'opponent': 'Cincinnati Bengals', 'opponentLogo': 'https://a.espncdn.com/i/teamlogos/nfl/500/cin.png', 'opponentAbbr': 'CIN', 'site': 'v.', 'teamScore': 161.8, 'opponentScore': 165.4, 'result': 'L'}, {'week': 4, 'opponent': 'Houston Texans', 'opponentLogo': 'https://a.espncdn.com/i/teamlogos/nfl/500/hou.png', 'opponentAbbr': 'HOU', 'site': '@', 'teamScore': 217.9, 'opponentScore': 214.7, 'result': 'W'}], 'bonusGames': [{'label': 'Q1 Bonus Game', 'week': 3, 'allPlayWins': 43.0, 'rank': 21, 'result': 'L'}]}",67-57,3-1,0-1,65-59,45.86693548387097
888.3000000000001,0029,Denver Broncos,https://a.espncdn.com/i/teamlogos/nfl/500/den.png,8,,,,3-2,0.657258064516129,222.1,264.175,133.275,88.79999999999998,8.5564,53.326706989247306,8,NA,44%,25%,5%,0.4354,0.2519,0.0466,2858.077687664995,"{'currentWins': 3.0, 'matchups': [{'week': 5, 'opponent': 'Las Vegas Raiders', 'opponentLogo': 'https://a.espncdn.com/i/teamlogos/nfl/500/lv.png', 'opponentAbbr': 'LVR', 'site': '@', 'probability': 0.453}, {'week': 6, 'opponent': 'Jacksonville Jaguars', 'opponentLogo': 'https://a.espncdn.com/i/teamlogos/nfl/500/jax.png', 'opponentAbbr': 'JAC', 'site': 'v.', 'probability': 0.38735}, {'week': 7, 'opponent': 'Cleveland Browns', 'opponentLogo': 'https://a.espncdn.com/i/teamlogos/nfl/500/cle.png', 'opponentAbbr': 'CLE', 'site': '@', 'probability': 0.39565}, {'week': 8, 'opponent': 'Los Angeles Chargers', 'opponentLogo': 'https://a.espncdn.com/i/teamlogos/nfl/500/lac.png', 'opponentAbbr': 'LAC', 'site': 'v.', 'probability': 0.52695}, {'week': 9, 'opponent': 'Buffalo Bills', 'opponentLogo': 'https://a.espncdn.com/i/teamlogos/nfl/500/buf.png', 'opponentAbbr': 'BUF', 'site': '@', 'probability': 0.4991}, {'week': 10, 'opponent': 'Kansas City Chiefs', 'opponentLogo': 'https://a.espncdn.com/i/teamlogos/nfl/500/kc.png', 'opponentAbbr': 'KCC', 'site': 'v.', 'probability': 0.52345}, {'week': 11, 'opponent': 'Houston Texans', 'opponentLogo': 'https://a.espncdn.com/i/teamlogos/nfl/500/hou.png', 'opponentAbbr': 'HOU', 'site': '@', 'probability': 0.4489}, {'week': 12, 'opponent': 'Las Vegas Raiders', 'opponentLogo': 'https://a.espncdn.com/i/teamlogos/nfl/500/lv.png', 'opponentAbbr': 'LVR', 'site': 'v.', 'probability': 0.4551}], 'bonusGames': [{'label': 'Q2 Bonus Game', 'week': 6, 'probability': 0.3683}, {'label': 'Q3 Bonus Game', 'week': 9, 'probability': 0.43937499999999996}, {'label': 'Q4 Bonus Game', 'week': 12, 'probability': 0.43937499999999996}, {'label': 'Regular Season Bonus Game', 'week': 12, 'probability': 0.61985}]}","{'weeks': [{'week': 1, 'points': 186.0, 'weeklyMoney': False, 'allPlayRecord': '11-19-1', 'allPlayPct': 0.3709677419354839}, {'week': 2, 'points': 236.6, 'weeklyMoney': False, 'allPlayRecord': '26-5', 'allPlayPct': 0.8387096774193549}, {'week': 3, 'points': 276.8, 'weeklyMoney': True, 'allPlayRecord': '31-0', 'allPlayPct': 1.0}, {'week': 4, 'points': 188.9, 'weeklyMoney': False, 'allPlayRecord': '13-18', 'allPlayPct': 0.41935483870967744}], 'matchups': [{'week': 1, 'opponent': 'Los Angeles Chargers', 'opponentLogo': 'https://a.espncdn.com/i/teamlogos/nfl/500/lac.png', 'opponentAbbr': 'LAC', 'site': '@', 'teamScore': 186.0, 'opponentScore': 229.4, 'result': 'L'}, {'week': 2, 'opponent': 'Cincinnati Bengals', 'opponentLogo': 'https://a.espncdn.com/i/teamlogos/nfl/500/cin.png', 'opponentAbbr': 'CIN', 'site': 'v.', 'teamScore': 236.6, 'opponentScore': 161.3, 'result': 'W'}, {'week': 3, 'opponent': 'Kansas City Chiefs', 'opponentLogo': 'https://a.espncdn.com/i/teamlogos/nfl/500/kc.png', 'opponentAbbr': 'KCC', 'site': '@', 'teamScore': 276.8, 'opponentScore': 166.5, 'result': 'W'}, {'week': 4, 'opponent': 'New York Jets', 'opponentLogo': 'https://a.espncdn.com/i/teamlogos/nfl/500/nyj.png', 'opponentAbbr': 'NYJ', 'site': 'v.', 'teamScore': 188.9, 'opponentScore': 291.2, 'result': 'L'}], 'bonusGames': [{'label': 'Q1 Bonus Game', 'week': 3, 'allPlayWins': 68.5, 'rank': 5, 'result': 'W'}]}",82-42,2-2,1-0,81-42-1,56.653225806451616
824.9,0017,Buffalo Bills,https://a.espncdn.com/i/teamlogos/nfl/500/buf.png,9,,,,2-2-1,0.5806451612903226,206.2,259.275,96.67500000000001,109.55,8.739,51.41317204301076,9,NA,43%,16%,3%,0.429,0.1589,0.0272,2858.2091900684745,"{'currentWins': 2.5, 'matchups': [{'week': 5, 'opponent': 'New England Patriots', 'opponentLogo': 'https://a.espncdn.com/i/teamlogos/nfl/500/ne.png', 'opponentAbbr': 'NEP', 'site': '@', 'probability': 0.59945}, {'week': 6, 'opponent': 'Cincinnati Bengals', 'opponentLogo': 'https://a.espncdn.com/i/teamlogos/nfl/500/cin.png', 'opponentAbbr': 'CIN', 'site': 'v.', 'probability': 0.5373}, {'week': 7, 'opponent': 'Tennessee Titans', 'opponentLogo': 'https://a.espncdn.com/i/teamlogos/nfl/500/ten.png', 'opponentAbbr': 'TEN', 'site': 'v.', 'probability': 0.45985}, {'week': 8, 'opponent': 'New York Jets', 'opponentLogo': 'https://a.espncdn.com/i/teamlogos/nfl/500/nyj.png', 'opponentAbbr': 'NYJ', 'site': 'v.', 'probability': 0.4068}, {'week': 9, 'opponent': 'Denver Broncos', 'opponentLogo': 'https://a.espncdn.com/i/teamlogos/nfl/500/den.png', 'opponentAbbr': 'DEN', 'site': 'v.', 'probability': 0.5009}, {'week': 10, 'opponent': 'Miami Dolphins', 'opponentLogo': 'https://a.espncdn.com/i/teamlogos/nfl/500/mia.png', 'opponentAbbr': 'MIA', 'site': 'v.', 'probability': 0.4732}, {'week': 11, 'opponent': 'Pittsburgh Steelers', 'opponentLogo': 'https://a.espncdn.com/i/teamlogos/nfl/500/pit.png', 'opponentAbbr': 'PIT', 'site': '@', 'probability': 0.536}, {'week': 12, 'opponent': 'New England Patriots', 'opponentLogo': 'https://a.espncdn.com/i/teamlogos/nfl/500/ne.png', 'opponentAbbr': 'NEP', 'site': 'v.', 'probability': 0.59645}], 'bonusGames': [{'label': 'Q2 Bonus Game', 'week': 6, 'probability': 0.6828}, {'label': 'Q3 Bonus Game', 'week': 9, 'probability': 0.45525}, {'label': 'Q4 Bonus Game', 'week': 12, 'probability': 0.45525}, {'label': 'Regular Season Bonus Game', 'week': 12, 'probability': 0.53575}]}","{'weeks': [{'week': 1, 'points': 242.5, 'weeklyMoney': False, 'allPlayRecord': '27-4', 'allPlayPct': 0.8709677419354839}, {'week': 2, 'points': 177.5, 'weeklyMoney': False, 'allPlayRecord': '11-20', 'allPlayPct': 0.3548387096774194}, {'week': 3, 'points': 183.8, 'weeklyMoney': False, 'allPlayRecord': '10-21', 'allPlayPct': 0.3225806451612903}, {'week': 4, 'points': 221.1, 'weeklyMoney': False, 'allPlayRecord': '24-7', 'allPlayPct': 0.7741935483870968}], 'matchups': [{'week': 1, 'opponent': 'New York Jets', 'opponentLogo': 'https://a.espncdn.com/i/teamlogos/nfl/500/nyj.png', 'opponentAbbr': 'NYJ', 'site': '@', 'teamScore': 242.5, 'opponentScore': 179.2, 'result': 'W'}, {'week': 2, 'opponent': 'Jacksonville Jaguars', 'opponentLogo': 'https://a.espncdn.com/i/teamlogos/nfl/500/jax.png', 'opponentAbbr': 'JAC', 'site': '@', 'teamScore': 177.5, 'opponentScore': 291.8, 'result': 'L'}, {'week': 3, 'opponent': 'Miami Dolphins', 'opponentLogo': 'https://a.espncdn.com/i/teamlogos/nfl/500/mia.png', 'opponentAbbr': 'MIA', 'site': '@', 'teamScore': 183.8, 'opponentScore': 274.7, 'result': 'L'}, {'week': 4, 'opponent': 'Los Angeles Chargers', 'opponentLogo': 'https://a.espncdn.com/i/teamlogos/nfl/500/lac.png', 'opponentAbbr': 'LAC', 'site': '@', 'teamScore': 221.1, 'opponentScore': 212.0, 'result': 'W'}], 'bonusGames': [{'label': 'Q1 Bonus Game', 'week': 3, 'allPlayWins': 48.0, 'rank': 16, 'result': 'T'}]}",83-41,2-2,0-0-1,72-52,43.44758064516129
798.6,0032,Los Angeles Chargers,https://a.espncdn.com/i/teamlogos/nfl/500/lac.png,10,,,,2-3,0.5080645161290323,199.7,256.425,87.475,112.17500000000001,7.38385,47.2642876344086,10,NA,26%,14%,1%,0.2621,0.1377,0.0093,2820.0084971780534,"{'currentWins': 2.0, 'matchups': [{'week': 5, 'opponent': 'Kansas City Chiefs', 'opponentLogo': 'https://a.espncdn.com/i/teamlogos/nfl/500/kc.png', 'opponentAbbr': 'KCC', 'site': 'v.', 'probability': 0.4985}, {'week': 6, 'opponent': 'Indianapolis Colts', 'opponentLogo': 'https://a.espncdn.com/i/teamlogos/nfl/500/ind.png', 'opponentAbbr': 'IND', 'site': 'v.', 'probability': 0.4745}, {'week': 7, 'opponent': 'Pittsburgh Steelers', 'opponentLogo': 'https://a.espncdn.com/i/teamlogos/nfl/500/pit.png', 'opponentAbbr': 'PIT', 'site': '@', 'probability': 0.5083}, {'week': 8, 'opponent': 'Denver Broncos', 'opponentLogo': 'https://a.espncdn.com/i/teamlogos/nfl/500/den.png', 'opponentAbbr': 'DEN', 'site': '@', 'probability': 0.47305}, {'week': 9, 'opponent': 'New York Jets', 'opponentLogo': 'https://a.espncdn.com/i/teamlogos/nfl/500/nyj.png', 'opponentAbbr': 'NYJ', 'site': '@', 'probability': 0.38775}, {'week': 10, 'opponent': 'Las Vegas Raiders', 'opponentLogo': 'https://a.espncdn.com/i/teamlogos/nfl/500/lv.png', 'opponentAbbr': 'LVR', 'site': 'v.', 'probability': 0.4404}, {'week': 11, 'opponent': 'Tennessee Titans', 'opponentLogo': 'https://a.espncdn.com/i/teamlogos/nfl/500/ten.png', 'opponentAbbr': 'TEN', 'site': '@', 'probability': 0.4232}, {'week': 12, 'opponent': 'Kansas City Chiefs', 'opponentLogo': 'https://a.espncdn.com/i/teamlogos/nfl/500/kc.png', 'opponentAbbr': 'KCC', 'site': '@', 'probability': 0.5047}], 'bonusGames': [{'label': 'Q2 Bonus Game', 'week': 6, 'probability': 0.51205}, {'label': 'Q3 Bonus Game', 'week': 9, 'probability': 0.404}, {'label': 'Q4 Bonus Game', 'week': 12, 'probability': 0.404}, {'label': 'Regular Season Bonus Game', 'week': 12, 'probability': 0.3534}]}","{'weeks': [{'week': 1, 'points': 229.4, 'weeklyMoney': False, 'allPlayRecord': '23-8', 'allPlayPct': 0.7419354838709677}, {'week': 2, 'points': 155.1, 'weeklyMoney': False, 'allPlayRecord': '6-25', 'allPlayPct': 0.1935483870967742}, {'week': 3, 'points': 202.1, 'weeklyMoney': False, 'allPlayRecord': '15-16', 'allPlayPct': 0.4838709677419355}, {'week': 4, 'points': 212.0, 'weeklyMoney': False, 'allPlayRecord': '19-12', 'allPlayPct': 0.6129032258064516}], 'matchups': [{'week': 1, 'opponent': 'Denver Broncos', 'opponentLogo': 'https://a.espncdn.com/i/teamlogos/nfl/500/den.png', 'opponentAbbr': 'DEN', 'site': 'v.', 'teamScore': 229.4, 'opponentScore': 186.0, 'result': 'W'}, {'week': 2, 'opponent': 'Baltimore Ravens', 'opponentLogo': 'https://a.espncdn.com/i/teamlogos/nfl/500/bal.png', 'opponentAbbr': 'BAL', 'site': 'v.', 'teamScore': 155.1, 'opponentScore': 205.4, 'result': 'L'}, {'week': 3, 'opponent': 'Las Vegas Raiders', 'opponentLogo': 'https://a.espncdn.com/i/teamlogos/nfl/500/lv.png', 'opponentAbbr': 'LVR', 'site': '@', 'teamScore': 202.1, 'opponentScore': 172.1, 'result': 'W'}, {'week': 4, 'opponent': 'Buffalo Bills', 'opponentLogo': 'https://a.espncdn.com/i/teamlogos/nfl/500/buf.png', 'opponentAbbr': 'BUF', 'site': 'v.', 'teamScore': 212.0, 'opponentScore': 221.1, 'result': 'L'}], 'bonusGames': [{'label': 'Q1 Bonus Game', 'week': 3, 'allPlayWins': 44.0, 'rank': 18, 'result': 'L'}]}",72-52,2-2,0-1,63-61,48.5383064516129
702.6,0028,Tennessee Titans,https://a.espncdn.com/i/teamlogos/nfl/500/ten.png,11,,,,1-4,0.3709677419354839,175.7,217.5,87.15,88.49999999999999,7.3512,47.037271505376346,11,NA,24%,3%,1%,0.2383,0.0315,0.0064,2704.200508055398,"{'currentWins': 1.0, 'matchups': [{'week': 5, 'opponent': 'Indianapolis Colts', 'opponentLogo': 'https://a.espncdn.com/i/teamlogos/nfl/500/ind.png', 'opponentAbbr': 'IND', 'site': '@', 'probability': 0.5411}, {'week': 6, 'opponent': 'Kansas City Chiefs', 'opponentLogo': 'https://a.espncdn.com/i/teamlogos/nfl/500/kc.png', 'opponentAbbr': 'KCC', 'site': '@', 'probability': 0.569}, {'week': 7, 'opponent': 'Buffalo Bills', 'opponentLogo': 'https://a.espncdn.com/i/teamlogos/nfl/500/buf.png', 'opponentAbbr': 'BUF', 'site': '@', 'probability': 0.54015}, {'week': 8, 'opponent': 'Houston Texans', 'opponentLogo': 'https://a.espncdn.com/i/teamlogos/nfl/500/hou.png', 'opponentAbbr': 'HOU', 'site': 'v.', 'probability': 0.5045}, {'week': 9, 'opponent': 'Cleveland Browns', 'opponentLogo': 'https://a.espncdn.com/i/teamlogos/nfl/500/cle.png', 'opponentAbbr': 'CLE', 'site': '@', 'probability': 0.44095}, {'week': 10, 'opponent': 'Jacksonville Jaguars', 'opponentLogo': 'https://a.espncdn.com/i/teamlogos/nfl/500/jax.png', 'opponentAbbr': 'JAC', 'site': '@', 'probability': 0.4301}, {'week': 11, 'opponent': 'Los Angeles Chargers', 'opponentLogo': 'https://a.espncdn.com/i/teamlogos/nfl/500/lac.png', 'opponentAbbr': 'LAC', 'site': 'v.', 'probability': 0.5768}, {'week': 12, 'opponent': 'Indianapolis Colts', 'opponentLogo': 'https://a.espncdn.com/i/teamlogos/nfl/500/ind.png', 'opponentAbbr': 'IND', 'site': 'v.', 'probability': 0.52745}], 'bonusGames': [{'label': 'Q2 Bonus Game', 'week': 6, 'probability': 0.78135}, {'label': 'Q3 Bonus Game', 'week': 9, 'probability': 0.5477000000000001}, {'label': 'Q4 Bonus Game', 'week': 12, 'probability': 0.5477000000000001}, {'label': 'Regular Season Bonus Game', 'week': 12, 'probability': 0.3444}]}","{'weeks': [{'week': 1, 'points': 149.0, 'weeklyMoney': False, 'allPlayRecord': '5-26', 'allPlayPct': 0.16129032258064516}, {'week': 2, 'points': 182.8, 'weeklyMoney': False, 'allPlayRecord': '13-18', 'allPlayPct': 0.41935483870967744}, {'week': 3, 'points': 141.2, 'weeklyMoney': False, 'allPlayRecord': '2-29', 'allPlayPct': 0.06451612903225806}, {'week': 4, 'points': 229.6, 'weeklyMoney': False, 'allPlayRecord': '26-5', 'allPlayPct': 0.8387096774193549}], 'matchups': [{'week': 1, 'opponent': 'Houston Texans', 'opponentLogo': 'https://a.espncdn.com/i/teamlogos/nfl/500/hou.png', 'opponentAbbr': 'HOU', 'site': '@', 'teamScore': 149.0, 'opponentScore': 219.4, 'result': 'L'}, {'week': 2, 'opponent': 'Miami Dolphins', 'opponentLogo': 'https://a.espncdn.com/i/teamlogos/nfl/500/mia.png', 'opponentAbbr': 'MIA', 'site': 'v.', 'teamScore': 182.8, 'opponentScore': 245.6, 'result': 'L'}, {'week': 3, 'opponent': 'Jacksonville Jaguars', 'opponentLogo': 'https://a.espncdn.com/i/teamlogos/nfl/500/jax.png', 'opponentAbbr': 'JAC', 'site': 'v.', 'teamScore': 141.2, 'opponentScore': 252.4, 'result': 'L'}, {'week': 4, 'opponent': 'Pittsburgh Steelers', 'opponentLogo': 'https://a.espncdn.com/i/teamlogos/nfl/500/pit.png', 'opponentAbbr': 'PIT', 'site': 'v.', 'teamScore': 229.6, 'opponentScore': 186.4, 'result': 'W'}], 'bonusGames': [{'label': 'Q1 Bonus Game', 'week': 3, 'allPlayWins': 20.0, 'rank': 29, 'result': 'L'}]}",34-90,1-3,0-1,46-78,56.451612903225815
736.2,0021,Baltimore Ravens,https://a.espncdn.com/i/teamlogos/nfl/500/bal.png,12,,,,2-3,0.3588709677419355,184.1,233.925,88.275,95.77499999999999,7.106,44.391881720430106,12,NA,24%,15%,0%,0.2373,0.1546,0.0028,2754.0703625084925,"{'currentWins': 2.0, 'matchups': [{'week': 5, 'opponent': 'Cleveland Browns', 'opponentLogo': 'https://a.espncdn.com/i/teamlogos/nfl/500/cle.png', 'opponentAbbr': 'CLE', 'site': 'v.', 'probability': 0.3997}, {'week': 6, 'opponent': 'New York Jets', 'opponentLogo': 'https://a.espncdn.com/i/teamlogos/nfl/500/nyj.png', 'opponentAbbr': 'NYJ', 'site': '@', 'probability': 0.4125}, {'week': 7, 'opponent': 'Las Vegas Raiders', 'opponentLogo': 'https://a.espncdn.com/i/teamlogos/nfl/500/lv.png', 'opponentAbbr': 'LVR', 'site': 'v.', 'probability': 0.47055}, {'week': 8, 'opponent': 'Cincinnati Bengals', 'opponentLogo': 'https://a.espncdn.com/i/teamlogos/nfl/500/cin.png', 'opponentAbbr': 'CIN', 'site': '@', 'probability': 0.5404}, {'week': 9, 'opponent': 'Indianapolis Colts', 'opponentLogo': 'https://a.espncdn.com/i/teamlogos/nfl/500/ind.png', 'opponentAbbr': 'IND', 'site': 'v.', 'probability': 0.49625}, {'week': 10, 'opponent': 'Pittsburgh Steelers', 'opponentLogo': 'https://a.espncdn.com/i/teamlogos/nfl/500/pit.png', 'opponentAbbr': 'PIT', 'site': 'v.', 'probability': 0.5399}, {'week': 11, 'opponent': 'Miami Dolphins', 'opponentLogo': 'https://a.espncdn.com/i/teamlogos/nfl/500/mia.png', 'opponentAbbr': 'MIA', 'site': 'v.', 'probability': 0.4808}, {'week': 12, 'opponent': 'Cleveland Browns', 'opponentLogo': 'https://a.espncdn.com/i/teamlogos/nfl/500/cle.png', 'opponentAbbr': 'CLE', 'site': '@', 'probability': 0.41515}], 'bonusGames': [{'label': 'Q2 Bonus Game', 'week': 6, 'probability': 0.15885}, {'label': 'Q3 Bonus Game', 'week': 9, 'probability': 0.475475}, {'label': 'Q4 Bonus Game', 'week': 12, 'probability': 0.475475}, {'label': 'Regular Season Bonus Game', 'week': 12, 'probability': 0.24095}]}","{'weeks': [{'week': 1, 'points': 177.4, 'weeklyMoney': False, 'allPlayRecord': '8-23', 'allPlayPct': 0.25806451612903225}, {'week': 2, 'points': 205.4, 'weeklyMoney': False, 'allPlayRecord': '18-12-1', 'allPlayPct': 0.5967741935483871}, {'week': 3, 'points': 204.2, 'weeklyMoney': False, 'allPlayRecord': '16-15', 'allPlayPct': 0.5161290322580645}, {'week': 4, 'points': 149.2, 'weeklyMoney': False, 'allPlayRecord': '2-29', 'allPlayPct': 0.06451612903225806}], 'matchups': [{'week': 1, 'opponent': 'Cincinnati Bengals', 'opponentLogo': 'https://a.espncdn.com/i/teamlogos/nfl/500/cin.png', 'opponentAbbr': 'CIN', 'site': 'v.', 'teamScore': 177.4, 'opponentScore': 138.0, 'result': 'W'}, {'week': 2, 'opponent': 'Los Angeles Chargers', 'opponentLogo': 'https://a.espncdn.com/i/teamlogos/nfl/500/lac.png', 'opponentAbbr': 'LAC', 'site': '@', 'teamScore': 205.4, 'opponentScore': 155.1, 'result': 'W'}, {'week': 3, 'opponent': 'Pittsburgh Steelers', 'opponentLogo': 'https://a.espncdn.com/i/teamlogos/nfl/500/pit.png', 'opponentAbbr': 'PIT', 'site': '@', 'teamScore': 204.2, 'opponentScore': 208.2, 'result': 'L'}, {'week': 4, 'opponent': 'Jacksonville Jaguars', 'opponentLogo': 'https://a.espncdn.com/i/teamlogos/nfl/500/jax.png', 'opponentAbbr': 'JAC', 'site': '@', 'teamScore': 149.2, 'opponentScore': 187.2, 'result': 'L'}], 'bonusGames': [{'label': 'Q1 Bonus Game', 'week': 3, 'allPlayWins': 42.5, 'rank': 22, 'result': 'L'}]}",44-80,2-2,0-1,44-79-1,52.570564516129025
698.8,0030,Kansas City Chiefs,https://a.espncdn.com/i/teamlogos/nfl/500/kc.png,13,,,,1-4,0.3225806451612903,174.7,210.85,95.825,78.875,6.11295,41.21116935483871,13,NA,12%,5%,0%,0.1168,0.0504,0.001,2633.1210802055857,"{'currentWins': 1.0, 'matchups': [{'week': 5, 'opponent': 'Los Angeles Chargers', 'opponentLogo': 'https://a.espncdn.com/i/teamlogos/nfl/500/lac.png', 'opponentAbbr': 'LAC', 'site': '@', 'probability': 0.5015}, {'week': 6, 'opponent': 'Tennessee Titans', 'opponentLogo': 'https://a.espncdn.com/i/teamlogos/nfl/500/ten.png', 'opponentAbbr': 'TEN', 'site': 'v.', 'probability': 0.431}, {'week': 7, 'opponent': 'Cincinnati Bengals', 'opponentLogo': 'https://a.espncdn.com/i/teamlogos/nfl/500/cin.png', 'opponentAbbr': 'CIN', 'site': '@', 'probability': 0.5157}, {'week': 8, 'opponent': 'Las Vegas Raiders', 'opponentLogo': 'https://a.espncdn.com/i/teamlogos/nfl/500/lv.png', 'opponentAbbr': 'LVR', 'site': 'v.', 'probability': 0.437}, {'week': 9, 'opponent': 'Miami Dolphins', 'opponentLogo': 'https://a.espncdn.com/i/teamlogos/nfl/500/mia.png', 'opponentAbbr': 'MIA', 'site': '@', 'probability': 0.4576}, {'week': 10, 'opponent': 'Denver Broncos', 'opponentLogo': 'https://a.espncdn.com/i/teamlogos/nfl/500/den.png', 'opponentAbbr': 'DEN', 'site': '@', 'probability': 0.47655}, {'week': 11, 'opponent': 'Indianapolis Colts', 'opponentLogo': 'https://a.espncdn.com/i/teamlogos/nfl/500/ind.png', 'opponentAbbr': 'IND', 'site': '@', 'probability': 0.47135}, {'week': 12, 'opponent': 'Los Angeles Chargers', 'opponentLogo': 'https://a.espncdn.com/i/teamlogos/nfl/500/lac.png', 'opponentAbbr': 'LAC', 'site': 'v.', 'probability': 0.4953}], 'bonusGames': [{'label': 'Q2 Bonus Game', 'week': 6, 'probability': 0.36855}, {'label': 'Q3 Bonus Game', 'week': 9, 'probability': 0.407325}, {'label': 'Q4 Bonus Game', 'week': 12, 'probability': 0.407325}, {'label': 'Regular Season Bonus Game', 'week': 12, 'probability': 0.14375}]}","{'weeks': [{'week': 1, 'points': 219.6, 'weeklyMoney': False, 'allPlayRecord': '19-12', 'allPlayPct': 0.6129032258064516}, {'week': 2, 'points': 122.8, 'weeklyMoney': False, 'allPlayRecord': '1-30', 'allPlayPct': 0.03225806451612903}, {'week': 3, 'points': 166.5, 'weeklyMoney': False, 'allPlayRecord': '6-25', 'allPlayPct': 0.1935483870967742}, {'week': 4, 'points': 189.9, 'weeklyMoney': False, 'allPlayRecord': '14-17', 'allPlayPct': 0.45161290322580644}], 'matchups': [{'week': 1, 'opponent': 'Las Vegas Raiders', 'opponentLogo': 'https://a.espncdn.com/i/teamlogos/nfl/500/lv.png', 'opponentAbbr': 'LVR', 'site': '@', 'teamScore': 219.6, 'opponentScore': 268.1, 'result': 'L'}, {'week': 2, 'opponent': 'Cleveland Browns', 'opponentLogo': 'https://a.espncdn.com/i/teamlogos/nfl/500/cle.png', 'opponentAbbr': 'CLE', 'site': 'v.', 'teamScore': 122.8, 'opponentScore': 187.2, 'result': 'L'}, {'week': 3, 'opponent': 'Denver Broncos', 'opponentLogo': 'https://a.espncdn.com/i/teamlogos/nfl/500/den.png', 'opponentAbbr': 'DEN', 'site': 'v.', 'teamScore': 166.5, 'opponentScore': 276.8, 'result': 'L'}, {'week': 4, 'opponent': 'New England Patriots', 'opponentLogo': 'https://a.espncdn.com/i/teamlogos/nfl/500/ne.png', 'opponentAbbr': 'NEP', 'site': 'v.', 'teamScore': 189.9, 'opponentScore': 159.4, 'result': 'W'}], 'bonusGames': [{'label': 'Q1 Bonus Game', 'week': 3, 'allPlayWins': 26.0, 'rank': 27, 'result': 'L'}]}",26-98,1-3,0-1,40-84,52.82258064516129
694.6,0024,Pittsburgh Steelers,https://a.espncdn.com/i/teamlogos/nfl/500/pit.png,14,,,,1-4,0.2903225806451613,173.7,227.22499999999997,74.425,99.22500000000001,5.96285,39.69387096774194,14,NA,11%,7%,0%,0.1117,0.066,0.0011,2691.1079145684307,"{'currentWins': 1.0, 'matchups': [{'week': 5, 'opponent': 'Cincinnati Bengals', 'opponentLogo': 'https://a.espncdn.com/i/teamlogos/nfl/500/cin.png', 'opponentAbbr': 'CIN', 'site': 'v.', 'probability': 0.49695}, {'week': 6, 'opponent': 'New England Patriots', 'opponentLogo': 'https://a.espncdn.com/i/teamlogos/nfl/500/ne.png', 'opponentAbbr': 'NEP', 'site': '@', 'probability': 0.5636}, {'week': 7, 'opponent': 'Los Angeles Chargers', 'opponentLogo': 'https://a.espncdn.com/i/teamlogos/nfl/500/lac.png', 'opponentAbbr': 'LAC', 'site': 'v.', 'probability': 0.4917}, {'week': 8, 'opponent': 'Cleveland Browns', 'opponentLogo': 'https://a.espncdn.com/i/teamlogos/nfl/500/cle.png', 'opponentAbbr': 'CLE', 'site': '@', 'probability': 0.3765}, {'week': 9, 'opponent': 'Houston Texans', 'opponentLogo': 'https://a.espncdn.com/i/teamlogos/nfl/500/hou.png', 'opponentAbbr': 'HOU', 'site': 'v.', 'probability': 0.434}, {'week': 10, 'opponent': 'Baltimore Ravens', 'opponentLogo': 'https://a.espncdn.com/i/teamlogos/nfl/500/bal.png', 'opponentAbbr': 'BAL', 'site': '@', 'probability': 0.4601}, {'week': 11, 'opponent': 'Buffalo Bills', 'opponentLogo': 'https://a.espncdn.com/i/teamlogos/nfl/500/buf.png', 'opponentAbbr': 'BUF', 'site': 'v.', 'probability': 0.464}, {'week': 12, 'opponent': 'Cincinnati Bengals', 'opponentLogo': 'https://a.espncdn.com/i/teamlogos/nfl/500/cin.png', 'opponentAbbr': 'CIN', 'site': '@', 'probability': 0.5077}], 'bonusGames': [{'label': 'Q2 Bonus Game', 'week': 6, 'probability': 0.27}, {'label': 'Q3 Bonus Game', 'week': 9, 'probability': 0.394425}, {'label': 'Q4 Bonus Game', 'week': 12, 'probability': 0.394425}, {'label': 'Regular Season Bonus Game', 'week': 12, 'probability': 0.10945}]}","{'weeks': [{'week': 1, 'points': 146.2, 'weeklyMoney': False, 'allPlayRecord': '4-27', 'allPlayPct': 0.12903225806451613}, {'week': 2, 'points': 153.8, 'weeklyMoney': False, 'allPlayRecord': '4-27', 'allPlayPct': 0.12903225806451613}, {'week': 3, 'points': 208.2, 'weeklyMoney': False, 'allPlayRecord': '18-13', 'allPlayPct': 0.5806451612903226}, {'week': 4, 'points': 186.4, 'weeklyMoney': False, 'allPlayRecord': '10-21', 'allPlayPct': 0.3225806451612903}], 'matchups': [{'week': 1, 'opponent': 'Cleveland Browns', 'opponentLogo': 'https://a.espncdn.com/i/teamlogos/nfl/500/cle.png', 'opponentAbbr': 'CLE', 'site': 'v.', 'teamScore': 146.2, 'opponentScore': 230.4, 'result': 'L'}, {'week': 2, 'opponent': 'Las Vegas Raiders', 'opponentLogo': 'https://a.espncdn.com/i/teamlogos/nfl/500/lv.png', 'opponentAbbr': 'LVR', 'site': '@', 'teamScore': 153.8, 'opponentScore': 170.7, 'result': 'L'}, {'week': 3, 'opponent': 'Baltimore Ravens', 'opponentLogo': 'https://a.espncdn.com/i/teamlogos/nfl/500/bal.png', 'opponentAbbr': 'BAL', 'site': 'v.', 'teamScore': 208.2, 'opponentScore': 204.2, 'result': 'W'}, {'week': 4, 'opponent': 'Tennessee Titans', 'opponentLogo': 'https://a.espncdn.com/i/teamlogos/nfl/500/ten.png', 'opponentAbbr': 'TEN', 'site': '@', 'teamScore': 186.4, 'opponentScore': 229.6, 'result': 'L'}], 'bonusGames': [{'label': 'Q1 Bonus Game', 'week': 3, 'allPlayWins': 26.0, 'rank': 28, 'result': 'L'}]}",50-74,1-3,0-1,36-88,40.12096774193548
684.6,0019,New England Patriots,https://a.espncdn.com/i/teamlogos/nfl/500/ne.png,15,,,,0-5,0.2620967741935484,171.2,219.9,82.65,88.5,3.75625,34.183346774193545,16,NA,1%,0%,0%,0.0137,0.0017,0.0001,2584.8624959102863,"{'currentWins': 0.0, 'matchups': [{'week': 5, 'opponent': 'Buffalo Bills', 'opponentLogo': 'https://a.espncdn.com/i/teamlogos/nfl/500/buf.png', 'opponentAbbr': 'BUF', 'site': 'v.', 'probability': 0.40055}, {'week': 6, 'opponent': 'Pittsburgh Steelers', 'opponentLogo': 'https://a.espncdn.com/i/teamlogos/nfl/500/pit.png', 'opponentAbbr': 'PIT', 'site': 'v.', 'probability': 0.4364}, {'week': 7, 'opponent': 'Indianapolis Colts', 'opponentLogo': 'https://a.espncdn.com/i/teamlogos/nfl/500/ind.png', 'opponentAbbr': 'IND', 'site': 'v.', 'probability': 0.3937}, {'week': 8, 'opponent': 'Miami Dolphins', 'opponentLogo': 'https://a.espncdn.com/i/teamlogos/nfl/500/mia.png', 'opponentAbbr': 'MIA', 'site': '@', 'probability': 0.38565}, {'week': 9, 'opponent': 'Las Vegas Raiders', 'opponentLogo': 'https://a.espncdn.com/i/teamlogos/nfl/500/lv.png', 'opponentAbbr': 'LVR', 'site': 'v.', 'probability': 0.37305}, {'week': 10, 'opponent': 'New York Jets', 'opponentLogo': 'https://a.espncdn.com/i/teamlogos/nfl/500/nyj.png', 'opponentAbbr': 'NYJ', 'site': '@', 'probability': 0.29755}, {'week': 11, 'opponent': 'Cincinnati Bengals', 'opponentLogo': 'https://a.espncdn.com/i/teamlogos/nfl/500/cin.png', 'opponentAbbr': 'CIN', 'site': '@', 'probability': 0.4343}, {'week': 12, 'opponent': 'Buffalo Bills', 'opponentLogo': 'https://a.espncdn.com/i/teamlogos/nfl/500/buf.png', 'opponentAbbr': 'BUF', 'site': '@', 'probability': 0.40355}], 'bonusGames': [{'label': 'Q2 Bonus Game', 'week': 6, 'probability': 0.0905}, {'label': 'Q3 Bonus Game', 'week': 9, 'probability': 0.255}, {'label': 'Q4 Bonus Game', 'week': 12, 'probability': 0.255}, {'label': 'Regular Season Bonus Game', 'week': 12, 'probability': 0.031}]}","{'weeks': [{'week': 1, 'points': 209.3, 'weeklyMoney': False, 'allPlayRecord': '16-14-1', 'allPlayPct': 0.532258064516129}, {'week': 2, 'points': 140.3, 'weeklyMoney': False, 'allPlayRecord': '3-28', 'allPlayPct': 0.0967741935483871}, {'week': 3, 'points': 175.6, 'weeklyMoney': False, 'allPlayRecord': '9-22', 'allPlayPct': 0.2903225806451613}, {'week': 4, 'points': 159.4, 'weeklyMoney': False, 'allPlayRecord': '4-27', 'allPlayPct': 0.12903225806451613}], 'matchups': [{'week': 1, 'opponent': 'Miami Dolphins', 'opponentLogo': 'https://a.espncdn.com/i/teamlogos/nfl/500/mia.png', 'opponentAbbr': 'MIA', 'site': 'v.', 'teamScore': 209.3, 'opponentScore': 252.1, 'result': 'L'}, {'week': 2, 'opponent': 'Houston Texans', 'opponentLogo': 'https://a.espncdn.com/i/teamlogos/nfl/500/hou.png', 'opponentAbbr': 'HOU', 'site': '@', 'teamScore': 140.3, 'opponentScore': 214.3, 'result': 'L'}, {'week': 3, 'opponent': 'New York Jets', 'opponentLogo': 'https://a.espncdn.com/i/teamlogos/nfl/500/nyj.png', 'opponentAbbr': 'NYJ', 'site': 'v.', 'teamScore': 175.6, 'opponentScore': 235.7, 'result': 'L'}, {'week': 4, 'opponent': 'Kansas City Chiefs', 'opponentLogo': 'https://a.espncdn.com/i/teamlogos/nfl/500/kc.png', 'opponentAbbr': 'KCC', 'site': '@', 'teamScore': 159.4, 'opponentScore': 189.9, 'result': 'L'}], 'bonusGames': [{'label': 'Q1 Bonus Game', 'week': 3, 'allPlayWins': 28.5, 'rank': 26, 'result': 'L'}]}",36-88,0-4,0-1,32-91-1,53.98185483870967
636.5,0022,Cincinnati Bengals,https://a.espncdn.com/i/teamlogos/nfl/500/cin.png,16,,,,1-4,0.15725806451612903,159.1,203.7,74.15,84.975,5.6922,34.977540322580644,15,NA,8%,5%,0%,0.0806,0.0514,0.0,2571.405671325829,"{'currentWins': 1.0, 'matchups': [{'week': 5, 'opponent': 'Pittsburgh Steelers', 'opponentLogo': 'https://a.espncdn.com/i/teamlogos/nfl/500/pit.png', 'opponentAbbr': 'PIT', 'site': '@', 'probability': 0.50305}, {'week': 6, 'opponent': 'Buffalo Bills', 'opponentLogo': 'https://a.espncdn.com/i/teamlogos/nfl/500/buf.png', 'opponentAbbr': 'BUF', 'site': '@', 'probability': 0.4627}, {'week': 7, 'opponent': 'Kansas City Chiefs', 'opponentLogo': 'https://a.espncdn.com/i/teamlogos/nfl/500/kc.png', 'opponentAbbr': 'KCC', 'site': 'v.', 'probability': 0.4843}, {'week': 8, 'opponent': 'Baltimore Ravens', 'opponentLogo': 'https://a.espncdn.com/i/teamlogos/nfl/500/bal.png', 'opponentAbbr': 'BAL', 'site': 'v.', 'probability': 0.4596}, {'week': 9, 'opponent': 'Jacksonville Jaguars', 'opponentLogo': 'https://a.espncdn.com/i/teamlogos/nfl/500/jax.png', 'opponentAbbr': 'JAC', 'site': 'v.', 'probability': 0.36225}, {'week': 10, 'opponent': 'Cleveland Browns', 'opponentLogo': 'https://a.espncdn.com/i/teamlogos/nfl/500/cle.png', 'opponentAbbr': 'CLE', 'site': 'v.', 'probability': 0.368}, {'week': 11, 'opponent': 'New England Patriots', 'opponentLogo': 'https://a.espncdn.com/i/teamlogos/nfl/500/ne.png', 'opponentAbbr': 'NEP', 'site': 'v.', 'probability': 0.5657}, {'week': 12, 'opponent': 'Pittsburgh Steelers', 'opponentLogo': 'https://a.espncdn.com/i/teamlogos/nfl/500/pit.png', 'opponentAbbr': 'PIT', 'site': 'v.', 'probability': 0.4923}], 'bonusGames': [{'label': 'Q2 Bonus Game', 'week': 6, 'probability': 0.18805}, {'label': 'Q3 Bonus Game', 'week': 9, 'probability': 0.3823}, {'label': 'Q4 Bonus Game', 'week': 12, 'probability': 0.3823}, {'label': 'Regular Season Bonus Game', 'week': 12, 'probability': 0.04165}]}","{'weeks': [{'week': 1, 'points': 138.0, 'weeklyMoney': False, 'allPlayRecord': '1-29-1', 'allPlayPct': 0.04838709677419355}, {'week': 2, 'points': 161.3, 'weeklyMoney': False, 'allPlayRecord': '7-24', 'allPlayPct': 0.22580645161290322}, {'week': 3, 'points': 165.4, 'weeklyMoney': False, 'allPlayRecord': '5-26', 'allPlayPct': 0.16129032258064516}, {'week': 4, 'points': 171.8, 'weeklyMoney': False, 'allPlayRecord': '6-25', 'allPlayPct': 0.1935483870967742}], 'matchups': [{'week': 1, 'opponent': 'Baltimore Ravens', 'opponentLogo': 'https://a.espncdn.com/i/teamlogos/nfl/500/bal.png', 'opponentAbbr': 'BAL', 'site': '@', 'teamScore': 138.0, 'opponentScore': 177.4, 'result': 'L'}, {'week': 2, 'opponent': 'Denver Broncos', 'opponentLogo': 'https://a.espncdn.com/i/teamlogos/nfl/500/den.png', 'opponentAbbr': 'DEN', 'site': '@', 'teamScore': 161.3, 'opponentScore': 236.6, 'result': 'L'}, {'week': 3, 'opponent': 'Cleveland Browns', 'opponentLogo': 'https://a.espncdn.com/i/teamlogos/nfl/500/cle.png', 'opponentAbbr': 'CLE', 'site': '@', 'teamScore': 165.4, 'opponentScore': 161.8, 'result': 'W'}, {'week': 4, 'opponent': 'Indianapolis Colts', 'opponentLogo': 'https://a.espncdn.com/i/teamlogos/nfl/500/ind.png', 'opponentAbbr': 'IND', 'site': '@', 'teamScore': 171.8, 'opponentScore': 194.7, 'result': 'L'}], 'bonusGames': [{'label': 'Q1 Bonus Game', 'week': 3, 'allPlayWins': 13.5, 'rank': 31, 'result': 'L'}]}",24-100,1-3,0-1,19-104-1,41.53225806451613
