"season","week","franchise_id","points","potential","off","division","conference","allplay","def"
2020,1,"0001",251.7,277.9,118.7,"00","00",0.935483870967742,133
2020,1,"0002",158.8,215.7,88.4,"00","00",0.161290322580645,70.4
2020,1,"0003",157.9,196.9,79.3,"00","00",0.129032258064516,78.6
2020,1,"0004",136,206.3,36.7,"00","00",0,99.3
2020,1,"0005",225.9,281.8,114.3,"01","00",0.806451612903226,111.6
2020,1,"0006",146.6,194.8,73.9,"01","00",0.032258064516129,72.7
2020,1,"0007",253.1,292,166.6,"01","00",0.967741935483871,86.5
2020,1,"0008",190,229.5,100.1,"01","00",0.451612903225806,89.9
2020,1,"0009",198.8,233.8,89.6,"02","00",0.483870967741935,109.2
2020,1,"0010",176.5,235.3,87.3,"02","00",0.32258064516129,89.2
2020,1,"0011",208.3,260.4,122.2,"02","00",0.580645161290323,86.1
2020,1,"0012",209.4,233.2,81.9,"02","00",0.612903225806452,127.5
2020,1,"0013",175.4,213.1,77.9,"03","00",0.290322580645161,97.5
2020,1,"0014",178.9,234,108.3,"03","00",0.354838709677419,70.6
2020,1,"0015",258.2,302.6,155.1,"03","00",1,103.1
2020,1,"0016",224.5,279.5,99.7,"03","00",0.774193548387097,124.8
2020,1,"0017",220.9,238.2,124.6,"04","01",0.741935483870968,96.3
2020,1,"0018",220.2,302.9,90,"04","01",0.709677419354839,130.2
2020,1,"0019",154.5,246.3,57,"04","01",0.0645161290322581,97.5
2020,1,"0020",169.5,212,83,"04","01",0.258064516129032,86.5
2020,1,"0021",182.2,228.3,94.2,"05","01",0.387096774193548,88
2020,1,"0022",227.8,268.1,131.5,"05","01",0.838709677419355,96.3
2020,1,"0023",216.1,260.9,123.4,"05","01",0.67741935483871,92.7
2020,1,"0024",157.6,198.8,79.4,"05","01",0.0967741935483871,78.2
2020,1,"0025",214,226.6,138.3,"06","01",0.645161290322581,75.7
2020,1,"0026",230.2,251.7,135.2,"06","01",0.903225806451613,95
2020,1,"0027",229.9,273.4,146.1,"06","01",0.870967741935484,83.8
2020,1,"0028",198.9,258,81.4,"06","01",0.516129032258065,117.5
2020,1,"0029",187.9,201.7,92.2,"07","01",0.419354838709677,95.7
2020,1,"0030",204.8,254.4,119.4,"07","01",0.548387096774194,85.4
2020,1,"0031",160.9,215.3,63.9,"07","01",0.193548387096774,97
2020,1,"0032",167.2,212.2,79.6,"07","01",0.225806451612903,87.6
2020,2,"0001",232,313.2,162.7,"00","00",0.516129032258065,69.3
2020,2,"0002",254.6,278.6,122,"00","00",0.870967741935484,132.6
2020,2,"0003",134.9,170.5,77.2,"00","00",0.032258064516129,57.7
2020,2,"0004",136.4,221.5,54.1,"00","00",0.0645161290322581,82.3
2020,2,"0005",240.1,264.4,102.5,"01","00",0.67741935483871,137.6
2020,2,"0006",210.8,264.6,152.4,"01","00",0.32258064516129,58.4
2020,2,"0007",249,287.9,121.8,"01","00",0.774193548387097,127.2
2020,2,"0008",237.6,296.3,91,"01","00",0.612903225806452,146.6
2020,2,"0009",214.3,253.7,83.1,"02","00",0.354838709677419,131.2
2020,2,"0010",192.4,242.4,134.2,"02","00",0.193548387096774,58.2
2020,2,"0011",257.8,321.1,144,"02","00",0.935483870967742,113.8
2020,2,"0012",215.9,240.9,112,"02","00",0.387096774193548,103.9
2020,2,"0013",128.8,189.1,62.6,"03","00",0,66.2
2020,2,"0014",163.1,211.2,75.1,"03","00",0.0967741935483871,88
2020,2,"0015",219.3,295,134.3,"03","00",0.451612903225806,85
2020,2,"0016",263.9,298.7,160,"03","00",0.967741935483871,103.9
2020,2,"0017",231,243.2,139.5,"04","01",0.483870967741935,91.5
2020,2,"0018",171.7,229.6,58.1,"04","01",0.129032258064516,113.6
2020,2,"0019",264,322.6,152.9,"04","01",1,111.1
2020,2,"0020",251.8,282.3,156.1,"04","01",0.806451612903226,95.7
2020,2,"0021",218.8,249.7,110.8,"05","01",0.419354838709677,108
2020,2,"0022",244.5,283.1,134,"05","01",0.709677419354839,110.5
2020,2,"0023",201.2,261.7,127.3,"05","01",0.225806451612903,73.9
2020,2,"0024",210.7,285.3,116.5,"05","01",0.290322580645161,94.2
2020,2,"0025",239,272.7,167.2,"06","01",0.645161290322581,71.8
2020,2,"0026",247.5,269.7,166.4,"06","01",0.741935483870968,81.1
2020,2,"0027",256.7,279.8,155.3,"06","01",0.903225806451613,101.4
2020,2,"0028",233.9,250.1,111.9,"06","01",0.548387096774194,122
2020,2,"0029",252.3,294,118.1,"07","01",0.838709677419355,134.2
2020,2,"0030",208,239.2,94.2,"07","01",0.258064516129032,113.8
2020,2,"0031",235.1,275.9,135.8,"07","01",0.580645161290323,99.3
2020,2,"0032",173.4,231.3,95.8,"07","01",0.161290322580645,77.6
2020,3,"0001",231.9,295.8,115.4,"00","00",0.709677419354839,116.5
2020,3,"0002",187.1,217.1,126.3,"00","00",0.32258064516129,60.8
2020,3,"0003",204.8,271,113.2,"00","00",0.483870967741935,91.6
2020,3,"0004",157.4,192,69.9,"00","00",0.032258064516129,87.5
2020,3,"0005",244.6,268.5,132.9,"01","00",0.82258064516129,111.7
2020,3,"0006",174.1,230.5,96.8,"01","00",0.225806451612903,77.3
2020,3,"0007",166.2,207.1,82.9,"01","00",0.161290322580645,83.3
2020,3,"0008",254.8,280.6,122.3,"01","00",0.935483870967742,132.5
2020,3,"0009",239.1,258.4,95,"02","00",0.741935483870968,144.1
2020,3,"0010",161.8,203.1,72.4,"02","00",0.0967741935483871,89.4
2020,3,"0011",239.2,284.9,146.3,"02","00",0.774193548387097,92.9
2020,3,"0012",195.6,238.5,83.8,"02","00",0.387096774193548,111.8
2020,3,"0013",259.6,278,122.7,"03","00",1,136.9
2020,3,"0014",154.1,238.2,68.3,"03","00",0,85.8
2020,3,"0015",158,205.5,69.4,"03","00",0.0645161290322581,88.6
2020,3,"0016",247.5,272.1,157.5,"03","00",0.903225806451613,90
2020,3,"0017",216.3,244.3,147.3,"04","01",0.645161290322581,69
2020,3,"0018",244.7,258.1,124.6,"04","01",0.870967741935484,120.1
2020,3,"0019",170,246.5,52.3,"04","01",0.193548387096774,117.7
2020,3,"0020",255.1,268.5,144.6,"04","01",0.967741935483871,110.5
2020,3,"0021",211.1,253,79.1,"05","01",0.612903225806452,132
2020,3,"0022",206.9,256.2,107,"05","01",0.548387096774194,99.9
2020,3,"0023",164.6,247.1,76.3,"05","01",0.129032258064516,88.3
2020,3,"0024",197.2,256.6,95.2,"05","01",0.419354838709677,102
2020,3,"0025",208.3,236.5,127.4,"06","01",0.580645161290323,80.9
2020,3,"0026",200.1,225.7,109.1,"06","01",0.451612903225806,91
2020,3,"0027",194.1,282.2,93.1,"06","01",0.354838709677419,101
2020,3,"0028",184.6,222.6,89.2,"06","01",0.258064516129032,95.4
2020,3,"0029",230.2,247.4,140.8,"07","01",0.67741935483871,89.4
2020,3,"0030",206.7,233.7,69.3,"07","01",0.516129032258065,137.4
2020,3,"0031",244.6,268.5,134.1,"07","01",0.82258064516129,110.5
2020,3,"0032",186.5,239.3,98.5,"07","01",0.290322580645161,88
2020,4,"0001",207.5,266.6,131.1,"00","00",0.580645161290323,76.4
2020,4,"0002",222.4,265.3,126.2,"00","00",0.806451612903226,96.2
2020,4,"0003",212.5,253.9,119.7,"00","00",0.645161290322581,92.8
2020,4,"0004",214.5,227.7,111,"00","00",0.67741935483871,103.5
2020,4,"0005",162.5,179.5,85.5,"01","00",0.225806451612903,77
2020,4,"0006",138.4,187.2,73.7,"01","00",0,64.7
2020,4,"0007",239.7,262.1,184.9,"01","00",0.838709677419355,54.8
2020,4,"0008",154.7,222.4,66.1,"01","00",0.129032258064516,88.6
2020,4,"0009",216.7,254,114.9,"02","00",0.741935483870968,101.8
2020,4,"0010",156.3,186.9,92,"02","00",0.161290322580645,64.3
2020,4,"0011",280.3,295.3,178.5,"02","00",1,101.8
2020,4,"0012",184.6,210.8,78.9,"02","00",0.354838709677419,105.7
2020,4,"0013",179.5,241.8,81.2,"03","00",0.32258064516129,98.3
2020,4,"0014",218,248.7,145.4,"03","00",0.774193548387097,72.6
2020,4,"0015",194.2,222.9,143,"03","00",0.419354838709677,51.2
2020,4,"0016",149.4,209.4,63.9,"03","00",0.0645161290322581,85.5
2020,4,"0017",254,261.1,164.6,"04","01",0.935483870967742,89.4
2020,4,"0018",175.6,213.1,90.2,"04","01",0.290322580645161,85.4
2020,4,"0019",208.7,244.2,136.1,"04","01",0.612903225806452,72.6
2020,4,"0020",254.9,258.2,166.1,"04","01",0.967741935483871,88.8
2020,4,"0021",205.8,266.3,124.4,"05","01",0.548387096774194,81.4
2020,4,"0022",248.8,255.7,144.8,"05","01",0.870967741935484,104
2020,4,"0023",142.4,178.9,55.8,"05","01",0.032258064516129,86.6
2020,4,"0024",198.6,268,111.2,"05","01",0.451612903225806,87.4
2020,4,"0025",161.3,221.3,53.5,"06","01",0.193548387096774,107.8
2020,4,"0026",215.7,285.7,137,"06","01",0.709677419354839,78.7
2020,4,"0027",253.5,277.2,161.3,"06","01",0.903225806451613,92.2
2020,4,"0028",186.6,219,99.9,"06","01",0.387096774193548,86.7
2020,4,"0029",203.3,222,100.6,"07","01",0.516129032258065,102.7
2020,4,"0030",150.7,187.3,79.2,"07","01",0.0967741935483871,71.5
2020,4,"0031",199,207.9,127,"07","01",0.483870967741935,72
2020,4,"0032",169.7,211.1,117.8,"07","01",0.258064516129032,51.9
2020,5,"0001",140.8,213.2,57,"00","00",0.0645161290322581,83.8
2020,5,"0002",181.3,260.3,95,"00","00",0.419354838709677,86.3
2020,5,"0003",189.5,196.9,94.1,"00","00",0.548387096774194,95.4
2020,5,"0004",119.6,149.3,63.1,"00","00",0,56.5
2020,5,"0005",250.9,292.6,104,"01","00",0.967741935483871,146.9
2020,5,"0006",240.7,265.1,155.8,"01","00",0.919354838709677,84.9
2020,5,"0007",177.4,205.9,101.3,"01","00",0.387096774193548,76.1
2020,5,"0008",236.5,262.6,125.4,"01","00",0.870967741935484,111.1
2020,5,"0009",204.9,256.7,107,"02","00",0.67741935483871,97.9
2020,5,"0010",162,172.8,112.4,"02","00",0.258064516129032,49.6
2020,5,"0011",133.1,186.5,93,"02","00",0.032258064516129,40.1
2020,5,"0012",240.7,246,124.8,"02","00",0.919354838709677,115.9
2020,5,"0013",195.3,213.2,87.2,"03","00",0.580645161290323,108.1
2020,5,"0014",169,275.7,96.8,"03","00",0.32258064516129,72.2
2020,5,"0015",189.3,202.6,102,"03","00",0.516129032258065,87.3
2020,5,"0016",188.4,224.7,122.4,"03","00",0.483870967741935,66
2020,5,"0017",161.2,184.6,103.4,"04","01",0.225806451612903,57.8
2020,5,"0018",163.8,175.2,76.3,"04","01",0.290322580645161,87.5
2020,5,"0019",202.2,232.2,110.2,"04","01",0.612903225806452,92
2020,5,"0020",219.8,240.8,95.5,"04","01",0.741935483870968,124.3
2020,5,"0021",235.3,292.4,150.3,"05","01",0.806451612903226,85
2020,5,"0022",142.7,213.9,55.6,"05","01",0.0967741935483871,87.1
2020,5,"0023",218.8,258.5,80.8,"05","01",0.709677419354839,138
2020,5,"0024",185.3,210.3,106.1,"05","01",0.451612903225806,79.2
2020,5,"0025",257.6,269.1,186.6,"06","01",1,71
2020,5,"0026",202.8,262.4,85.5,"06","01",0.645161290322581,117.3
2020,5,"0027",220.4,287.9,117.8,"06","01",0.774193548387097,102.6
2020,5,"0028",151.2,186.8,92.6,"06","01",0.161290322580645,58.6
2020,5,"0029",235.8,258.8,119.1,"07","01",0.838709677419355,116.7
2020,5,"0030",175.4,178.4,72.7,"07","01",0.354838709677419,102.7
2020,5,"0031",148.8,191.3,72.1,"07","01",0.129032258064516,76.7
2020,5,"0032",161.1,178.7,87.2,"07","01",0.193548387096774,73.9
2020,6,"0001",275,338.8,162.9,"00","00",1,112.1
2020,6,"0002",156.2,177.5,67.2,"00","00",0.225806451612903,89
2020,6,"0003",160.8,172,64.5,"00","00",0.258064516129032,96.3
2020,6,"0004",196,253.8,108.2,"00","00",0.548387096774194,87.8
2020,6,"0005",254.7,267.9,115.5,"01","00",0.903225806451613,139.2
2020,6,"0006",234.4,258.6,128.8,"01","00",0.806451612903226,105.6
2020,6,"0007",94.2,149.4,20.9,"01","00",0,73.3
2020,6,"0008",120.3,182,66.4,"01","00",0.032258064516129,53.9
2020,6,"0009",168.2,209.7,38,"02","00",0.32258064516129,130.2
2020,6,"0010",211.1,235.5,114.6,"02","00",0.67741935483871,96.5
2020,6,"0011",165.6,216.7,73.2,"02","00",0.290322580645161,92.4
2020,6,"0012",232.4,289.6,87.8,"02","00",0.774193548387097,144.6
2020,6,"0013",234.6,237.4,134.7,"03","00",0.838709677419355,99.9
2020,6,"0014",201.8,231,96.9,"03","00",0.612903225806452,104.9
2020,6,"0015",140.1,208.5,13.9,"03","00",0.0645161290322581,126.2
2020,6,"0016",183.9,190.6,73.2,"03","00",0.419354838709677,110.7
2020,6,"0017",180.9,206.7,76,"04","01",0.354838709677419,104.9
2020,6,"0018",208.8,293.5,69.2,"04","01",0.645161290322581,139.6
2020,6,"0019",200.8,265.4,93.2,"04","01",0.580645161290323,107.6
2020,6,"0020",150.2,188.5,50.5,"04","01",0.161290322580645,99.7
2020,6,"0021",260.3,288.6,138.9,"05","01",0.935483870967742,121.4
2020,6,"0022",146.7,204,54.8,"05","01",0.129032258064516,91.9
2020,6,"0023",190.6,208.3,93.4,"05","01",0.483870967741935,97.2
2020,6,"0024",195.6,221.8,75.1,"05","01",0.516129032258065,120.5
2020,6,"0025",237.1,266.1,135.9,"06","01",0.870967741935484,101.2
2020,6,"0026",185.2,209.5,109.6,"06","01",0.451612903225806,75.6
2020,6,"0027",181.2,209.6,103.7,"06","01",0.387096774193548,77.5
2020,6,"0028",141.7,156.2,45.7,"06","01",0.0967741935483871,96
2020,6,"0029",262.2,280.7,92.1,"07","01",0.967741935483871,170.1
2020,6,"0030",221.3,245.8,117,"07","01",0.709677419354839,104.3
2020,6,"0031",230.4,256.2,91.1,"07","01",0.741935483870968,139.3
2020,6,"0032",155.5,207.9,51.9,"07","01",0.193548387096774,103.6
2020,7,"0001",286.2,320.3,130.2,"00","00",0.967741935483871,156
2020,7,"0002",159,188.5,93.7,"00","00",0.129032258064516,65.3
2020,7,"0003",297.6,303,164,"00","00",1,133.6
2020,7,"0004",172.4,210.5,95.7,"00","00",0.225806451612903,76.7
2020,7,"0005",251.9,284.1,142.1,"01","00",0.935483870967742,109.8
2020,7,"0006",209.2,235.5,137.1,"01","00",0.67741935483871,72.1
2020,7,"0007",177.6,193.1,101,"01","00",0.290322580645161,76.6
2020,7,"0008",217.4,245.2,128.7,"01","00",0.774193548387097,88.7
2020,7,"0009",186.4,243.7,88,"02","00",0.387096774193548,98.4
2020,7,"0010",179.1,199.9,86.3,"02","00",0.32258064516129,92.8
2020,7,"0011",187.7,191.4,111.8,"02","00",0.419354838709677,75.9
2020,7,"0012",187.9,226.9,77,"02","00",0.451612903225806,110.9
2020,7,"0013",146.2,230.8,75.1,"03","00",0.032258064516129,71.1
2020,7,"0014",199.2,209,106.9,"03","00",0.580645161290323,92.3
2020,7,"0015",192.8,233.2,104.6,"03","00",0.516129032258065,88.2
2020,7,"0016",162,210.2,89.2,"03","00",0.161290322580645,72.8
2020,7,"0017",218.8,248.6,150.6,"04","01",0.806451612903226,68.2
2020,7,"0018",203,240,106.5,"04","01",0.612903225806452,96.5
2020,7,"0019",214.3,247.9,128,"04","01",0.741935483870968,86.3
2020,7,"0020",155.3,204.8,51.8,"04","01",0.0645161290322581,103.5
2020,7,"0021",185.1,224,105.3,"05","01",0.354838709677419,79.8
2020,7,"0022",220.1,225.2,111.1,"05","01",0.838709677419355,109
2020,7,"0023",229.5,259.7,93.1,"05","01",0.903225806451613,136.4
2020,7,"0024",158.1,183.4,70.9,"05","01",0.0967741935483871,87.2
2020,7,"0025",194.2,257,110.4,"06","01",0.548387096774194,83.8
2020,7,"0026",163,222.6,77.3,"06","01",0.193548387096774,85.7
2020,7,"0027",213.1,240.6,115.7,"06","01",0.709677419354839,97.4
2020,7,"0028",172.8,177.3,95.4,"06","01",0.258064516129032,77.4
2020,7,"0029",207.8,238.3,114.7,"07","01",0.645161290322581,93.1
2020,7,"0030",123,160.5,46.1,"07","01",0,76.9
2020,7,"0031",189,207.3,74.4,"07","01",0.483870967741935,114.6
2020,7,"0032",225.5,258.8,139,"07","01",0.870967741935484,86.5
2020,8,"0001",254.9,268.6,123.4,"00","00",0.935483870967742,131.5
2020,8,"0002",200.4,250.4,131.9,"00","00",0.645161290322581,68.5
2020,8,"0003",218.2,235.2,78.2,"00","00",0.806451612903226,140
2020,8,"0004",174.2,250.4,35,"00","00",0.387096774193548,139.2
2020,8,"0005",293.8,328.5,153.6,"01","00",0.967741935483871,140.2
2020,8,"0006",178,216.9,65.6,"01","00",0.483870967741935,112.4
2020,8,"0007",109.8,159.1,30.9,"01","00",0.032258064516129,78.9
2020,8,"0008",154.3,195.5,79.7,"01","00",0.193548387096774,74.6
2020,8,"0009",164.7,212.4,49.1,"02","00",0.290322580645161,115.6
2020,8,"0010",89.3,138.4,10.3,"02","00",0,79
2020,8,"0011",164.5,202.2,106.5,"02","00",0.258064516129032,58
2020,8,"0012",214.3,236.4,87.3,"02","00",0.774193548387097,127
2020,8,"0013",176.7,204,92.2,"03","00",0.451612903225806,84.5
2020,8,"0014",182.4,186,80,"03","00",0.548387096774194,102.4
2020,8,"0015",210,228.5,121.6,"03","00",0.709677419354839,88.4
2020,8,"0016",170.7,202.3,78.6,"03","00",0.354838709677419,92.1
2020,8,"0017",225.1,262.5,116.4,"04","01",0.838709677419355,108.7
2020,8,"0018",229.2,265.5,121.7,"04","01",0.870967741935484,107.5
2020,8,"0019",136.9,184.3,49.1,"04","01",0.0967741935483871,87.8
2020,8,"0020",142.2,196,47.5,"04","01",0.161290322580645,94.7
2020,8,"0021",170.4,170.4,84.1,"05","01",0.32258064516129,86.3
2020,8,"0022",212.2,237.2,82.5,"05","01",0.741935483870968,129.7
2020,8,"0023",130,146.1,76.6,"05","01",0.0645161290322581,53.4
2020,8,"0024",138.7,204.3,54.7,"05","01",0.129032258064516,84
2020,8,"0025",155.1,188.3,85.3,"06","01",0.225806451612903,69.8
2020,8,"0026",200.6,216.4,109.9,"06","01",0.67741935483871,90.7
2020,8,"0027",238.7,324.6,101.2,"06","01",0.903225806451613,137.5
2020,8,"0028",176.4,212.2,86.7,"06","01",0.419354838709677,89.7
2020,8,"0029",312.4,319.9,132.5,"07","01",1,179.9
2020,8,"0030",185.6,215.8,85.7,"07","01",0.580645161290323,99.9
2020,8,"0031",194.6,223.4,76.6,"07","01",0.612903225806452,118
2020,8,"0032",179.5,211.6,79.9,"07","01",0.516129032258065,99.6
2020,9,"0001",169.9,210.2,81.8,"00","00",0.193548387096774,88.1
2020,9,"0002",178,218.8,144.4,"00","00",0.258064516129032,33.6
2020,9,"0003",209.7,224.9,103.1,"00","00",0.612903225806452,106.6
2020,9,"0004",217.4,255.6,119.9,"00","00",0.774193548387097,97.5
2020,9,"0005",248.2,271.1,136.6,"01","00",0.935483870967742,111.6
2020,9,"0006",191.9,199.6,107.6,"01","00",0.419354838709677,84.3
2020,9,"0007",209,230,132.2,"01","00",0.580645161290323,76.8
2020,9,"0008",192.6,205.3,71.1,"01","00",0.451612903225806,121.5
2020,9,"0009",205.4,219.5,89.7,"02","00",0.516129032258065,115.7
2020,9,"0010",179.4,223.1,105.7,"02","00",0.290322580645161,73.7
2020,9,"0011",176.9,216.4,98.3,"02","00",0.225806451612903,78.6
2020,9,"0012",164.9,174.8,57,"02","00",0.161290322580645,107.9
2020,9,"0013",141.4,167,83.7,"03","00",0.0967741935483871,57.7
2020,9,"0014",281.3,289.4,139.3,"03","00",1,142
2020,9,"0015",151.5,185.9,116.9,"03","00",0.129032258064516,34.6
2020,9,"0016",122.4,186.8,29.5,"03","00",0.0645161290322581,92.9
2020,9,"0017",230.1,257.6,97.7,"04","01",0.838709677419355,132.4
2020,9,"0018",101,204.3,-3.1,"04","01",0,104.1
2020,9,"0019",214.9,237.5,116.7,"04","01",0.741935483870968,98.2
2020,9,"0020",187.5,198.5,86.3,"04","01",0.387096774193548,101.2
2020,9,"0021",248.1,253.1,148.8,"05","01",0.903225806451613,99.3
2020,9,"0022",255.1,282.5,121.9,"05","01",0.967741935483871,133.2
2020,9,"0023",184.4,213.7,86.2,"05","01",0.354838709677419,98.2
2020,9,"0024",182.4,198.6,115,"05","01",0.32258064516129,67.4
2020,9,"0025",197.8,201.3,120.7,"06","01",0.483870967741935,77.1
2020,9,"0026",211.9,229.8,141.4,"06","01",0.67741935483871,70.5
2020,9,"0027",235.3,243,137.2,"06","01",0.870967741935484,98.1
2020,9,"0028",214.3,253.6,111.7,"06","01",0.709677419354839,102.6
2020,9,"0029",209.9,250.7,109.1,"07","01",0.645161290322581,100.8
2020,9,"0030",206.5,211.9,136.9,"07","01",0.548387096774194,69.6
2020,9,"0031",220.2,236.1,116.2,"07","01",0.806451612903226,104
2020,9,"0032",114.4,131,41.4,"07","01",0.032258064516129,73
2020,10,"0001",196.5,231.2,121.5,"00","00",0.709677419354839,75
2020,10,"0002",130.1,178.3,38.2,"00","00",0,91.9
2020,10,"0003",152.6,188,62.4,"00","00",0.161290322580645,90.2
2020,10,"0004",216.8,239.3,125.7,"00","00",0.903225806451613,91.1
2020,10,"0005",197.4,247.2,75.4,"01","00",0.741935483870968,122
2020,10,"0006",162.5,191.3,90.4,"01","00",0.32258064516129,72.1
2020,10,"0007",150.6,175.5,67.3,"01","00",0.129032258064516,83.3
2020,10,"0008",191.7,230.9,91.2,"01","00",0.645161290322581,100.5
2020,10,"0009",139.7,195.2,61.2,"02","00",0.032258064516129,78.5
2020,10,"0010",215.9,254.1,115,"02","00",0.870967741935484,100.9
2020,10,"0011",153.5,189.6,42.9,"02","00",0.193548387096774,110.6
2020,10,"0012",214.4,251.6,124.9,"02","00",0.82258064516129,89.5
2020,10,"0013",158.6,232.4,102.6,"03","00",0.258064516129032,56
2020,10,"0014",156.7,173.7,66.8,"03","00",0.225806451612903,89.9
2020,10,"0015",144.1,160.8,76.1,"03","00",0.0645161290322581,68
2020,10,"0016",234,264.9,125,"03","00",0.967741935483871,109
2020,10,"0017",163.4,203.8,57.2,"04","01",0.354838709677419,106.2
2020,10,"0018",219.6,274.9,149.4,"04","01",0.935483870967742,70.2
2020,10,"0019",193.2,226.3,78.4,"04","01",0.67741935483871,114.8
2020,10,"0020",173.3,195.2,76.5,"04","01",0.516129032258065,96.8
2020,10,"0021",163.5,180.7,78.7,"05","01",0.387096774193548,84.8
2020,10,"0022",253.2,271.6,129,"05","01",1,124.2
2020,10,"0023",150.4,177.2,65.4,"05","01",0.0967741935483871,85
2020,10,"0024",162.1,204,101.6,"05","01",0.290322580645161,60.5
2020,10,"0025",186.5,230.4,80.8,"06","01",0.580645161290323,105.7
2020,10,"0026",191.4,227.6,123.9,"06","01",0.612903225806452,67.5
2020,10,"0027",214.4,269.9,91.3,"06","01",0.82258064516129,123.1
2020,10,"0028",171.3,196.9,68.3,"06","01",0.451612903225806,103
2020,10,"0029",209,239.7,110.8,"07","01",0.774193548387097,98.2
2020,10,"0030",172.4,204.5,88.7,"07","01",0.483870967741935,83.7
2020,10,"0031",165.4,181.1,62.9,"07","01",0.419354838709677,102.5
2020,10,"0032",185.5,223.2,109.5,"07","01",0.548387096774194,76
2020,11,"0001",164.6,252.7,44.6,"00","00",0.258064516129032,120
2020,11,"0002",252.5,297.1,141.8,"00","00",0.935483870967742,110.7
2020,11,"0003",97.7,175.4,31.4,"00","00",0.032258064516129,66.3
2020,11,"0004",220.4,256.6,100.4,"00","00",0.741935483870968,120
2020,11,"0005",193.8,229.9,85.4,"01","00",0.451612903225806,108.4
2020,11,"0006",198.8,232.4,135,"01","00",0.483870967741935,63.8
2020,11,"0007",200,207.6,144,"01","00",0.548387096774194,56
2020,11,"0008",127.8,181.8,64.9,"01","00",0.0967741935483871,62.9
2020,11,"0009",248.8,274.1,117.1,"02","00",0.903225806451613,131.7
2020,11,"0010",236.9,248.3,88.5,"02","00",0.870967741935484,148.4
2020,11,"0011",130.4,175.2,67.3,"02","00",0.129032258064516,63.1
2020,11,"0012",121.6,140.7,64.1,"02","00",0.0645161290322581,57.5
2020,11,"0013",219.7,253.9,117.7,"03","00",0.709677419354839,102
2020,11,"0014",188.6,201.9,81.4,"03","00",0.387096774193548,107.2
2020,11,"0015",175.6,220.6,100.8,"03","00",0.32258064516129,74.8
2020,11,"0016",187.7,200.2,79.3,"03","00",0.354838709677419,108.4
2020,11,"0017",190.4,213.3,91.3,"04","01",0.419354838709677,99.1
2020,11,"0018",225.5,247.6,86.2,"04","01",0.774193548387097,139.3
2020,11,"0019",210.4,223.1,130,"04","01",0.645161290322581,80.4
2020,11,"0020",166.9,187.8,67.7,"04","01",0.290322580645161,99.2
2020,11,"0021",236.6,258.1,157.3,"05","01",0.838709677419355,79.3
2020,11,"0022",215.5,260.3,108.3,"05","01",0.67741935483871,107.2
2020,11,"0023",161.7,179.7,72.3,"05","01",0.225806451612903,89.4
2020,11,"0024",256.1,279.6,127.1,"05","01",0.967741935483871,129
2020,11,"0025",229,249.7,112.8,"06","01",0.806451612903226,116.2
2020,11,"0026",152.8,165.1,86.1,"06","01",0.193548387096774,66.7
2020,11,"0027",266.7,288.5,170.5,"06","01",1,96.2
2020,11,"0028",200.3,233,81,"06","01",0.580645161290323,119.3
2020,11,"0029",207.8,235.3,82.8,"07","01",0.612903225806452,125
2020,11,"0030",131.1,179.3,72.7,"07","01",0.161290322580645,58.4
2020,11,"0031",199.8,219.9,121.2,"07","01",0.516129032258065,78.6
2020,11,"0032",97.4,149.2,49.9,"07","01",0,47.5
2020,12,"0001",174.1,230.1,84.5,"00","00",0.258064516129032,89.6
2020,12,"0002",222.5,262.2,145.8,"00","00",0.709677419354839,76.7
2020,12,"0003",150.7,171.6,62.4,"00","00",0.129032258064516,88.3
2020,12,"0004",216.6,256.2,96.5,"00","00",0.645161290322581,120.1
2020,12,"0005",271.6,322.4,153.6,"01","00",1,118
2020,12,"0006",210.8,230.2,148.3,"01","00",0.612903225806452,62.5
2020,12,"0007",157,186.2,43.2,"01","00",0.161290322580645,113.8
2020,12,"0008",207.7,270.1,89.9,"01","00",0.548387096774194,117.8
2020,12,"0009",176.6,265.2,59.7,"02","00",0.290322580645161,116.9
2020,12,"0010",177.2,237.1,43.7,"02","00",0.32258064516129,133.5
2020,12,"0011",224.3,235.3,117.9,"02","00",0.741935483870968,106.4
2020,12,"0012",244.5,297.9,70.4,"02","00",0.935483870967742,174.1
2020,12,"0013",186.9,206.3,117.7,"03","00",0.387096774193548,69.2
2020,12,"0014",138.4,197.9,48.1,"03","00",0.0645161290322581,90.3
2020,12,"0015",257.7,307.5,125.8,"03","00",0.967741935483871,131.9
2020,12,"0016",203.7,243.7,113.7,"03","00",0.483870967741935,90
2020,12,"0017",230.5,246.1,119.3,"04","01",0.774193548387097,111.2
2020,12,"0018",236.9,287.1,87.6,"04","01",0.870967741935484,149.3
2020,12,"0019",237.4,303.3,147.1,"04","01",0.903225806451613,90.3
2020,12,"0020",180.1,231.6,68,"04","01",0.354838709677419,112.1
2020,12,"0021",217.1,260.2,142,"05","01",0.67741935483871,75.1
2020,12,"0022",232.8,252.1,95.2,"05","01",0.806451612903226,137.6
2020,12,"0023",204.5,236.6,80.5,"05","01",0.516129032258065,124
2020,12,"0024",147.9,206,89.4,"05","01",0.0967741935483871,58.5
2020,12,"0025",172.3,232.8,67.5,"06","01",0.225806451612903,104.8
2020,12,"0026",171.4,187.7,57.8,"06","01",0.193548387096774,113.6
2020,12,"0027",188.9,287.7,66.6,"06","01",0.419354838709677,122.3
2020,12,"0028",108,138.2,34.9,"06","01",0,73.1
2020,12,"0029",234.4,302.5,117.5,"07","01",0.838709677419355,116.9
2020,12,"0030",135,167.8,37.9,"07","01",0.032258064516129,97.1
2020,12,"0031",209.6,313.7,88,"07","01",0.580645161290323,121.6
2020,12,"0032",201.3,234.3,108.9,"07","01",0.451612903225806,92.4
2020,13,"0001",207.2,236.6,114.1,"00","00",0.645161290322581,93.1
2020,13,"0002",211.5,229.2,106.7,"00","00",0.709677419354839,104.8
2020,13,"0003",228.3,277.4,119.6,"00","00",0.806451612903226,108.7
2020,13,"0004",141.6,197.1,54.6,"00","00",0.129032258064516,87
2020,13,"0005",217.4,269.2,104.8,"01","00",0.741935483870968,112.6
2020,13,"0006",208.4,277.4,77.3,"01","00",0.67741935483871,131.1
2020,13,"0007",223.1,251.3,152.6,"01","00",0.774193548387097,70.5
2020,13,"0008",258.6,300.4,130,"01","00",1,128.6
2020,13,"0009",196.6,239.7,87.9,"02","00",0.483870967741935,108.7
2020,13,"0010",133.5,160.8,24.2,"02","00",0.0645161290322581,109.3
2020,13,"0011",231.7,251.4,111.5,"02","00",0.870967741935484,120.2
2020,13,"0012",191,217.1,78.6,"02","00",0.419354838709677,112.4
2020,13,"0013",111.6,187,63.7,"03","00",0.032258064516129,47.9
2020,13,"0014",154.3,204.2,70.2,"03","00",0.161290322580645,84.1
2020,13,"0015",156.5,220.6,91.7,"03","00",0.193548387096774,64.8
2020,13,"0016",201.1,246.2,77.3,"03","00",0.612903225806452,123.8
2020,13,"0017",171.7,254.9,61.7,"04","01",0.32258064516129,110
2020,13,"0018",239.5,257.7,113.3,"04","01",0.935483870967742,126.2
2020,13,"0019",179.6,249,88.2,"04","01",0.387096774193548,91.4
2020,13,"0020",196.9,274.4,55,"04","01",0.516129032258065,141.9
2020,13,"0021",139.4,209.1,76.8,"05","01",0.0967741935483871,62.6
2020,13,"0022",231.3,278.5,154.2,"05","01",0.838709677419355,77.1
2020,13,"0023",170.1,201.1,64.2,"05","01",0.290322580645161,105.9
2020,13,"0024",200.4,225.8,118.5,"05","01",0.580645161290323,81.9
2020,13,"0025",191.9,247.1,90.3,"06","01",0.451612903225806,101.6
2020,13,"0026",177.3,208.8,95.3,"06","01",0.354838709677419,82
2020,13,"0027",251.4,278.3,148,"06","01",0.967741935483871,103.4
2020,13,"0028",106.2,176.8,30.3,"06","01",0,75.9
2020,13,"0029",239.1,282.3,106.7,"07","01",0.903225806451613,132.4
2020,13,"0030",157.1,176.9,88.2,"07","01",0.225806451612903,68.9
2020,13,"0031",158.8,218.7,74.3,"07","01",0.258064516129032,84.5
2020,13,"0032",199.5,231.8,110.7,"07","01",0.548387096774194,88.8
2020,14,"0001",149,182.8,57.9,"00","00",0.032258064516129,91.1
2020,14,"0002",220.8,259.3,145.6,"00","00",0.741935483870968,75.2
2020,14,"0003",139.5,204.7,69.2,"00","00",0,70.3
2020,14,"0004",173.2,202,56.7,"00","00",0.193548387096774,116.5
2020,14,"0005",277.2,286.4,100.3,"01","00",1,176.9
2020,14,"0006",162.1,246.1,62.3,"01","00",0.0967741935483871,99.8
2020,14,"0007",198.6,225.4,101.6,"01","00",0.580645161290323,97
2020,14,"0008",176.3,296,92.2,"01","00",0.258064516129032,84.1
2020,14,"0009",169.2,209.2,88.4,"02","00",0.161290322580645,80.8
2020,14,"0010",186.4,205.2,92.9,"02","00",0.387096774193548,93.5
2020,14,"0011",184.6,210.1,80.2,"02","00",0.354838709677419,104.4
2020,14,"0012",230.7,249.7,90.4,"02","00",0.806451612903226,140.3
2020,14,"0013",194.5,220.4,106.7,"03","00",0.516129032258065,87.8
2020,14,"0014",229.8,268.2,110.7,"03","00",0.774193548387097,119.1
2020,14,"0015",251,278.1,117.5,"03","00",0.903225806451613,133.5
2020,14,"0016",245,287.1,122.4,"03","00",0.870967741935484,122.6
2020,14,"0017",197.6,254.2,120.1,"04","01",0.548387096774194,77.5
2020,14,"0018",181.2,251.1,60.7,"04","01",0.290322580645161,120.5
2020,14,"0019",174.4,207.2,99.9,"04","01",0.225806451612903,74.5
2020,14,"0020",181.7,195.8,77.2,"04","01",0.32258064516129,104.5
2020,14,"0021",189.8,225.9,83.3,"05","01",0.451612903225806,106.5
2020,14,"0022",193.1,236.8,102.2,"05","01",0.483870967741935,90.9
2020,14,"0023",158.4,193.3,58.3,"05","01",0.0645161290322581,100.1
2020,14,"0024",215.9,256.5,108.5,"05","01",0.709677419354839,107.4
2020,14,"0025",215.4,247.4,107.9,"06","01",0.67741935483871,107.5
2020,14,"0026",188.4,229.6,65.5,"06","01",0.419354838709677,122.9
2020,14,"0027",238.2,283.7,138.8,"06","01",0.838709677419355,99.4
2020,14,"0028",201.4,221.9,115.1,"06","01",0.645161290322581,86.3
2020,14,"0029",254.4,301,115.7,"07","01",0.935483870967742,138.7
2020,14,"0030",255.4,280.9,110,"07","01",0.967741935483871,145.4
2020,14,"0031",164.9,191,52.5,"07","01",0.129032258064516,112.4
2020,14,"0032",200.2,229.5,106.8,"07","01",0.612903225806452,93.4
2020,15,"0001",242.4,268.7,146,"00","00",0.870967741935484,96.4
2020,15,"0002",209.5,241.7,79.3,"00","00",0.67741935483871,130.2
2020,15,"0003",127,173,69.1,"00","00",0.0967741935483871,57.9
2020,15,"0004",187.3,230.1,112.8,"00","00",0.451612903225806,74.5
2020,15,"0005",165.9,248.8,54.5,"01","00",0.193548387096774,111.4
2020,15,"0006",175.4,221,95.7,"01","00",0.258064516129032,79.7
2020,15,"0007",204,214.2,122,"01","00",0.612903225806452,82
2020,15,"0008",186.2,253.5,99,"01","00",0.387096774193548,87.2
2020,15,"0009",120.9,215.9,28.3,"02","00",0.032258064516129,92.6
2020,15,"0010",243.9,288.7,122.3,"02","00",0.935483870967742,121.6
2020,15,"0011",179.1,229.7,91.7,"02","00",0.32258064516129,87.4
2020,15,"0012",236.8,278.8,83.1,"02","00",0.741935483870968,153.7
2020,15,"0013",236.9,254.1,150.8,"03","00",0.774193548387097,86.1
2020,15,"0014",164,211,91.7,"03","00",0.161290322580645,72.3
2020,15,"0015",158.3,262.5,69.7,"03","00",0.129032258064516,88.6
2020,15,"0016",242.2,252.4,144,"03","00",0.838709677419355,98.2
2020,15,"0017",123.6,183.6,49.4,"04","01",0.0645161290322581,74.2
2020,15,"0018",242,301.5,134.9,"04","01",0.806451612903226,107.1
2020,15,"0019",186.6,233.7,107.1,"04","01",0.419354838709677,79.5
2020,15,"0020",166.9,185.6,77.9,"04","01",0.225806451612903,89
2020,15,"0021",222.9,245.7,134.5,"05","01",0.709677419354839,88.4
2020,15,"0022",189.8,214.1,85,"05","01",0.483870967741935,104.8
2020,15,"0023",203.2,252,106.1,"05","01",0.580645161290323,97.1
2020,15,"0024",176.7,213,101.5,"05","01",0.290322580645161,75.2
2020,15,"0025",252.5,293.9,151.5,"06","01",0.967741935483871,101
2020,15,"0026",75.9,137.8,13.5,"06","01",0,62.4
2020,15,"0027",296.2,316.8,175.9,"06","01",1,120.3
2020,15,"0028",179.2,227.6,73,"06","01",0.354838709677419,106.2
2020,15,"0029",206.4,263.1,72.2,"07","01",0.645161290322581,134.2
2020,15,"0030",202.9,231.1,98.6,"07","01",0.516129032258065,104.3
2020,15,"0031",203,276.3,120.9,"07","01",0.548387096774194,82.1
2020,15,"0032",243.3,266.6,142.7,"07","01",0.903225806451613,100.6
2020,16,"0001",271.7,296.7,158.4,"00","00",1,113.3
2020,16,"0002",204.1,221.1,113.5,"00","00",0.548387096774194,90.6
2020,16,"0003",183.9,247.6,70.6,"00","00",0.419354838709677,113.3
2020,16,"0004",203.9,263.2,130.6,"00","00",0.516129032258065,73.3
2020,16,"0005",228.2,272.9,89.8,"01","00",0.67741935483871,138.4
2020,16,"0006",258.9,267.5,166.2,"01","00",0.870967741935484,92.7
2020,16,"0007",233.8,266.4,145.9,"01","00",0.774193548387097,87.9
2020,16,"0008",151.6,263.9,70.3,"01","00",0.129032258064516,81.3
2020,16,"0009",195,223,88.3,"02","00",0.451612903225806,106.7
2020,16,"0010",129.3,169.7,54.7,"02","00",0.032258064516129,74.6
2020,16,"0011",132.2,166.8,87.1,"02","00",0.0645161290322581,45.1
2020,16,"0012",182.7,209.8,47.9,"02","00",0.354838709677419,134.8
2020,16,"0013",214.7,282.6,110.5,"03","00",0.612903225806452,104.2
2020,16,"0014",138.7,203.4,81.8,"03","00",0.0967741935483871,56.9
2020,16,"0015",163.1,240.3,94.6,"03","00",0.193548387096774,68.5
2020,16,"0016",262.2,342.7,143.6,"03","00",0.935483870967742,118.6
2020,16,"0017",157.6,217.1,73.3,"04","01",0.161290322580645,84.3
2020,16,"0018",214.6,303.6,93.7,"04","01",0.580645161290323,120.9
2020,16,"0019",224.6,243.8,107.3,"04","01",0.645161290322581,117.3
2020,16,"0020",197.5,249.6,91.8,"04","01",0.483870967741935,105.7
2020,16,"0021",264.1,279.4,142.9,"05","01",0.967741935483871,121.2
2020,16,"0022",233.5,251.9,148.5,"05","01",0.741935483870968,85
2020,16,"0023",233.3,259.3,129.9,"05","01",0.709677419354839,103.4
2020,16,"0024",169.1,177.5,78.7,"05","01",0.225806451612903,90.4
2020,16,"0025",173.3,243.1,76.9,"06","01",0.258064516129032,96.4
2020,16,"0026",259.3,292.9,163.3,"06","01",0.903225806451613,96
2020,16,"0027",252.4,326.2,145.8,"06","01",0.838709677419355,106.6
2020,16,"0028",95.4,192.7,31.4,"06","01",0,64
2020,16,"0029",179.9,216.4,78.9,"07","01",0.32258064516129,101
2020,16,"0030",178.9,207.2,73.4,"07","01",0.290322580645161,105.5
2020,16,"0031",234.8,255.7,148.4,"07","01",0.806451612903226,86.4
2020,16,"0032",183.6,234.2,110.3,"07","01",0.387096774193548,73.3
2021,1,"0001",237.2,298.2,101.1,"00","00",0.806451612903226,136.1
2021,1,"0002",222.4,251.1,118.3,"00","00",0.67741935483871,104.1
2021,1,"0003",187.4,286.2,58.5,"00","00",0.290322580645161,128.9
2021,1,"0004",140.7,189.9,72.5,"00","00",0.0967741935483871,68.2
2021,1,"0005",261.7,320.1,161.6,"01","00",0.870967741935484,100.1
2021,1,"0006",216.4,262.9,128.3,"01","00",0.645161290322581,88.1
2021,1,"0007",133.5,145.1,56.8,"01","00",0.0645161290322581,76.7
2021,1,"0008",205.4,272.3,101.6,"01","00",0.516129032258065,103.8
2021,1,"0009",230.2,259.3,138.3,"02","00",0.774193548387097,91.9
2021,1,"0010",168.2,222.6,65.4,"02","00",0.193548387096774,102.8
2021,1,"0011",119.8,174.6,39.6,"02","00",0,80.2
2021,1,"0012",260,286.1,143.3,"02","00",0.838709677419355,116.7
2021,1,"0013",228.1,253.9,164.2,"03","00",0.741935483870968,63.9
2021,1,"0014",203.3,248.5,141.4,"03","00",0.451612903225806,61.9
2021,1,"0015",165,245.6,104.2,"03","00",0.161290322580645,60.8
2021,1,"0016",261.8,300.3,111.7,"03","00",0.903225806451613,150.1
2021,1,"0017",126.8,180.9,46.1,"04","01",0.032258064516129,80.7
2021,1,"0018",211.5,229.6,149,"04","01",0.612903225806452,62.5
2021,1,"0019",169.2,201.8,89.3,"04","01",0.258064516129032,79.9
2021,1,"0020",205.1,257.1,135.8,"04","01",0.483870967741935,69.3
2021,1,"0021",200.1,233.1,99.5,"05","01",0.387096774193548,100.6
2021,1,"0022",168.3,266.9,93.1,"05","01",0.225806451612903,75.2
2021,1,"0023",267.2,295.2,98.4,"05","01",0.967741935483871,168.8
2021,1,"0024",201.8,269.1,109.3,"05","01",0.419354838709677,92.5
2021,1,"0025",206.6,237.2,110.7,"06","01",0.548387096774194,95.9
2021,1,"0026",263.4,288.4,153.5,"06","01",0.935483870967742,109.9
2021,1,"0027",208.5,227.5,95.5,"06","01",0.580645161290323,113
2021,1,"0028",194.3,233.8,74.9,"06","01",0.32258064516129,119.4
2021,1,"0029",223.9,264.4,111.6,"07","01",0.709677419354839,112.3
2021,1,"0030",149.3,191.2,61.4,"07","01",0.129032258064516,87.9
2021,1,"0031",274.1,301.6,165.7,"07","01",1,108.4
2021,1,"0032",198.4,232.5,117.4,"07","01",0.354838709677419,81
2021,2,"0001",211.4,268.8,129,"00","00",0.612903225806452,82.4
2021,2,"0002",159.2,223.7,71.7,"00","00",0.0967741935483871,87.5
2021,2,"0003",291.7,303.2,158.1,"00","00",1,133.6
2021,2,"0004",200.2,230.9,95.4,"00","00",0.419354838709677,104.8
2021,2,"0005",224,239,129.9,"01","00",0.709677419354839,94.1
2021,2,"0006",236.2,243.5,137.3,"01","00",0.806451612903226,98.9
2021,2,"0007",140.4,166.1,91.9,"01","00",0.032258064516129,48.5
2021,2,"0008",231.7,254.3,106.1,"01","00",0.774193548387097,125.6
2021,2,"0009",277.5,305.6,145.4,"02","00",0.935483870967742,132.1
2021,2,"0010",206.7,207.7,61,"02","00",0.548387096774194,145.7
2021,2,"0011",172,186.5,82,"02","00",0.225806451612903,90
2021,2,"0012",164.4,294.8,63.2,"02","00",0.161290322580645,101.2
2021,2,"0013",172.6,209.4,98.1,"03","00",0.258064516129032,74.5
2021,2,"0014",227.1,339.4,154.8,"03","00",0.741935483870968,72.3
2021,2,"0015",109,214.4,35.6,"03","00",0,73.4
2021,2,"0016",210.2,258,67.3,"03","00",0.580645161290323,142.9
2021,2,"0017",188.6,205.3,80.8,"04","01",0.354838709677419,107.8
2021,2,"0018",203.5,230.1,113.4,"04","01",0.451612903225806,90.1
2021,2,"0019",164.3,179.9,95.1,"04","01",0.129032258064516,69.2
2021,2,"0020",212.8,255,99.3,"04","01",0.645161290322581,113.5
2021,2,"0021",266.8,302.4,184.2,"05","01",0.903225806451613,82.6
2021,2,"0022",204.1,204.1,117.9,"05","01",0.483870967741935,86.2
2021,2,"0023",175.8,235.3,87.4,"05","01",0.290322580645161,88.4
2021,2,"0024",156.9,229.1,65.9,"05","01",0.0645161290322581,91
2021,2,"0025",180.8,237.1,70.1,"06","01",0.32258064516129,110.7
2021,2,"0026",206,229.4,91.2,"06","01",0.516129032258065,114.8
2021,2,"0027",245.7,299.4,93.5,"06","01",0.838709677419355,152.2
2021,2,"0028",277.6,327.4,138.1,"06","01",0.967741935483871,139.5
2021,2,"0029",171.1,205.7,69,"07","01",0.193548387096774,102.1
2021,2,"0030",198.4,210.6,125.5,"07","01",0.387096774193548,72.9
2021,2,"0031",262,282.8,134.8,"07","01",0.870967741935484,127.2
2021,2,"0032",215,238.4,133.5,"07","01",0.67741935483871,81.5
2021,3,"0001",231.2,267.3,126.1,"00","00",0.870967741935484,105.1
2021,3,"0002",200.9,242,90.3,"00","00",0.419354838709677,110.6
2021,3,"0003",234.2,269.3,151.3,"00","00",0.935483870967742,82.9
2021,3,"0004",151.5,190,89.8,"00","00",0.0645161290322581,61.7
2021,3,"0005",308.3,341.9,102.2,"01","00",1,206.1
2021,3,"0006",195.4,215.4,113.9,"01","00",0.354838709677419,81.5
2021,3,"0007",219.2,254.2,150,"01","00",0.741935483870968,69.2
2021,3,"0008",231.2,277.3,131.8,"01","00",0.838709677419355,99.4
2021,3,"0009",216,262.9,104.5,"02","00",0.645161290322581,111.5
2021,3,"0010",117.5,180.6,44.7,"02","00",0,72.8
2021,3,"0011",148.3,164.9,83.7,"02","00",0.032258064516129,64.6
2021,3,"0012",189.9,201.6,65.4,"02","00",0.225806451612903,124.5
2021,3,"0013",177,221,107.5,"03","00",0.161290322580645,69.5
2021,3,"0014",190.8,226.4,106,"03","00",0.258064516129032,84.8
2021,3,"0015",199.1,258.5,105.7,"03","00",0.387096774193548,93.4
2021,3,"0016",224,260.1,123.6,"03","00",0.774193548387097,100.4
2021,3,"0017",175.8,211.5,95,"04","01",0.129032258064516,80.8
2021,3,"0018",179.9,219.2,82.9,"04","01",0.193548387096774,97
2021,3,"0019",206.6,218.9,113.6,"04","01",0.548387096774194,93
2021,3,"0020",157.2,183,81.7,"04","01",0.0967741935483871,75.5
2021,3,"0021",217.5,244.8,142.3,"05","01",0.67741935483871,75.2
2021,3,"0022",233.5,233.5,101.8,"05","01",0.903225806451613,131.7
2021,3,"0023",204.2,294.7,84.5,"05","01",0.516129032258065,119.7
2021,3,"0024",229.9,260.9,94.8,"05","01",0.806451612903226,135.1
2021,3,"0025",203.9,248.8,134.2,"06","01",0.483870967741935,69.7
2021,3,"0026",193.7,216.4,103.4,"06","01",0.290322580645161,90.3
2021,3,"0027",261.6,267.2,145.5,"06","01",0.967741935483871,116.1
2021,3,"0028",218.3,281.3,128.7,"06","01",0.709677419354839,89.6
2021,3,"0029",203.5,250.5,109.5,"07","01",0.451612903225806,94
2021,3,"0030",208.5,256.6,107.6,"07","01",0.580645161290323,100.9
2021,3,"0031",210.1,256.6,97.7,"07","01",0.612903225806452,112.4
2021,3,"0032",194.2,237.9,104.7,"07","01",0.32258064516129,89.5
2021,4,"0001",196.5,217.9,93.7,"00","00",0.419354838709677,102.8
2021,4,"0002",248.8,301.9,151.7,"00","00",0.967741935483871,97.1
2021,4,"0003",243.6,292.7,126.2,"00","00",0.903225806451613,117.4
2021,4,"0004",153.7,177.1,93.2,"00","00",0.0967741935483871,60.5
2021,4,"0005",257.7,283.6,96.7,"01","00",1,161
2021,4,"0006",166.5,181.2,83.2,"01","00",0.161290322580645,83.3
2021,4,"0007",199.5,238.2,102.5,"01","00",0.451612903225806,97
2021,4,"0008",194,267.5,113.1,"01","00",0.354838709677419,80.9
2021,4,"0009",180.8,254.1,107.1,"02","00",0.258064516129032,73.7
2021,4,"0010",158.2,211.4,76.9,"02","00",0.129032258064516,81.3
2021,4,"0011",148.7,158.7,70,"02","00",0.0645161290322581,78.7
2021,4,"0012",232.7,283.7,101.6,"02","00",0.806451612903226,131.1
2021,4,"0013",200.6,272.5,118.6,"03","00",0.516129032258065,82
2021,4,"0014",113.4,162.2,36.2,"03","00",0,77.2
2021,4,"0015",202,270.5,82,"03","00",0.548387096774194,120
2021,4,"0016",185,238.2,87.3,"03","00",0.32258064516129,97.7
2021,4,"0017",169.1,188.6,113.4,"04","01",0.193548387096774,55.7
2021,4,"0018",237.1,269.6,139.2,"04","01",0.838709677419355,97.9
2021,4,"0019",199.8,201,83,"04","01",0.483870967741935,116.8
2021,4,"0020",242.4,291.5,133.6,"04","01",0.870967741935484,108.8
2021,4,"0021",203.4,226.9,117.1,"05","01",0.580645161290323,86.3
2021,4,"0022",246.1,261,111,"05","01",0.935483870967742,135.1
2021,4,"0023",181.6,212.9,96.5,"05","01",0.290322580645161,85.1
2021,4,"0024",194.7,235.2,105.9,"05","01",0.387096774193548,88.8
2021,4,"0025",217.7,258.9,120.8,"06","01",0.741935483870968,96.9
2021,4,"0026",230.1,269.7,100.9,"06","01",0.774193548387097,129.2
2021,4,"0027",208.2,251.8,97.7,"06","01",0.612903225806452,110.5
2021,4,"0028",211.4,295.1,98.2,"06","01",0.67741935483871,113.2
2021,4,"0029",212.2,233.7,102,"07","01",0.709677419354839,110.2
2021,4,"0030",209.7,248.2,117.9,"07","01",0.645161290322581,91.8
2021,4,"0031",120.1,135.4,32.9,"07","01",0.032258064516129,87.2
2021,4,"0032",180.3,222,118.3,"07","01",0.225806451612903,62
2021,5,"0001",279.9,315,145.8,"00","00",0.935483870967742,134.1
2021,5,"0002",262.8,309.1,146.6,"00","00",0.806451612903226,116.2
2021,5,"0003",272.3,299,178.8,"00","00",0.838709677419355,93.5
2021,5,"0004",306.5,343.4,229.2,"00","00",1,77.3
2021,5,"0005",203.4,256.9,84.2,"01","00",0.387096774193548,119.2
2021,5,"0006",272.4,329.7,177.7,"01","00",0.870967741935484,94.7
2021,5,"0007",199.7,230.8,143,"01","00",0.290322580645161,56.7
2021,5,"0008",221.5,249.1,113.1,"01","00",0.580645161290323,108.4
2021,5,"0009",101.6,224.1,31,"02","00",0,70.6
2021,5,"0010",121.2,224,48.1,"02","00",0.032258064516129,73.1
2021,5,"0011",201.7,227.6,118.6,"02","00",0.354838709677419,83.1
2021,5,"0012",207.6,234.5,84.2,"02","00",0.451612903225806,123.4
2021,5,"0013",176.7,243.8,71.1,"03","00",0.193548387096774,105.6
2021,5,"0014",169.2,218.4,109.3,"03","00",0.161290322580645,59.9
2021,5,"0015",200.2,239.5,105.4,"03","00",0.32258064516129,94.8
2021,5,"0016",215.7,249.9,125.2,"03","00",0.516129032258065,90.5
2021,5,"0017",178.2,179,104.6,"04","01",0.225806451612903,73.6
2021,5,"0018",179.3,257.3,71,"04","01",0.258064516129032,108.3
2021,5,"0019",215.6,238.4,117.5,"04","01",0.483870967741935,98.1
2021,5,"0020",219.2,232.7,130.2,"04","01",0.548387096774194,89
2021,5,"0021",274.4,300.5,209.1,"05","01",0.903225806451613,65.3
2021,5,"0022",241.3,259,131.1,"05","01",0.741935483870968,110.2
2021,5,"0023",230.7,242.7,127.1,"05","01",0.67741935483871,103.6
2021,5,"0024",167.7,205.3,85.5,"05","01",0.129032258064516,82.2
2021,5,"0025",228.2,287.7,153.2,"06","01",0.645161290322581,75
2021,5,"0026",237.5,277.3,120,"06","01",0.709677419354839,117.5
2021,5,"0027",223.8,253.1,113.6,"06","01",0.612903225806452,110.2
2021,5,"0028",293.9,353.2,186,"06","01",0.967741935483871,107.9
2021,5,"0029",251.2,283.7,146.2,"07","01",0.774193548387097,105
2021,5,"0030",204.7,282.3,124.4,"07","01",0.419354838709677,80.3
2021,5,"0031",156.4,175.1,43.9,"07","01",0.0967741935483871,112.5
2021,5,"0032",128.5,184.3,65.5,"07","01",0.0645161290322581,63
2021,6,"0001",153.9,186.6,73.4,"00","00",0.161290322580645,80.5
2021,6,"0002",276.9,303.5,165.3,"00","00",0.903225806451613,111.6
2021,6,"0003",252.4,281.6,140.8,"00","00",0.838709677419355,111.6
2021,6,"0004",196.4,196.4,90.7,"00","00",0.516129032258065,105.7
2021,6,"0005",304.8,313.9,131.1,"01","00",1,173.7
2021,6,"0006",180.2,208,77.1,"01","00",0.354838709677419,103.1
2021,6,"0007",202.7,247.7,130,"01","00",0.580645161290323,72.7
2021,6,"0008",191.5,204,99.4,"01","00",0.451612903225806,92.1
2021,6,"0009",142.1,167.4,74.6,"02","00",0.0645161290322581,67.5
2021,6,"0010",136.6,189,63.3,"02","00",0.032258064516129,73.3
2021,6,"0011",149.7,157.7,50.2,"02","00",0.129032258064516,99.5
2021,6,"0012",269.6,322.1,148.6,"02","00",0.870967741935484,121
2021,6,"0013",221.2,261.2,118.7,"03","00",0.67741935483871,102.5
2021,6,"0014",183.8,211.9,82.7,"03","00",0.419354838709677,101.1
2021,6,"0015",180.3,232.7,76.7,"03","00",0.387096774193548,103.6
2021,6,"0016",154.8,235.6,61.8,"03","00",0.193548387096774,93
2021,6,"0017",208.2,259.4,103.7,"04","01",0.612903225806452,104.5
2021,6,"0018",172.7,237.7,79.5,"04","01",0.290322580645161,93.2
2021,6,"0019",142.3,151.8,52.7,"04","01",0.0967741935483871,89.6
2021,6,"0020",176.8,203.5,77.5,"04","01",0.32258064516129,99.3
2021,6,"0021",227.2,261.8,125,"05","01",0.709677419354839,102.2
2021,6,"0022",237.7,244.4,129.1,"05","01",0.774193548387097,108.6
2021,6,"0023",198,223,89.2,"05","01",0.548387096774194,108.8
2021,6,"0024",209.4,268.4,119.7,"05","01",0.645161290322581,89.7
2021,6,"0025",194.4,207.6,110,"06","01",0.483870967741935,84.4
2021,6,"0026",242.1,261.6,159.1,"06","01",0.806451612903226,83
2021,6,"0027",302.4,311.2,135.5,"06","01",0.967741935483871,166.9
2021,6,"0028",232.4,271.4,116.8,"06","01",0.741935483870968,115.6
2021,6,"0029",284.2,304.8,128.9,"07","01",0.935483870967742,155.3
2021,6,"0030",89,139.1,35.1,"07","01",0,53.9
2021,6,"0031",158.1,177.1,70.1,"07","01",0.225806451612903,88
2021,6,"0032",160.5,201.9,81.5,"07","01",0.258064516129032,79
2021,7,"0001",179.9,203.1,82,"00","00",0.387096774193548,97.9
2021,7,"0002",252.1,296.8,124.3,"00","00",0.806451612903226,127.8
2021,7,"0003",254.8,259.6,127,"00","00",0.838709677419355,127.8
2021,7,"0004",283.6,294.7,167.2,"00","00",1,116.4
2021,7,"0005",103.1,164.9,-2.4,"01","00",0.032258064516129,105.5
2021,7,"0006",212.7,226.2,86.1,"01","00",0.612903225806452,126.6
2021,7,"0007",166.9,184.4,107.4,"01","00",0.32258064516129,59.5
2021,7,"0008",134.4,141.7,64.9,"01","00",0.0967741935483871,69.5
2021,7,"0009",224.8,227.5,109.7,"02","00",0.645161290322581,115.1
2021,7,"0010",152.5,170.7,83.8,"02","00",0.161290322580645,68.7
2021,7,"0011",203.2,203.2,128.2,"02","00",0.548387096774194,75
2021,7,"0012",196.5,225.8,97.7,"02","00",0.483870967741935,98.8
2021,7,"0013",172.6,190,85.3,"03","00",0.354838709677419,87.3
2021,7,"0014",142.1,188.2,66.9,"03","00",0.129032258064516,75.2
2021,7,"0015",166.6,189.3,90.1,"03","00",0.290322580645161,76.5
2021,7,"0016",263.3,281.3,130.1,"03","00",0.903225806451613,133.2
2021,7,"0017",183.6,216.8,99.1,"04","01",0.419354838709677,84.5
2021,7,"0018",250.4,263.9,121.7,"04","01",0.774193548387097,128.7
2021,7,"0019",70.7,82.4,6.8,"04","01",0,63.9
2021,7,"0020",164.5,180.9,114.6,"04","01",0.258064516129032,49.9
2021,7,"0021",238.7,251,142.1,"05","01",0.67741935483871,96.6
2021,7,"0022",194.3,194.3,118.6,"05","01",0.451612903225806,75.7
2021,7,"0023",211.5,219.6,104.4,"05","01",0.580645161290323,107.1
2021,7,"0024",240.9,261.1,129,"05","01",0.709677419354839,111.9
2021,7,"0025",270.9,286.9,113.4,"06","01",0.935483870967742,157.5
2021,7,"0026",200.7,204.7,105.1,"06","01",0.516129032258065,95.6
2021,7,"0027",256.9,265.5,141.3,"06","01",0.870967741935484,115.6
2021,7,"0028",241.6,283.7,133.6,"06","01",0.741935483870968,108
2021,7,"0029",112.1,122.9,28.2,"07","01",0.0645161290322581,83.9
2021,7,"0030",276.2,293.2,167,"07","01",0.967741935483871,109.2
2021,7,"0031",157.2,188.8,54.9,"07","01",0.193548387096774,102.3
2021,7,"0032",162.5,178.4,46.6,"07","01",0.225806451612903,115.9
2021,8,"0001",181.6,189.7,67.5,"00","00",0.483870967741935,114.1
2021,8,"0002",245,274.3,132,"00","00",0.935483870967742,113
2021,8,"0003",152.1,242.3,44,"00","00",0.225806451612903,108.1
2021,8,"0004",231.8,239.6,139.1,"00","00",0.903225806451613,92.7
2021,8,"0005",172.4,240.9,68.2,"01","00",0.387096774193548,104.2
2021,8,"0006",203.9,267.3,113.7,"01","00",0.67741935483871,90.2
2021,8,"0007",137.8,178.6,65,"01","00",0.0967741935483871,72.8
2021,8,"0008",111.9,135.5,39.1,"01","00",0,72.8
2021,8,"0009",248,271.1,125.9,"02","00",0.967741935483871,122.1
2021,8,"0010",174.7,219.8,85.3,"02","00",0.419354838709677,89.4
2021,8,"0011",151.2,241.6,46.7,"02","00",0.17741935483871,104.5
2021,8,"0012",206.8,228.6,83.4,"02","00",0.725806451612903,123.4
2021,8,"0013",133.6,168.7,54.9,"03","00",0.0645161290322581,78.7
2021,8,"0014",151.2,188.6,95.1,"03","00",0.17741935483871,56.1
2021,8,"0015",188.8,233,79.8,"03","00",0.580645161290323,109
2021,8,"0016",219.3,250.2,135.5,"03","00",0.838709677419355,83.8
2021,8,"0017",169.6,194.6,89.6,"04","01",0.354838709677419,80
2021,8,"0018",158.6,176.7,69.6,"04","01",0.258064516129032,89
2021,8,"0019",162.8,180.4,76.9,"04","01",0.32258064516129,85.9
2021,8,"0020",160.2,213.9,83.3,"04","01",0.290322580645161,76.9
2021,8,"0021",184.1,214.9,94.4,"05","01",0.516129032258065,89.7
2021,8,"0022",206.8,254.7,100.3,"05","01",0.725806451612903,106.5
2021,8,"0023",180.2,228.2,83.4,"05","01",0.451612903225806,96.8
2021,8,"0024",226.5,289.7,83.1,"05","01",0.870967741935484,143.4
2021,8,"0025",189.8,239,106.1,"06","01",0.612903225806452,83.7
2021,8,"0026",259.5,292.5,134.2,"06","01",1,125.3
2021,8,"0027",217,257.7,88.4,"06","01",0.806451612903226,128.6
2021,8,"0028",215.9,263.3,95.7,"06","01",0.774193548387097,120.2
2021,8,"0029",192.8,225,88.6,"07","01",0.645161290322581,104.2
2021,8,"0030",187.1,232.3,62.4,"07","01",0.548387096774194,124.7
2021,8,"0031",140,157.2,43.9,"07","01",0.129032258064516,96.1
2021,8,"0032",133.2,170.2,54.1,"07","01",0.032258064516129,79.1
2021,9,"0001",217.7,220.9,122.1,"00","00",0.903225806451613,95.6
2021,9,"0002",218.8,286.6,102.8,"00","00",0.935483870967742,116
2021,9,"0003",134.1,202.3,44.2,"00","00",0.0645161290322581,89.9
2021,9,"0004",188.6,196.1,86.2,"00","00",0.645161290322581,102.4
2021,9,"0005",164.9,220.5,56.8,"01","00",0.387096774193548,108.1
2021,9,"0006",148.5,174.1,81,"01","00",0.161290322580645,67.5
2021,9,"0007",133.5,169.6,47,"01","00",0.032258064516129,86.5
2021,9,"0008",177.9,216.6,46.6,"01","00",0.516129032258065,131.3
2021,9,"0009",138.4,169.2,51.4,"02","00",0.0967741935483871,87
2021,9,"0010",157.7,180.6,58.9,"02","00",0.290322580645161,98.8
2021,9,"0011",170.2,191.5,73.8,"02","00",0.451612903225806,96.4
2021,9,"0012",178.6,229.2,80.2,"02","00",0.548387096774194,98.4
2021,9,"0013",185.3,288.2,100.2,"03","00",0.580645161290323,85.1
2021,9,"0014",222.8,273.3,120.8,"03","00",0.967741935483871,102
2021,9,"0015",192.3,204.2,94.7,"03","00",0.67741935483871,97.6
2021,9,"0016",158.7,179.4,59.7,"03","00",0.32258064516129,99
2021,9,"0017",237.7,263.2,106.2,"04","01",1,131.5
2021,9,"0018",153,213,79.1,"04","01",0.225806451612903,73.9
2021,9,"0019",186.1,213.2,124.5,"04","01",0.612903225806452,61.6
2021,9,"0020",156.1,159.4,105.8,"04","01",0.258064516129032,50.3
2021,9,"0021",201,244.4,97.4,"05","01",0.709677419354839,103.6
2021,9,"0022",162,179.1,76.4,"05","01",0.354838709677419,85.6
2021,9,"0023",149.4,164.8,71.4,"05","01",0.193548387096774,78
2021,9,"0024",109.2,170,48,"05","01",0,61.2
2021,9,"0025",203.5,332.7,74.7,"06","01",0.741935483870968,128.8
2021,9,"0026",174.2,195.2,58.8,"06","01",0.483870967741935,115.4
2021,9,"0027",210.5,245.4,107.4,"06","01",0.838709677419355,103.1
2021,9,"0028",167.2,180.9,70.7,"06","01",0.419354838709677,96.5
2021,9,"0029",214.2,237.6,63.1,"07","01",0.870967741935484,151.1
2021,9,"0030",209.9,287.9,93.3,"07","01",0.806451612903226,116.6
2021,9,"0031",139.5,158.3,38.9,"07","01",0.129032258064516,100.6
2021,9,"0032",204.3,253.8,50.6,"07","01",0.774193548387097,153.7
2021,10,"0001",143,174.3,45.2,"00","00",0.0967741935483871,97.8
2021,10,"0002",160.1,210,67.5,"00","00",0.451612903225806,92.6
2021,10,"0003",203.2,260.5,80.6,"00","00",0.774193548387097,122.6
2021,10,"0004",153.8,204.7,76,"00","00",0.32258064516129,77.8
2021,10,"0005",230.2,263.2,143.9,"01","00",0.870967741935484,86.3
2021,10,"0006",185.8,199.6,62.3,"01","00",0.612903225806452,123.5
2021,10,"0007",247.2,272.7,163.7,"01","00",0.967741935483871,83.5
2021,10,"0008",108.8,160,10.6,"01","00",0,98.2
2021,10,"0009",147.7,210.6,38.1,"02","00",0.193548387096774,109.6
2021,10,"0010",145.8,173.6,47.3,"02","00",0.161290322580645,98.5
2021,10,"0011",192.7,206,90.1,"02","00",0.709677419354839,102.6
2021,10,"0012",236.9,261,105.1,"02","00",0.935483870967742,131.8
2021,10,"0013",174.9,258.5,84.4,"03","00",0.548387096774194,90.5
2021,10,"0014",191.3,216.2,97.3,"03","00",0.67741935483871,94
2021,10,"0015",157.6,194.8,62.7,"03","00",0.387096774193548,94.9
2021,10,"0016",144.1,161.1,47.6,"03","00",0.129032258064516,96.5
2021,10,"0017",187.5,221.1,118.6,"04","01",0.645161290322581,68.9
2021,10,"0018",193.3,212.9,103.1,"04","01",0.741935483870968,90.2
2021,10,"0019",176.8,214.6,63.9,"04","01",0.580645161290323,112.9
2021,10,"0020",152.7,216.3,81,"04","01",0.290322580645161,71.7
2021,10,"0021",156,181.3,69.4,"05","01",0.354838709677419,86.6
2021,10,"0022",221.2,243.1,101.7,"05","01",0.838709677419355,119.5
2021,10,"0023",151.1,187.2,48.4,"05","01",0.258064516129032,102.7
2021,10,"0024",163.4,194.2,60.9,"05","01",0.483870967741935,102.5
2021,10,"0025",166.1,191,79.3,"06","01",0.516129032258065,86.8
2021,10,"0026",159,203.9,69.8,"06","01",0.419354838709677,89.2
2021,10,"0027",217.3,254.6,100.1,"06","01",0.806451612903226,117.2
2021,10,"0028",149.8,216.8,44.9,"06","01",0.225806451612903,104.9
2021,10,"0029",262.7,297.8,119.4,"07","01",1,143.3
2021,10,"0030",135.1,214.6,41,"07","01",0.0645161290322581,94.1
2021,10,"0031",135,180.9,20.7,"07","01",0.032258064516129,114.3
2021,10,"0032",231,249.6,165.8,"07","01",0.903225806451613,65.2
2021,11,"0001",264.6,279.5,129,"00","00",0.935483870967742,135.6
2021,11,"0002",213.2,255.2,113.7,"00","00",0.774193548387097,99.5
2021,11,"0003",277.5,294.5,154.8,"00","00",0.967741935483871,122.7
2021,11,"0004",141,193.3,81,"00","00",0.161290322580645,60
2021,11,"0005",123.4,164.5,50.5,"01","00",0.0645161290322581,72.9
2021,11,"0006",204.1,266.3,95.8,"01","00",0.661290322580645,108.3
2021,11,"0007",167.2,222.3,57,"01","00",0.387096774193548,110.2
2021,11,"0008",162.7,232.7,67.7,"01","00",0.32258064516129,95
2021,11,"0009",147.4,167.4,70.5,"02","00",0.225806451612903,76.9
2021,11,"0010",156.2,216.3,59.9,"02","00",0.258064516129032,96.3
2021,11,"0011",200.8,232.3,85.5,"02","00",0.612903225806452,115.3
2021,11,"0012",231.4,313.2,79,"02","00",0.903225806451613,152.4
2021,11,"0013",204.1,262.9,107.8,"03","00",0.661290322580645,96.3
2021,11,"0014",187,202.2,68.7,"03","00",0.516129032258065,118.3
2021,11,"0015",188.3,218.2,102.8,"03","00",0.548387096774194,85.5
2021,11,"0016",165.6,168.3,70.6,"03","00",0.354838709677419,95
2021,11,"0017",168.6,223.5,65.4,"04","01",0.419354838709677,103.2
2021,11,"0018",227.1,258.3,92,"04","01",0.870967741935484,135.1
2021,11,"0019",219.2,268.7,136.2,"04","01",0.838709677419355,83
2021,11,"0020",144,215.5,62.5,"04","01",0.193548387096774,81.5
2021,11,"0021",109.3,160.7,51.1,"05","01",0.032258064516129,58.2
2021,11,"0022",302.8,318.3,168.2,"05","01",1,134.6
2021,11,"0023",184.9,208.5,95,"05","01",0.483870967741935,89.9
2021,11,"0024",182.8,249.6,94.9,"05","01",0.451612903225806,87.9
2021,11,"0025",156.3,204.2,27.7,"06","01",0.290322580645161,128.6
2021,11,"0026",131.9,200.4,44.8,"06","01",0.129032258064516,87.1
2021,11,"0027",188.5,271.9,100.2,"06","01",0.580645161290323,88.3
2021,11,"0028",206.4,250.5,116.3,"06","01",0.725806451612903,90.1
2021,11,"0029",126,233.5,37,"07","01",0.0967741935483871,89
2021,11,"0030",99.9,134.5,38,"07","01",0,61.9
2021,11,"0031",214,250.8,87.1,"07","01",0.806451612903226,126.9
2021,11,"0032",206.4,256.2,99.1,"07","01",0.725806451612903,107.3
2021,12,"0001",167.5,209,91.8,"00","00",0.387096774193548,75.7
2021,12,"0002",187.7,263,73.4,"00","00",0.483870967741935,114.3
2021,12,"0003",268.5,281.5,130.6,"00","00",0.935483870967742,137.9
2021,12,"0004",116.9,164.1,32.7,"00","00",0.0645161290322581,84.2
2021,12,"0005",213,217.5,91.2,"01","00",0.806451612903226,121.8
2021,12,"0006",194.6,233,94.2,"01","00",0.548387096774194,100.4
2021,12,"0007",199.5,214,103.8,"01","00",0.612903225806452,95.7
2021,12,"0008",107.2,197.8,35.2,"01","00",0,72
2021,12,"0009",202,294.7,72.1,"02","00",0.709677419354839,129.9
2021,12,"0010",153.1,190.5,37.6,"02","00",0.225806451612903,115.5
2021,12,"0011",165.3,195.2,49.5,"02","00",0.338709677419355,115.8
2021,12,"0012",298.6,309.2,157.9,"02","00",1,140.7
2021,12,"0013",180,207.2,90.9,"03","00",0.419354838709677,89.1
2021,12,"0014",197.4,218.4,90.4,"03","00",0.580645161290323,107
2021,12,"0015",200.6,276.7,115.4,"03","00",0.645161290322581,85.2
2021,12,"0016",146.7,201.3,70.7,"03","00",0.193548387096774,76
2021,12,"0017",255.7,266,129.5,"04","01",0.870967741935484,126.2
2021,12,"0018",121,220.1,16.7,"04","01",0.0967741935483871,104.3
2021,12,"0019",210.9,232.5,72,"04","01",0.741935483870968,138.9
2021,12,"0020",126.2,160.6,76.3,"04","01",0.129032258064516,49.9
2021,12,"0021",111.8,222.2,44.5,"05","01",0.032258064516129,67.3
2021,12,"0022",270.9,298.6,178.9,"05","01",0.967741935483871,92
2021,12,"0023",212.6,244.4,90.9,"05","01",0.774193548387097,121.7
2021,12,"0024",164.8,240.3,54.3,"05","01",0.290322580645161,110.5
2021,12,"0025",183.4,216.7,90.4,"06","01",0.451612903225806,93
2021,12,"0026",189.5,272.2,96.8,"06","01",0.516129032258065,92.7
2021,12,"0027",262.9,324.9,106.9,"06","01",0.903225806451613,156
2021,12,"0028",164.1,181.1,45.4,"06","01",0.258064516129032,118.7
2021,12,"0029",221,252.3,100.8,"07","01",0.838709677419355,120.2
2021,12,"0030",146.4,170,68.7,"07","01",0.161290322580645,77.7
2021,12,"0031",201.9,238.5,84.2,"07","01",0.67741935483871,117.7
2021,12,"0032",165.3,196.3,78.8,"07","01",0.338709677419355,86.5
2021,13,"0001",222.8,233.5,122.3,"00","00",0.774193548387097,100.5
2021,13,"0002",233.5,240.9,115.3,"00","00",0.806451612903226,118.2
2021,13,"0003",154.1,195.8,39.9,"00","00",0.32258064516129,114.2
2021,13,"0004",180.1,228.3,68.3,"00","00",0.580645161290323,111.8
2021,13,"0005",134.4,169.2,55.8,"01","00",0.0967741935483871,78.6
2021,13,"0006",209.6,247.2,138.8,"01","00",0.67741935483871,70.8
2021,13,"0007",150.5,198.3,32.4,"01","00",0.258064516129032,118.1
2021,13,"0008",191.8,239.2,92.9,"01","00",0.612903225806452,98.9
2021,13,"0009",267.8,285,138.7,"02","00",1,129.1
2021,13,"0010",153.4,199.4,84,"02","00",0.290322580645161,69.4
2021,13,"0011",166.4,183.1,87,"02","00",0.419354838709677,79.4
2021,13,"0012",149.1,181.3,55.6,"02","00",0.225806451612903,93.5
2021,13,"0013",134.8,205.9,60.8,"03","00",0.129032258064516,74
2021,13,"0014",171.4,198.4,78.6,"03","00",0.451612903225806,92.8
2021,13,"0015",251.6,288.2,143.7,"03","00",0.935483870967742,107.9
2021,13,"0016",240.7,263.5,133.2,"03","00",0.870967741935484,107.5
2021,13,"0017",210.4,255.4,56.4,"04","01",0.709677419354839,154
2021,13,"0018",137.1,179.2,42.1,"04","01",0.161290322580645,95
2021,13,"0019",178.8,218.7,118.3,"04","01",0.516129032258065,60.5
2021,13,"0020",103.9,163,44.6,"04","01",0.032258064516129,59.3
2021,13,"0021",197.7,240.5,112.4,"05","01",0.645161290322581,85.3
2021,13,"0022",147.7,191.9,36.2,"05","01",0.193548387096774,111.5
2021,13,"0023",159.3,186.5,69.8,"05","01",0.387096774193548,89.5
2021,13,"0024",117.6,176.5,46.9,"05","01",0.0645161290322581,70.7
2021,13,"0025",156.8,201.6,50.7,"06","01",0.354838709677419,106.1
2021,13,"0026",253.8,297.9,137,"06","01",0.967741935483871,116.8
2021,13,"0027",236.7,285,130.4,"06","01",0.838709677419355,106.3
2021,13,"0028",249.1,265.6,127.6,"06","01",0.903225806451613,121.5
2021,13,"0029",215.4,270.3,112.8,"07","01",0.741935483870968,102.6
2021,13,"0030",86.5,139.8,55.7,"07","01",0,30.8
2021,13,"0031",179.8,207.7,69,"07","01",0.548387096774194,110.8
2021,13,"0032",175.8,226.5,100.6,"07","01",0.483870967741935,75.2
2021,14,"0001",175.7,235.9,118.2,"00","00",0.516129032258065,57.5
2021,14,"0002",176.6,230,96,"00","00",0.548387096774194,80.6
2021,14,"0003",139.1,271.9,39,"00","00",0.225806451612903,100.1
2021,14,"0004",137.2,229.3,70.6,"00","00",0.193548387096774,66.6
2021,14,"0005",198.7,229.2,81.8,"01","00",0.838709677419355,116.9
2021,14,"0006",227.3,287.2,131.8,"01","00",0.903225806451613,95.5
2021,14,"0007",194.6,209.2,92.4,"01","00",0.774193548387097,102.2
2021,14,"0008",129.9,179.7,75.4,"01","00",0.161290322580645,54.5
2021,14,"0009",267.2,301,134,"02","00",1,133.2
2021,14,"0010",155.6,250.1,40.5,"02","00",0.387096774193548,115.1
2021,14,"0011",147.7,188,64.5,"02","00",0.32258064516129,83.2
2021,14,"0012",84.1,118,34.1,"02","00",0,50
2021,14,"0013",116.6,149.3,54.1,"03","00",0.0967741935483871,62.5
2021,14,"0014",178.4,255.1,88.8,"03","00",0.580645161290323,89.6
2021,14,"0015",167.7,219.7,60.7,"03","00",0.483870967741935,107
2021,14,"0016",183.9,200.8,114.7,"03","00",0.645161290322581,69.2
2021,14,"0017",230.2,240.7,113.1,"04","01",0.935483870967742,117.1
2021,14,"0018",92.6,216.1,31.1,"04","01",0.032258064516129,61.5
2021,14,"0019",185.2,210.5,129.6,"04","01",0.67741935483871,55.6
2021,14,"0020",148.6,180.6,52,"04","01",0.354838709677419,96.6
2021,14,"0021",185.7,251.3,78.7,"05","01",0.709677419354839,107
2021,14,"0022",196.6,241.2,110.3,"05","01",0.806451612903226,86.3
2021,14,"0023",146,194.2,54.2,"05","01",0.290322580645161,91.8
2021,14,"0024",192.5,259.4,86.7,"05","01",0.741935483870968,105.8
2021,14,"0025",218.7,279.8,115.3,"06","01",0.870967741935484,103.4
2021,14,"0026",178.6,221.9,109.3,"06","01",0.612903225806452,69.3
2021,14,"0027",141.4,185,60.6,"06","01",0.258064516129032,80.8
2021,14,"0028",259.7,307,149.3,"06","01",0.967741935483871,110.4
2021,14,"0029",162,251.6,76.8,"07","01",0.419354838709677,85.2
2021,14,"0030",125.4,152.9,74.7,"07","01",0.129032258064516,50.7
2021,14,"0031",166.6,180.8,86.2,"07","01",0.451612903225806,80.4
2021,14,"0032",103.6,150.6,58.3,"07","01",0.0645161290322581,45.3
2021,15,"0001",165.8,192.8,52.2,"00","00",0.451612903225806,113.6
2021,15,"0002",181.8,218.8,67.3,"00","00",0.661290322580645,114.5
2021,15,"0003",213.3,263.3,104.3,"00","00",0.806451612903226,109
2021,15,"0004",151.1,240.1,76.1,"00","00",0.32258064516129,75
2021,15,"0005",249.3,310.9,143.9,"01","00",0.967741935483871,105.4
2021,15,"0006",172.8,221.5,52.4,"01","00",0.548387096774194,120.4
2021,15,"0007",171.9,184.6,79.4,"01","00",0.516129032258065,92.5
2021,15,"0008",119.3,156.3,49.1,"01","00",0.0645161290322581,70.2
2021,15,"0009",201.6,222.6,62.9,"02","00",0.774193548387097,138.7
2021,15,"0010",148.3,238.2,46,"02","00",0.290322580645161,102.3
2021,15,"0011",117.7,159,31.1,"02","00",0.032258064516129,86.6
2021,15,"0012",142.7,161.9,44.6,"02","00",0.258064516129032,98.1
2021,15,"0013",116.2,158.3,45.7,"03","00",0,70.5
2021,15,"0014",237.7,264.4,137.1,"03","00",0.838709677419355,100.6
2021,15,"0015",190.8,294.8,93.6,"03","00",0.741935483870968,97.2
2021,15,"0016",168.7,200.6,91.4,"03","00",0.483870967741935,77.3
2021,15,"0017",181.8,202.2,89,"04","01",0.661290322580645,92.8
2021,15,"0018",164.7,236.8,100.4,"04","01",0.419354838709677,64.3
2021,15,"0019",179.2,260,100.2,"04","01",0.612903225806452,79
2021,15,"0020",138.1,186.1,40.3,"04","01",0.193548387096774,97.8
2021,15,"0021",240.5,270.7,101.4,"05","01",0.903225806451613,139.1
2021,15,"0022",242.1,255.1,120.8,"05","01",0.935483870967742,121.3
2021,15,"0023",124.6,208.3,36.8,"05","01",0.0967741935483871,87.8
2021,15,"0024",188.2,205.7,70.5,"05","01",0.709677419354839,117.7
2021,15,"0025",160.2,202.9,54.6,"06","01",0.387096774193548,105.6
2021,15,"0026",177.8,207.1,70.2,"06","01",0.580645161290323,107.6
2021,15,"0027",139.1,199.3,49.8,"06","01",0.225806451612903,89.3
2021,15,"0028",134.7,208.2,33.3,"06","01",0.161290322580645,101.4
2021,15,"0029",238.9,257.1,136.1,"07","01",0.870967741935484,102.8
2021,15,"0030",157.8,192.7,57.4,"07","01",0.354838709677419,100.4
2021,15,"0031",127.5,156.8,38.1,"07","01",0.129032258064516,89.4
2021,15,"0032",255.5,279.8,99.9,"07","01",1,155.6
2021,16,"0001",149.9,199.4,88.9,"00","00",0.32258064516129,61
2021,16,"0002",240.7,261.6,134.3,"00","00",0.870967741935484,106.4
2021,16,"0003",200.9,274.4,132.3,"00","00",0.67741935483871,68.6
2021,16,"0004",137.1,253.2,72.5,"00","00",0.225806451612903,64.6
2021,16,"0005",211.5,236.6,126.3,"01","00",0.741935483870968,85.2
2021,16,"0006",257.9,321.3,172.1,"01","00",0.967741935483871,85.8
2021,16,"0007",189.5,210.1,114.3,"01","00",0.645161290322581,75.2
2021,16,"0008",128.4,190.6,61.1,"01","00",0.161290322580645,67.3
2021,16,"0009",183.3,233.5,73.4,"02","00",0.516129032258065,109.9
2021,16,"0010",176.7,214.9,90.5,"02","00",0.483870967741935,86.2
2021,16,"0011",225.3,256.7,100.6,"02","00",0.806451612903226,124.7
2021,16,"0012",242.2,249.5,136.5,"02","00",0.903225806451613,105.7
2021,16,"0013",95.4,144.5,42.4,"03","00",0,53
2021,16,"0014",131.6,175.3,25.6,"03","00",0.193548387096774,106
2021,16,"0015",141,208.4,72.7,"03","00",0.258064516129032,68.3
2021,16,"0016",106.2,146.3,27.4,"03","00",0.032258064516129,78.8
2021,16,"0017",184.5,243,58.6,"04","01",0.548387096774194,125.9
2021,16,"0018",142.6,186.5,57,"04","01",0.290322580645161,85.6
2021,16,"0019",125.6,187.2,42.6,"04","01",0.129032258064516,83
2021,16,"0020",111.2,171.8,62.8,"04","01",0.0967741935483871,48.4
2021,16,"0021",251.5,272.9,123.7,"05","01",0.935483870967742,127.8
2021,16,"0022",279.3,289.4,147.5,"05","01",1,131.8
2021,16,"0023",106.4,161,53.8,"05","01",0.0645161290322581,52.6
2021,16,"0024",201.9,219.4,131.5,"05","01",0.709677419354839,70.4
2021,16,"0025",238.3,289.3,144.8,"06","01",0.838709677419355,93.5
2021,16,"0026",151.6,177.6,68.8,"06","01",0.387096774193548,82.8
2021,16,"0027",186.1,217.6,108.9,"06","01",0.580645161290323,77.2
2021,16,"0028",174.4,186.7,72.5,"06","01",0.451612903225806,101.9
2021,16,"0029",218.8,257.1,142.7,"07","01",0.774193548387097,76.1
2021,16,"0030",163.6,186.2,107.6,"07","01",0.419354838709677,56
2021,16,"0031",151.4,205.2,56,"07","01",0.354838709677419,95.4
2021,16,"0032",186.4,237.8,99.8,"07","01",0.612903225806452,86.6
2021,17,"0001",161.1,224.6,114.6,"00","00",0.387096774193548,46.5
2021,17,"0002",220.7,260.4,141.3,"00","00",0.709677419354839,79.4
2021,17,"0003",264,327.2,134.1,"00","00",1,129.9
2021,17,"0004",157,221.8,26.6,"00","00",0.290322580645161,130.4
2021,17,"0005",247.6,267.2,129.1,"01","00",0.903225806451613,118.5
2021,17,"0006",237.9,301.8,120.8,"01","00",0.774193548387097,117.1
2021,17,"0007",138,144.5,49.9,"01","00",0.161290322580645,88.1
2021,17,"0008",193.9,238.8,101,"01","00",0.548387096774194,92.9
2021,17,"0009",179.4,202.2,97.9,"02","00",0.516129032258065,81.5
2021,17,"0010",202,248.1,82.7,"02","00",0.580645161290323,119.3
2021,17,"0011",152.7,221.1,56,"02","00",0.258064516129032,96.7
2021,17,"0012",167.4,205.5,55.2,"02","00",0.451612903225806,112.2
2021,17,"0013",92.3,146.1,51.3,"03","00",0,41
2021,17,"0014",151.2,190.9,71.8,"03","00",0.225806451612903,79.4
2021,17,"0015",108.5,182.6,43,"03","00",0.032258064516129,65.5
2021,17,"0016",224,279.2,102.4,"03","00",0.741935483870968,121.6
2021,17,"0017",215.4,226.9,91,"04","01",0.645161290322581,124.4
2021,17,"0018",117.9,178,21.3,"04","01",0.0967741935483871,96.6
2021,17,"0019",166.5,253.9,96.5,"04","01",0.419354838709677,70
2021,17,"0020",135,189.3,100,"04","01",0.129032258064516,35
2021,17,"0021",204.2,240.3,115,"05","01",0.612903225806452,89.2
2021,17,"0022",261.6,279.6,165,"05","01",0.967741935483871,96.6
2021,17,"0023",112.3,142.2,55.4,"05","01",0.0645161290322581,56.9
2021,17,"0024",241.2,272.1,129.4,"05","01",0.838709677419355,111.8
2021,17,"0025",142.8,208.4,25.7,"06","01",0.193548387096774,117.1
2021,17,"0026",157.3,215.5,81.8,"06","01",0.32258064516129,75.5
2021,17,"0027",241.1,279.4,108,"06","01",0.806451612903226,133.1
2021,17,"0028",244.2,252.4,141.6,"06","01",0.870967741935484,102.6
2021,17,"0029",216.5,272.6,104.8,"07","01",0.67741935483871,111.7
2021,17,"0030",158.7,194.7,78.6,"07","01",0.354838709677419,80.1
2021,17,"0031",247.8,264.1,129.7,"07","01",0.935483870967742,118.1
2021,17,"0032",176.7,203.7,83.2,"07","01",0.483870967741935,93.5
2022,1,"0001",196.8,250.2,77.4,"00","00",0.483870967741935,119.4
2022,1,"0002",198.7,254.1,89.8,"00","00",0.516129032258065,108.9
2022,1,"0003",187.7,234.6,76.2,"00","00",0.387096774193548,111.5
2022,1,"0004",209.7,262.4,96.3,"00","00",0.741935483870968,113.4
2022,1,"0005",265.4,303,142.8,"01","00",0.935483870967742,122.6
2022,1,"0006",152.5,174.4,57.9,"01","00",0.0967741935483871,94.6
2022,1,"0007",181.7,241.3,84.7,"01","00",0.354838709677419,97
2022,1,"0008",166.5,204.7,80.9,"01","00",0.161290322580645,85.6
2022,1,"0009",192.3,249.1,93.6,"02","00",0.419354838709677,98.7
2022,1,"0010",240.9,281.4,120.8,"02","00",0.838709677419355,120.1
2022,1,"0011",222.5,262.4,140.1,"02","00",0.774193548387097,82.4
2022,1,"0012",205.6,229.5,70.8,"02","00",0.645161290322581,134.8
2022,1,"0013",128.1,175.6,44.3,"03","00",0,83.8
2022,1,"0014",169.2,195.8,76.9,"03","00",0.193548387096774,92.3
2022,1,"0015",275.1,317.9,135.4,"03","00",0.967741935483871,139.7
2022,1,"0016",200.1,263.2,89.2,"03","00",0.580645161290323,110.9
2022,1,"0017",262.4,288,137.7,"04","01",0.903225806451613,124.7
2022,1,"0018",199.7,257.8,62.9,"04","01",0.548387096774194,136.8
2022,1,"0019",208.6,246.5,101.9,"04","01",0.709677419354839,106.7
2022,1,"0020",177.9,205.1,77.1,"04","01",0.290322580645161,100.8
2022,1,"0021",173.8,218.7,86,"05","01",0.258064516129032,87.8
2022,1,"0022",142.2,207.3,66.3,"05","01",0.032258064516129,75.9
2022,1,"0023",149.3,210.4,34.4,"05","01",0.0645161290322581,114.9
2022,1,"0024",166.1,227.3,40.6,"05","01",0.129032258064516,125.5
2022,1,"0025",207.4,278.2,130.8,"06","01",0.67741935483871,76.6
2022,1,"0026",171.6,233.2,86.2,"06","01",0.225806451612903,85.4
2022,1,"0027",242.4,280.6,124.7,"06","01",0.870967741935484,117.7
2022,1,"0028",196.6,287.3,58.8,"06","01",0.451612903225806,137.8
2022,1,"0029",308.3,322.8,167.6,"07","01",1,140.7
2022,1,"0030",228.1,260.4,127.5,"07","01",0.806451612903226,100.6
2022,1,"0031",178.9,239.7,85.3,"07","01",0.32258064516129,93.6
2022,1,"0032",204.6,230.9,98.6,"07","01",0.612903225806452,106
2022,2,"0001",158.3,246.1,74.8,"00","00",0.225806451612903,83.5
2022,2,"0002",166.4,227.8,72.5,"00","00",0.290322580645161,93.9
2022,2,"0003",197.8,238.3,130.3,"00","00",0.548387096774194,67.5
2022,2,"0004",270.6,292.4,168.8,"00","00",0.967741935483871,101.8
2022,2,"0005",248.6,302.9,112.3,"01","00",0.870967741935484,136.3
2022,2,"0006",186.4,234.8,70.2,"01","00",0.483870967741935,116.2
2022,2,"0007",175.7,205.3,93.2,"01","00",0.419354838709677,82.5
2022,2,"0008",209.4,239.1,121.6,"01","00",0.645161290322581,87.8
2022,2,"0009",214.7,237,89.1,"02","00",0.709677419354839,125.6
2022,2,"0010",222.2,282.2,136.8,"02","00",0.741935483870968,85.4
2022,2,"0011",166.1,195.5,85.4,"02","00",0.258064516129032,80.7
2022,2,"0012",190.4,246.5,98.3,"02","00",0.516129032258065,92.1
2022,2,"0013",168.8,213.8,59.8,"03","00",0.32258064516129,109
2022,2,"0014",173.4,279.7,57.4,"03","00",0.354838709677419,116
2022,2,"0015",126.4,188.4,27.2,"03","00",0.032258064516129,99.2
2022,2,"0016",175.2,252.4,108.5,"03","00",0.387096774193548,66.7
2022,2,"0017",251.6,288.2,144,"04","01",0.903225806451613,107.6
2022,2,"0018",223.6,251.7,124.7,"04","01",0.774193548387097,98.9
2022,2,"0019",267.2,307,125.1,"04","01",0.935483870967742,142.1
2022,2,"0020",137.1,194.3,61,"04","01",0.0645161290322581,76.1
2022,2,"0021",236.5,254.4,132,"05","01",0.838709677419355,104.5
2022,2,"0022",199.6,235.4,87.8,"05","01",0.580645161290323,111.8
2022,2,"0023",111.6,189.4,43.3,"05","01",0,68.3
2022,2,"0024",155,220.6,61.8,"05","01",0.193548387096774,93.2
2022,2,"0025",231.6,241.9,133.7,"06","01",0.806451612903226,97.9
2022,2,"0026",147.7,230.2,65.7,"06","01",0.129032258064516,82
2022,2,"0027",291.5,312.7,202.8,"06","01",1,88.7
2022,2,"0028",199.7,248.3,103.8,"06","01",0.612903225806452,95.9
2022,2,"0029",183.1,218.2,101.4,"07","01",0.451612903225806,81.7
2022,2,"0030",210.4,240.9,110.2,"07","01",0.67741935483871,100.2
2022,2,"0031",153.3,304.6,54.2,"07","01",0.161290322580645,99.1
2022,2,"0032",144.6,175.5,73.3,"07","01",0.0967741935483871,71.3
2022,3,"0001",211,243.6,98.7,"00","00",0.645161290322581,112.3
2022,3,"0002",191,216.4,70.5,"00","00",0.387096774193548,120.5
2022,3,"0003",257.6,303.6,106,"00","00",0.903225806451613,151.6
2022,3,"0004",176.7,208.6,76.8,"00","00",0.193548387096774,99.9
2022,3,"0005",262.1,314.3,137.1,"01","00",0.935483870967742,125
2022,3,"0006",189.1,234.2,59.5,"01","00",0.354838709677419,129.6
2022,3,"0007",188.5,241.6,59.6,"01","00",0.32258064516129,128.9
2022,3,"0008",202.3,242.1,119.7,"01","00",0.548387096774194,82.6
2022,3,"0009",188.3,227.3,104.9,"02","00",0.290322580645161,83.4
2022,3,"0010",193.3,249.6,96.7,"02","00",0.451612903225806,96.6
2022,3,"0011",156.4,200,60.1,"02","00",0.129032258064516,96.3
2022,3,"0012",302.4,306.9,160.5,"02","00",1,141.9
2022,3,"0013",206.8,219.5,107.5,"03","00",0.580645161290323,99.3
2022,3,"0014",146.4,220.6,51.9,"03","00",0.0645161290322581,94.5
2022,3,"0015",214.6,270.1,73.7,"03","00",0.67741935483871,140.9
2022,3,"0016",192.1,211.2,112.4,"03","00",0.419354838709677,79.7
2022,3,"0017",210.4,279.7,124.6,"04","01",0.612903225806452,85.8
2022,3,"0018",243.6,269.3,137.1,"04","01",0.838709677419355,106.5
2022,3,"0019",246.7,277.9,85.4,"04","01",0.870967741935484,161.3
2022,3,"0020",147.9,184.4,59.9,"04","01",0.0967741935483871,88
2022,3,"0021",162.1,270.5,92.1,"05","01",0.161290322580645,70
2022,3,"0022",182.8,237.4,46.1,"05","01",0.225806451612903,136.7
2022,3,"0023",229.5,257,116.2,"05","01",0.806451612903226,113.3
2022,3,"0024",143.2,204.6,60.4,"05","01",0.032258064516129,82.8
2022,3,"0025",142.1,179.6,34,"06","01",0,108.1
2022,3,"0026",188.2,211.6,87.3,"06","01",0.258064516129032,100.9
2022,3,"0027",223.9,294.5,115.3,"06","01",0.709677419354839,108.6
2022,3,"0028",225,270.9,115.2,"06","01",0.774193548387097,109.8
2022,3,"0029",274.2,283.8,127.9,"07","01",0.967741935483871,146.3
2022,3,"0030",198.6,243.3,106.5,"07","01",0.483870967741935,92.1
2022,3,"0031",224.8,269.6,90.5,"07","01",0.741935483870968,134.3
2022,3,"0032",201.1,245.6,111.2,"07","01",0.516129032258065,89.9
2022,4,"0001",219.4,238.5,118.2,"00","00",0.709677419354839,101.2
2022,4,"0002",248.7,267,123.4,"00","00",0.935483870967742,125.3
2022,4,"0003",156.9,219.9,42.4,"00","00",0.0967741935483871,114.5
2022,4,"0004",217.6,297.8,88.7,"00","00",0.645161290322581,128.9
2022,4,"0005",188,235.6,90.5,"01","00",0.32258064516129,97.5
2022,4,"0006",205.2,242.1,113.8,"01","00",0.548387096774194,91.4
2022,4,"0007",156.1,219.7,62.9,"01","00",0.0645161290322581,93.2
2022,4,"0008",202.8,226.1,107.7,"01","00",0.483870967741935,95.1
2022,4,"0009",170.3,221.2,54.9,"02","00",0.161290322580645,115.4
2022,4,"0010",212.3,263.9,110.2,"02","00",0.612903225806452,102.1
2022,4,"0011",200.9,291.1,100.5,"02","00",0.387096774193548,100.4
2022,4,"0012",185.8,266.9,56.8,"02","00",0.290322580645161,129
2022,4,"0013",241.5,270.2,141.8,"03","00",0.870967741935484,99.7
2022,4,"0014",202.2,215.8,107.8,"03","00",0.419354838709677,94.4
2022,4,"0015",197.4,247.1,106.4,"03","00",0.354838709677419,91
2022,4,"0016",253,319.5,123.3,"03","00",0.967741935483871,129.7
2022,4,"0017",210.5,250.2,103.6,"04","01",0.580645161290323,106.9
2022,4,"0018",247.9,297.1,127,"04","01",0.903225806451613,120.9
2022,4,"0019",184.7,243.7,86.1,"04","01",0.258064516129032,98.6
2022,4,"0020",221.1,254.7,99,"04","01",0.774193548387097,122.1
2022,4,"0021",183.7,214.7,69.8,"05","01",0.193548387096774,113.9
2022,4,"0022",223,301.7,91.6,"05","01",0.806451612903226,131.4
2022,4,"0023",161.7,203.9,71.2,"05","01",0.129032258064516,90.5
2022,4,"0024",234.1,308.1,111.3,"05","01",0.838709677419355,122.8
2022,4,"0025",204.2,245.7,114.8,"06","01",0.516129032258065,89.4
2022,4,"0026",220.7,240.5,113.7,"06","01",0.741935483870968,107
2022,4,"0027",218.9,285.3,74.9,"06","01",0.67741935483871,144
2022,4,"0028",260.6,322.6,137.3,"06","01",1,123.3
2022,4,"0029",150.9,210.5,67,"07","01",0.032258064516129,83.9
2022,4,"0030",183.9,228.6,104,"07","01",0.225806451612903,79.9
2022,4,"0031",142.7,194.2,40,"07","01",0,102.7
2022,4,"0032",202.4,234.2,100.7,"07","01",0.451612903225806,101.7
2022,5,"0001",236.4,283.5,101.8,"00","00",0.870967741935484,134.6
2022,5,"0002",189.8,271.6,118.8,"00","00",0.516129032258065,71
2022,5,"0003",209.2,260.3,102,"00","00",0.645161290322581,107.2
2022,5,"0004",175.6,222.7,58.9,"00","00",0.451612903225806,116.7
2022,5,"0005",249.8,292.6,155.9,"01","00",0.903225806451613,93.9
2022,5,"0006",169.3,202.2,100.3,"01","00",0.258064516129032,69
2022,5,"0007",255.5,266.3,158.7,"01","00",0.935483870967742,96.8
2022,5,"0008",174.3,213.6,84.3,"01","00",0.387096774193548,90
2022,5,"0009",141.2,200.2,67.4,"02","00",0,73.8
2022,5,"0010",270,298.7,154.3,"02","00",0.967741935483871,115.7
2022,5,"0011",156.2,196.4,52.7,"02","00",0.129032258064516,103.5
2022,5,"0012",204.6,257.3,102,"02","00",0.612903225806452,102.6
2022,5,"0013",200.3,236.7,96.5,"03","00",0.580645161290323,103.8
2022,5,"0014",159.3,198.9,76.2,"03","00",0.161290322580645,83.1
2022,5,"0015",227.9,261.2,104.4,"03","00",0.806451612903226,123.5
2022,5,"0016",150.9,182.5,64.6,"03","00",0.0967741935483871,86.3
2022,5,"0017",172.1,198.6,77.5,"04","01",0.32258064516129,94.6
2022,5,"0018",193.8,221.5,77.9,"04","01",0.548387096774194,115.9
2022,5,"0019",213,271.1,117.9,"04","01",0.709677419354839,95.1
2022,5,"0020",173.4,195.6,86.1,"04","01",0.354838709677419,87.3
2022,5,"0021",231.9,264.5,128.6,"05","01",0.838709677419355,103.3
2022,5,"0022",171.2,229.8,58.1,"05","01",0.290322580645161,113.1
2022,5,"0023",165.3,206.8,68.4,"05","01",0.225806451612903,96.9
2022,5,"0024",163.1,242.6,60.9,"05","01",0.193548387096774,102.2
2022,5,"0025",145.7,171.9,88.9,"06","01",0.032258064516129,56.8
2022,5,"0026",209.5,240.7,119.6,"06","01",0.67741935483871,89.9
2022,5,"0027",148.3,204.8,82.9,"06","01",0.0645161290322581,65.4
2022,5,"0028",291.8,339.1,189.4,"06","01",1,102.4
2022,5,"0029",227,301.1,126.6,"07","01",0.774193548387097,100.4
2022,5,"0030",219.3,229.7,151.1,"07","01",0.741935483870968,68.2
2022,5,"0031",174.4,217.7,36.5,"07","01",0.419354838709677,137.9
2022,5,"0032",183.6,228.5,90.3,"07","01",0.483870967741935,93.3
2022,6,"0001",145.1,182.1,20,"00","00",0.129032258064516,125.1
2022,6,"0002",169.1,178.4,88.7,"00","00",0.290322580645161,80.4
2022,6,"0003",202.6,224.8,99.1,"00","00",0.741935483870968,103.5
2022,6,"0004",298.2,308.3,149.9,"00","00",1,148.3
2022,6,"0005",198.7,243.8,71.4,"01","00",0.645161290322581,127.3
2022,6,"0006",146.6,213.6,66.6,"01","00",0.161290322580645,80
2022,6,"0007",173.6,213.5,84.7,"01","00",0.32258064516129,88.9
2022,6,"0008",175.4,179.3,76.4,"01","00",0.354838709677419,99
2022,6,"0009",140.8,179.8,65.9,"02","00",0.0967741935483871,74.9
2022,6,"0010",203.3,218,102.6,"02","00",0.774193548387097,100.7
2022,6,"0011",158.7,175.6,83.2,"02","00",0.193548387096774,75.5
2022,6,"0012",199.7,263.6,78.8,"02","00",0.67741935483871,120.9
2022,6,"0013",247.4,260,111.3,"03","00",0.967741935483871,136.1
2022,6,"0014",212.8,225.8,118.5,"03","00",0.870967741935484,94.3
2022,6,"0015",176.7,195.7,102.2,"03","00",0.419354838709677,74.5
2022,6,"0016",167.8,235.4,86.9,"03","00",0.258064516129032,80.9
2022,6,"0017",129.4,172.4,51.8,"04","01",0.032258064516129,77.6
2022,6,"0018",158.8,165.6,61.4,"04","01",0.225806451612903,97.4
2022,6,"0019",195.7,238.5,93.2,"04","01",0.548387096774194,102.5
2022,6,"0020",186.1,207.7,81.4,"04","01",0.483870967741935,104.7
2022,6,"0021",178.4,205.7,101.2,"05","01",0.451612903225806,77.2
2022,6,"0022",176.3,193.7,79,"05","01",0.387096774193548,97.3
2022,6,"0023",201.5,243.2,74.4,"05","01",0.709677419354839,127.1
2022,6,"0024",100.2,175.9,4,"05","01",0,96.2
2022,6,"0025",193.2,222,71.3,"06","01",0.516129032258065,121.9
2022,6,"0026",135.7,161.8,47.1,"06","01",0.0645161290322581,88.6
2022,6,"0027",217.6,255.6,131.4,"06","01",0.935483870967742,86.2
2022,6,"0028",198.2,240.7,107.7,"06","01",0.580645161290323,90.5
2022,6,"0029",198.5,255.4,94.2,"07","01",0.612903225806452,104.3
2022,6,"0030",204.7,242.7,107.8,"07","01",0.806451612903226,96.9
2022,6,"0031",207.6,253.3,103.2,"07","01",0.838709677419355,104.4
2022,6,"0032",216.8,244,74.1,"07","01",0.903225806451613,142.7
2022,7,"0001",209.5,216.7,115.7,"00","00",0.548387096774194,93.8
2022,7,"0002",151.7,237.3,69,"00","00",0.129032258064516,82.7
2022,7,"0003",160.9,200.3,49,"00","00",0.193548387096774,111.9
2022,7,"0004",161.8,198.5,61.6,"00","00",0.225806451612903,100.2
2022,7,"0005",275.2,301.3,143,"01","00",1,132.2
2022,7,"0006",149.3,187.6,92.4,"01","00",0.0967741935483871,56.9
2022,7,"0007",218.9,259.6,129.1,"01","00",0.645161290322581,89.8
2022,7,"0008",246.9,252,128.8,"01","00",0.870967741935484,118.1
2022,7,"0009",200,221.3,107.3,"02","00",0.483870967741935,92.7
2022,7,"0010",168.4,191.7,46.7,"02","00",0.354838709677419,121.7
2022,7,"0011",228.1,252.3,105.9,"02","00",0.741935483870968,122.2
2022,7,"0012",162.3,180.1,93.3,"02","00",0.258064516129032,69
2022,7,"0013",239.2,264,124.9,"03","00",0.838709677419355,114.3
2022,7,"0014",217.7,219.5,108.4,"03","00",0.612903225806452,109.3
2022,7,"0015",169.9,195.4,76.4,"03","00",0.387096774193548,93.5
2022,7,"0016",231.5,240.8,84.9,"03","00",0.774193548387097,146.6
2022,7,"0017",225,236.3,90.5,"04","01",0.709677419354839,134.5
2022,7,"0018",164.6,211.2,73.4,"04","01",0.290322580645161,91.2
2022,7,"0019",167.1,184.1,78.2,"04","01",0.32258064516129,88.9
2022,7,"0020",196.6,243.6,74.4,"04","01",0.451612903225806,122.2
2022,7,"0021",233.7,255.2,129.4,"05","01",0.806451612903226,104.3
2022,7,"0022",124,152,46.9,"05","01",0.032258064516129,77.1
2022,7,"0023",257.9,279.2,125.3,"05","01",0.967741935483871,132.6
2022,7,"0024",139.4,209.8,55.7,"05","01",0.0645161290322581,83.7
2022,7,"0025",155,161.9,91.2,"06","01",0.161290322580645,63.8
2022,7,"0026",186.6,222,87.6,"06","01",0.419354838709677,99
2022,7,"0027",211.9,247.4,89.3,"06","01",0.580645161290323,122.6
2022,7,"0028",251,297.9,170.6,"06","01",0.903225806451613,80.4
2022,7,"0029",251.5,268.2,158.1,"07","01",0.935483870967742,93.4
2022,7,"0030",63.1,141.1,20.6,"07","01",0,42.5
2022,7,"0031",224.4,241.8,125.8,"07","01",0.67741935483871,98.6
2022,7,"0032",202.1,227.1,85.6,"07","01",0.516129032258065,116.5
2022,8,"0001",254.1,263.5,126.8,"00","00",0.935483870967742,127.3
2022,8,"0002",196.3,276.6,97.2,"00","00",0.354838709677419,99.1
2022,8,"0003",176,225.2,102.3,"00","00",0.193548387096774,73.7
2022,8,"0004",318.4,358.6,179.2,"00","00",1,139.2
2022,8,"0005",240.8,253.2,121.1,"01","00",0.806451612903226,119.7
2022,8,"0006",208.9,223.2,96.1,"01","00",0.451612903225806,112.8
2022,8,"0007",147.7,198.1,56.4,"01","00",0.0967741935483871,91.3
2022,8,"0008",208.2,260.8,104.4,"01","00",0.419354838709677,103.8
2022,8,"0009",188.1,227.8,93,"02","00",0.290322580645161,95.1
2022,8,"0010",186.3,204.9,104.3,"02","00",0.258064516129032,82
2022,8,"0011",102.6,201,64.1,"02","00",0,38.5
2022,8,"0012",226.6,240.7,136.8,"02","00",0.709677419354839,89.8
2022,8,"0013",198.1,217.8,67.1,"03","00",0.387096774193548,131
2022,8,"0014",276.2,298.5,132.2,"03","00",0.967741935483871,144
2022,8,"0015",224,245.4,114.5,"03","00",0.67741935483871,109.5
2022,8,"0016",156.4,201.4,69.3,"03","00",0.129032258064516,87.1
2022,8,"0017",209.7,279.6,90.4,"04","01",0.483870967741935,119.3
2022,8,"0018",215.6,226.6,126.6,"04","01",0.580645161290323,89
2022,8,"0019",220,287.9,76.2,"04","01",0.612903225806452,143.8
2022,8,"0020",210.5,274.2,133.2,"04","01",0.532258064516129,77.3
2022,8,"0021",235.6,250.7,128.3,"05","01",0.741935483870968,107.3
2022,8,"0022",195.1,223.3,70,"05","01",0.32258064516129,125.1
2022,8,"0023",161.2,179.3,60.3,"05","01",0.161290322580645,100.9
2022,8,"0024",109.4,209,49.8,"05","01",0.032258064516129,59.6
2022,8,"0025",210.5,259,96.2,"06","01",0.532258064516129,114.3
2022,8,"0026",179.4,208.6,67,"06","01",0.225806451612903,112.4
2022,8,"0027",243.6,269.9,140,"06","01",0.870967741935484,103.6
2022,8,"0028",221.1,288.2,138.5,"06","01",0.645161290322581,82.6
2022,8,"0029",241.2,297.4,97,"07","01",0.838709677419355,144.2
2022,8,"0030",142.5,160.1,64.6,"07","01",0.0645161290322581,77.9
2022,8,"0031",237.6,253.1,122.9,"07","01",0.774193548387097,114.7
2022,8,"0032",246.3,271.8,91.2,"07","01",0.903225806451613,155.1
2022,9,"0001",221.3,234.4,98.6,"00","00",0.870967741935484,122.7
2022,9,"0002",174.5,179.9,90.1,"00","00",0.612903225806452,84.4
2022,9,"0003",149.3,196.3,55.4,"00","00",0.290322580645161,93.9
2022,9,"0004",167.5,172.4,70.7,"00","00",0.516129032258065,96.8
2022,9,"0005",279.5,296.2,156.1,"01","00",1,123.4
2022,9,"0006",150.3,201.5,88.9,"01","00",0.32258064516129,61.4
2022,9,"0007",147.1,186.9,84.4,"01","00",0.225806451612903,62.7
2022,9,"0008",229.3,261.5,90.7,"01","00",0.903225806451613,138.6
2022,9,"0009",156.8,172.4,70.8,"02","00",0.387096774193548,86
2022,9,"0010",192.9,204.1,61.8,"02","00",0.67741935483871,131.1
2022,9,"0011",122.8,198.3,50.7,"02","00",0.129032258064516,72.1
2022,9,"0012",157.7,169.3,83.4,"02","00",0.419354838709677,74.3
2022,9,"0013",141.9,172.5,67.9,"03","00",0.193548387096774,74
2022,9,"0014",122.7,157.5,28.9,"03","00",0.0967741935483871,93.8
2022,9,"0015",186.8,206.8,49,"03","00",0.645161290322581,137.8
2022,9,"0016",115.5,165.3,21.6,"03","00",0.0645161290322581,93.9
2022,9,"0017",212.6,221.3,98.5,"04","01",0.806451612903226,114.1
2022,9,"0018",127.6,135.7,29.1,"04","01",0.161290322580645,98.5
2022,9,"0019",200.8,214.6,136.1,"04","01",0.741935483870968,64.7
2022,9,"0020",148.2,157.2,69.6,"04","01",0.258064516129032,78.6
2022,9,"0021",155.9,171.1,72.9,"05","01",0.354838709677419,83
2022,9,"0022",160.2,208.3,62.1,"05","01",0.451612903225806,98.1
2022,9,"0023",170.7,182.9,74.2,"05","01",0.548387096774194,96.5
2022,9,"0024",112.5,238.5,40.2,"05","01",0.032258064516129,72.3
2022,9,"0025",193.3,214.7,57.4,"06","01",0.709677419354839,135.9
2022,9,"0026",172.9,222.3,116.3,"06","01",0.580645161290323,56.6
2022,9,"0027",244,249.8,121.9,"06","01",0.967741935483871,122.1
2022,9,"0028",167.3,208.4,89.7,"06","01",0.483870967741935,77.6
2022,9,"0029",218.3,241.3,99.8,"07","01",0.838709677419355,118.5
2022,9,"0030",108.7,166.7,51.2,"07","01",0,57.5
2022,9,"0031",233.8,244.9,91.9,"07","01",0.935483870967742,141.9
2022,9,"0032",210.5,230,88.8,"07","01",0.774193548387097,121.7
2022,10,"0001",257.4,275,126.4,"00","00",0.967741935483871,131
2022,10,"0002",239.5,265.8,113.3,"00","00",0.903225806451613,126.2
2022,10,"0003",178.8,204.6,76.7,"00","00",0.32258064516129,102.1
2022,10,"0004",213.5,227.6,98.8,"00","00",0.693548387096774,114.7
2022,10,"0005",261.8,286,168.5,"01","00",1,93.3
2022,10,"0006",203.7,239.5,101,"01","00",0.548387096774194,102.7
2022,10,"0007",208.9,241.6,106.4,"01","00",0.645161290322581,102.5
2022,10,"0008",147.9,180.1,61.9,"01","00",0.161290322580645,86
2022,10,"0009",182.8,211.9,64.5,"02","00",0.354838709677419,118.3
2022,10,"0010",194.4,206.4,130.3,"02","00",0.516129032258065,64.1
2022,10,"0011",173.1,174.8,72.2,"02","00",0.290322580645161,100.9
2022,10,"0012",150.5,190.9,75.9,"02","00",0.193548387096774,74.6
2022,10,"0013",213.5,215.8,126.9,"03","00",0.693548387096774,86.6
2022,10,"0014",191.6,200,82,"03","00",0.483870967741935,109.6
2022,10,"0015",132.8,177.5,47,"03","00",0.032258064516129,85.8
2022,10,"0016",186.5,208.1,88.4,"03","00",0.387096774193548,98.1
2022,10,"0017",236.1,267.9,89.5,"04","01",0.870967741935484,146.6
2022,10,"0018",170.2,195.3,81.3,"04","01",0.258064516129032,88.9
2022,10,"0019",229,259.1,81.1,"04","01",0.838709677419355,147.9
2022,10,"0020",145.7,176.9,53.7,"04","01",0.129032258064516,92
2022,10,"0021",215.7,249,128.6,"05","01",0.774193548387097,87.1
2022,10,"0022",208.5,212.9,96.6,"05","01",0.612903225806452,111.9
2022,10,"0023",141,155.2,49.1,"05","01",0.0645161290322581,91.9
2022,10,"0024",107.4,176.2,27.1,"05","01",0,80.3
2022,10,"0025",214.9,256.7,111.4,"06","01",0.741935483870968,103.5
2022,10,"0026",218.1,229.8,108.6,"06","01",0.806451612903226,109.5
2022,10,"0027",204.5,225,121.2,"06","01",0.580645161290323,83.3
2022,10,"0028",151.7,226.7,67.6,"06","01",0.225806451612903,84.1
2022,10,"0029",249,286.6,132.4,"07","01",0.935483870967742,116.6
2022,10,"0030",144.3,153,76.3,"07","01",0.0967741935483871,68
2022,10,"0031",189.3,225.2,104.1,"07","01",0.451612903225806,85.2
2022,10,"0032",187.6,213.7,97.6,"07","01",0.419354838709677,90
2022,11,"0001",224.6,267.1,128.7,"00","00",0.838709677419355,95.9
2022,11,"0002",209,254.7,90,"00","00",0.67741935483871,119
2022,11,"0003",193.7,225.2,104.5,"00","00",0.612903225806452,89.2
2022,11,"0004",236.3,267.2,122.9,"00","00",0.903225806451613,113.4
2022,11,"0005",262.7,283.1,143.5,"01","00",0.967741935483871,119.2
2022,11,"0006",158.8,201.6,41.4,"01","00",0.161290322580645,117.4
2022,11,"0007",175.6,179.3,68,"01","00",0.403225806451613,107.6
2022,11,"0008",96,141.7,38,"01","00",0.032258064516129,58
2022,11,"0009",167.2,188.7,99.1,"02","00",0.225806451612903,68.1
2022,11,"0010",220.8,231.6,121.6,"02","00",0.806451612903226,99.2
2022,11,"0011",131.9,134.9,48.8,"02","00",0.0645161290322581,83.1
2022,11,"0012",213.3,227,106.4,"02","00",0.741935483870968,106.9
2022,11,"0013",189.5,223.8,102.4,"03","00",0.483870967741935,87.1
2022,11,"0014",170.6,202.3,93.9,"03","00",0.290322580645161,76.7
2022,11,"0015",171.1,221.2,54.6,"03","00",0.32258064516129,116.5
2022,11,"0016",175.6,216,87.8,"03","00",0.403225806451613,87.8
2022,11,"0017",243.1,252.2,129.3,"04","01",0.935483870967742,113.8
2022,11,"0018",214.1,241.2,129.2,"04","01",0.774193548387097,84.9
2022,11,"0019",193,204.5,100.9,"04","01",0.548387096774194,92.1
2022,11,"0020",154.1,185.5,85.6,"04","01",0.129032258064516,68.5
2022,11,"0021",150.3,164.2,70.1,"05","01",0.0967741935483871,80.2
2022,11,"0022",173.8,217.7,85.3,"05","01",0.354838709677419,88.5
2022,11,"0023",193.2,217.4,109.9,"05","01",0.580645161290323,83.3
2022,11,"0024",166.3,214.4,70.2,"05","01",0.193548387096774,96.1
2022,11,"0025",80.6,135.9,2.6,"06","01",0,78
2022,11,"0026",176.5,211.1,90.2,"06","01",0.451612903225806,86.3
2022,11,"0027",271,271,171.6,"06","01",1,99.4
2022,11,"0028",212,239.7,111.1,"06","01",0.709677419354839,100.9
2022,11,"0029",168.1,196.7,83.2,"07","01",0.258064516129032,84.9
2022,11,"0030",189.8,222.7,125.2,"07","01",0.516129032258065,64.6
2022,11,"0031",198.4,214.7,48.4,"07","01",0.645161290322581,150
2022,11,"0032",226.2,250,117.5,"07","01",0.870967741935484,108.7
2022,12,"0001",225.1,239.6,98.5,"00","00",0.838709677419355,126.6
2022,12,"0002",242,268,109.2,"00","00",0.903225806451613,132.8
2022,12,"0003",245.4,298.8,129.7,"00","00",0.967741935483871,115.7
2022,12,"0004",189.9,218.6,128.3,"00","00",0.354838709677419,61.6
2022,12,"0005",176.3,230.4,96.1,"01","00",0.209677419354839,80.2
2022,12,"0006",176.3,246,65.5,"01","00",0.209677419354839,110.8
2022,12,"0007",194.8,259.3,103.4,"01","00",0.483870967741935,91.4
2022,12,"0008",175,203.6,88.6,"01","00",0.129032258064516,86.4
2022,12,"0009",209.7,251.1,123.6,"02","00",0.645161290322581,86.1
2022,12,"0010",208.2,241.5,105.9,"02","00",0.612903225806452,102.3
2022,12,"0011",181.1,197.1,90.2,"02","00",0.290322580645161,90.9
2022,12,"0012",236.6,267.9,125.6,"02","00",0.870967741935484,111
2022,12,"0013",215.4,225.3,131.7,"03","00",0.709677419354839,83.7
2022,12,"0014",222.4,251,115.1,"03","00",0.806451612903226,107.3
2022,12,"0015",176,195.3,54.7,"03","00",0.161290322580645,121.3
2022,12,"0016",165.6,211.2,85.6,"03","00",0.0645161290322581,80
2022,12,"0017",180,210.2,84.7,"04","01",0.258064516129032,95.3
2022,12,"0018",207.9,251.1,89.1,"04","01",0.580645161290323,118.8
2022,12,"0019",200.6,223.5,118.3,"04","01",0.548387096774194,82.3
2022,12,"0020",149.1,207.9,59.2,"04","01",0,89.9
2022,12,"0021",210.9,269.1,116.7,"05","01",0.67741935483871,94.2
2022,12,"0022",256.6,279.3,124.9,"05","01",1,131.7
2022,12,"0023",244.8,278.5,121.6,"05","01",0.935483870967742,123.2
2022,12,"0024",164.2,193.1,39.5,"05","01",0.032258064516129,124.7
2022,12,"0025",191.1,218.5,80,"06","01",0.403225806451613,111.1
2022,12,"0026",187.9,222.7,125.3,"06","01",0.32258064516129,62.6
2022,12,"0027",191.1,261.9,82.3,"06","01",0.403225806451613,108.8
2022,12,"0028",216.5,260,89.4,"06","01",0.741935483870968,127.1
2022,12,"0029",218.5,259.2,111.3,"07","01",0.774193548387097,107.2
2022,12,"0030",167,193.9,80.5,"07","01",0.0967741935483871,86.5
2022,12,"0031",196.4,238.6,102.6,"07","01",0.516129032258065,93.8
2022,12,"0032",191.6,243,90.1,"07","01",0.451612903225806,101.5
2022,13,"0001",178.2,234,61.2,"00","00",0.290322580645161,117
2022,13,"0002",189.2,332.5,114.7,"00","00",0.451612903225806,74.5
2022,13,"0003",164.8,202.7,55.4,"00","00",0.193548387096774,109.4
2022,13,"0004",218.4,228.8,102.8,"00","00",0.806451612903226,115.6
2022,13,"0005",221.3,251.6,104.2,"01","00",0.838709677419355,117.1
2022,13,"0006",143.4,188.8,60.8,"01","00",0.0645161290322581,82.6
2022,13,"0007",177.9,199.2,46.4,"01","00",0.258064516129032,131.5
2022,13,"0008",140.6,207,36.1,"01","00",0.032258064516129,104.5
2022,13,"0009",201,240.2,94.5,"02","00",0.596774193548387,106.5
2022,13,"0010",198.6,226.6,114.5,"02","00",0.548387096774194,84.1
2022,13,"0011",212.1,233.6,144.1,"02","00",0.645161290322581,68
2022,13,"0012",217.6,235.7,116.8,"02","00",0.741935483870968,100.8
2022,13,"0013",236.7,257.5,137.7,"03","00",0.935483870967742,99
2022,13,"0014",185.2,219.1,80.5,"03","00",0.387096774193548,104.7
2022,13,"0015",218.3,234.7,93.6,"03","00",0.774193548387097,124.7
2022,13,"0016",176.5,187.3,103.4,"03","00",0.225806451612903,73.1
2022,13,"0017",201,261.5,127.3,"04","01",0.596774193548387,73.7
2022,13,"0018",197.9,271.9,76,"04","01",0.516129032258065,121.9
2022,13,"0019",231.3,282.2,78.4,"04","01",0.903225806451613,152.9
2022,13,"0020",135.1,169.2,79.8,"04","01",0,55.3
2022,13,"0021",217.4,252.6,105.1,"05","01",0.709677419354839,112.3
2022,13,"0022",159.2,196.1,73.7,"05","01",0.129032258064516,85.5
2022,13,"0023",159.4,168.7,76.8,"05","01",0.161290322580645,82.6
2022,13,"0024",179.9,224.2,42.4,"05","01",0.32258064516129,137.5
2022,13,"0025",185.3,198.1,106.6,"06","01",0.419354838709677,78.7
2022,13,"0026",230.7,236.5,121.2,"06","01",0.870967741935484,109.5
2022,13,"0027",260.3,295.2,117.4,"06","01",1,142.9
2022,13,"0028",236.8,271.5,130.7,"06","01",0.967741935483871,106.1
2022,13,"0029",195.5,223,110.2,"07","01",0.483870967741935,85.3
2022,13,"0030",214.6,223.1,122.5,"07","01",0.67741935483871,92.1
2022,13,"0031",184,214.7,79.6,"07","01",0.354838709677419,104.4
2022,13,"0032",148.6,170.9,47.7,"07","01",0.0967741935483871,100.9
2022,14,"0001",100.3,145.4,21.2,"00","00",0,79.1
2022,14,"0002",215,216.8,126.8,"00","00",0.806451612903226,88.2
2022,14,"0003",148.2,188.3,61.8,"00","00",0.290322580645161,86.4
2022,14,"0004",254.3,274.2,158.3,"00","00",0.967741935483871,96
2022,14,"0005",150.1,226,57.3,"01","00",0.32258064516129,92.8
2022,14,"0006",138.1,179.5,27,"01","00",0.17741935483871,111.1
2022,14,"0007",235.4,247.4,164.6,"01","00",0.935483870967742,70.8
2022,14,"0008",132.9,173.9,50.8,"01","00",0.0967741935483871,82.1
2022,14,"0009",152.8,192.4,43,"02","00",0.354838709677419,109.8
2022,14,"0010",221.7,248.6,103.5,"02","00",0.838709677419355,118.2
2022,14,"0011",154,176,92.7,"02","00",0.403225806451613,61.3
2022,14,"0012",171,172.6,88.8,"02","00",0.483870967741935,82.2
2022,14,"0013",133.2,178.4,71.3,"03","00",0.129032258064516,61.9
2022,14,"0014",227,261,125.1,"03","00",0.903225806451613,101.9
2022,14,"0015",262.1,277.6,132.1,"03","00",1,130
2022,14,"0016",188.1,225.6,89.8,"03","00",0.516129032258065,98.3
2022,14,"0017",154,178.5,77,"04","01",0.403225806451613,77
2022,14,"0018",198.3,200.3,105.9,"04","01",0.596774193548387,92.4
2022,14,"0019",224.2,250.7,115.3,"04","01",0.870967741935484,108.9
2022,14,"0020",119.7,165.4,48.7,"04","01",0.0645161290322581,71
2022,14,"0021",157.3,187.7,64.8,"05","01",0.451612903225806,92.5
2022,14,"0022",198.3,203.3,88.7,"05","01",0.596774193548387,109.6
2022,14,"0023",205.6,240.6,73.2,"05","01",0.709677419354839,132.4
2022,14,"0024",202.5,239.5,77.8,"05","01",0.645161290322581,124.7
2022,14,"0025",114.1,185.1,56.6,"06","01",0.032258064516129,57.5
2022,14,"0026",208.1,226.7,141.4,"06","01",0.741935483870968,66.7
2022,14,"0027",209.8,289.2,73.1,"06","01",0.774193548387097,136.7
2022,14,"0028",188.8,215,72.5,"06","01",0.548387096774194,116.3
2022,14,"0029",138.1,160.9,83,"07","01",0.17741935483871,55.1
2022,14,"0030",140.9,167.2,58,"07","01",0.225806451612903,82.9
2022,14,"0031",204.6,235.6,80.2,"07","01",0.67741935483871,124.4
2022,14,"0032",147.7,165.6,73.1,"07","01",0.258064516129032,74.6
2022,15,"0001",167.9,243.2,86.8,"00","00",0.161290322580645,81.1
2022,15,"0002",248,297.6,115.2,"00","00",0.870967741935484,132.8
2022,15,"0003",192.9,277.7,71.1,"00","00",0.451612903225806,121.8
2022,15,"0004",153.2,191.2,54.7,"00","00",0.0967741935483871,98.5
2022,15,"0005",297.2,353.2,154.6,"01","00",1,142.6
2022,15,"0006",199.1,217.2,93.7,"01","00",0.548387096774194,105.4
2022,15,"0007",205.9,225.5,119.2,"01","00",0.645161290322581,86.7
2022,15,"0008",136.3,188.8,43.3,"01","00",0.032258064516129,93
2022,15,"0009",205.8,238.4,81.6,"02","00",0.612903225806452,124.2
2022,15,"0010",208,228.3,131,"02","00",0.67741935483871,77
2022,15,"0011",184.4,209.4,82.7,"02","00",0.387096774193548,101.7
2022,15,"0012",234.2,279.3,94.5,"02","00",0.838709677419355,139.7
2022,15,"0013",172.6,224.7,92.8,"03","00",0.225806451612903,79.8
2022,15,"0014",195.2,236.6,71.8,"03","00",0.483870967741935,123.4
2022,15,"0015",228.4,251.6,120.9,"03","00",0.806451612903226,107.5
2022,15,"0016",162,228.6,87.7,"03","00",0.129032258064516,74.3
2022,15,"0017",227.4,257.5,109.6,"04","01",0.774193548387097,117.8
2022,15,"0018",182.9,254.1,83.4,"04","01",0.32258064516129,99.5
2022,15,"0019",169.8,208.8,96.9,"04","01",0.193548387096774,72.9
2022,15,"0020",133.7,197.1,69.9,"04","01",0,63.8
2022,15,"0021",205.5,247.3,104.2,"05","01",0.580645161290323,101.3
2022,15,"0022",143.2,202,73.8,"05","01",0.0645161290322581,69.4
2022,15,"0023",183.6,246.7,46.3,"05","01",0.354838709677419,137.3
2022,15,"0024",198,229.6,63.7,"05","01",0.516129032258065,134.3
2022,15,"0025",177.2,224.4,94.9,"06","01",0.290322580645161,82.3
2022,15,"0026",176.7,236.9,80,"06","01",0.258064516129032,96.7
2022,15,"0027",257.6,280.7,120.6,"06","01",0.903225806451613,137
2022,15,"0028",226.4,242.6,122.7,"06","01",0.741935483870968,103.7
2022,15,"0029",261.8,308.7,137.4,"07","01",0.967741935483871,124.4
2022,15,"0030",187.9,230,86.2,"07","01",0.419354838709677,101.7
2022,15,"0031",257.9,290.5,108.6,"07","01",0.935483870967742,149.3
2022,15,"0032",216.3,235.1,89.7,"07","01",0.709677419354839,126.6
2022,16,"0001",164.4,188.2,72.4,"00","00",0.161290322580645,92
2022,16,"0002",220.8,252.4,91.3,"00","00",0.838709677419355,129.5
2022,16,"0003",214.1,254.9,77.7,"00","00",0.741935483870968,136.4
2022,16,"0004",149.3,235,58.4,"00","00",0.0645161290322581,90.9
2022,16,"0005",211.2,264.1,111.2,"01","00",0.709677419354839,100
2022,16,"0006",205.8,247.3,90.1,"01","00",0.67741935483871,115.7
2022,16,"0007",232.4,253.7,127.9,"01","00",0.903225806451613,104.5
2022,16,"0008",158.8,212.1,83.8,"01","00",0.129032258064516,75
2022,16,"0009",184.4,205.3,81.6,"02","00",0.354838709677419,102.8
2022,16,"0010",146.1,196.4,64.3,"02","00",0,81.8
2022,16,"0011",180.5,196.4,70.8,"02","00",0.32258064516129,109.7
2022,16,"0012",175.4,219.7,68.4,"02","00",0.258064516129032,107
2022,16,"0013",201.3,217,99.9,"03","00",0.612903225806452,101.4
2022,16,"0014",226.4,254.5,109.3,"03","00",0.870967741935484,117.1
2022,16,"0015",217.4,243,107.9,"03","00",0.806451612903226,109.5
2022,16,"0016",184.9,246.5,73.7,"03","00",0.387096774193548,111.2
2022,16,"0017",192.8,206.8,95.9,"04","01",0.451612903225806,96.9
2022,16,"0018",191.6,233.3,112.9,"04","01",0.419354838709677,78.7
2022,16,"0019",197,263.5,80,"04","01",0.580645161290323,117
2022,16,"0020",170.9,215.1,33,"04","01",0.225806451612903,137.9
2022,16,"0021",176.2,206.7,76.2,"05","01",0.290322580645161,100
2022,16,"0022",196.2,258.2,62.5,"05","01",0.516129032258065,133.7
2022,16,"0023",196.6,260.4,87,"05","01",0.548387096774194,109.6
2022,16,"0024",169.8,209.9,46,"05","01",0.193548387096774,123.8
2022,16,"0025",147.4,204.2,76.3,"06","01",0.032258064516129,71.1
2022,16,"0026",236.4,264.9,70.7,"06","01",0.935483870967742,165.7
2022,16,"0027",215.8,263.4,117.4,"06","01",0.774193548387097,98.4
2022,16,"0028",203.4,240.9,95.5,"06","01",0.645161290322581,107.9
2022,16,"0029",241.1,268,123.4,"07","01",0.967741935483871,117.7
2022,16,"0030",152.7,235.7,94.2,"07","01",0.0967741935483871,58.5
2022,16,"0031",195.7,228,51.6,"07","01",0.483870967741935,144.1
2022,16,"0032",249.8,276.2,98.8,"07","01",1,151
2022,17,"0001",126.9,175.2,12.7,"00","00",0.032258064516129,114.2
2022,17,"0002",215.3,233.3,148.8,"00","00",0.709677419354839,66.5
2022,17,"0003",163.3,198,45.4,"00","00",0.290322580645161,117.9
2022,17,"0004",249,258.1,120.7,"00","00",0.967741935483871,128.3
2022,17,"0005",185,233,95.7,"01","00",0.516129032258065,89.3
2022,17,"0006",200.4,324.5,98.6,"01","00",0.612903225806452,101.8
2022,17,"0007",179.8,255.6,80.2,"01","00",0.483870967741935,99.6
2022,17,"0008",133.3,177.2,37,"01","00",0.129032258064516,96.3
2022,17,"0009",164,178,77.8,"02","00",0.32258064516129,86.2
2022,17,"0010",231.9,238.4,131.9,"02","00",0.838709677419355,100
2022,17,"0011",178.9,221.2,106.6,"02","00",0.451612903225806,72.3
2022,17,"0012",129.8,172.6,31.2,"02","00",0.0645161290322581,98.6
2022,17,"0013",210,269,80.1,"03","00",0.645161290322581,129.9
2022,17,"0014",130.5,217.3,68.9,"03","00",0.0967741935483871,61.6
2022,17,"0015",165.1,259.1,69,"03","00",0.354838709677419,96.1
2022,17,"0016",210.9,242.2,120.4,"03","00",0.67741935483871,90.5
2022,17,"0017",170.7,226.9,56,"04","01",0.387096774193548,114.7
2022,17,"0018",216.4,243.4,135.7,"04","01",0.741935483870968,80.7
2022,17,"0019",268.7,283.7,137.4,"04","01",1,131.3
2022,17,"0020",144,186.1,70.4,"04","01",0.161290322580645,73.6
2022,17,"0021",236.1,246.4,110.2,"05","01",0.870967741935484,125.9
2022,17,"0022",152.1,177.8,75.9,"05","01",0.193548387096774,76.2
2022,17,"0023",126.2,201,4.6,"05","01",0,121.6
2022,17,"0024",241.1,270.7,88.5,"05","01",0.935483870967742,152.6
2022,17,"0025",190.7,246.3,144.5,"06","01",0.548387096774194,46.2
2022,17,"0026",226.4,255.7,117.5,"06","01",0.806451612903226,108.9
2022,17,"0027",239,298.7,103,"06","01",0.903225806451613,136
2022,17,"0028",172.4,191.1,98.2,"06","01",0.419354838709677,74.2
2022,17,"0029",197.5,264.5,104,"07","01",0.580645161290323,93.5
2022,17,"0030",157.2,186.1,69.1,"07","01",0.225806451612903,88.1
2022,17,"0031",160.6,213.9,80.1,"07","01",0.258064516129032,80.5
2022,17,"0032",223.5,248.7,116.5,"07","01",0.774193548387097,107
2023,1,"0001",123.2,174.4,52.6,"00","00",0,70.6
2023,1,"0002",204.1,236.8,81.3,"00","00",0.645161290322581,122.8
2023,1,"0003",222.3,272.5,117.6,"00","00",0.935483870967742,104.7
2023,1,"0004",212,219,85.5,"00","00",0.838709677419355,126.5
2023,1,"0005",189.6,220.1,95.9,"01","00",0.580645161290323,93.7
2023,1,"0006",208.5,284.6,76.9,"01","00",0.709677419354839,131.6
2023,1,"0007",156.8,210.1,55.9,"01","00",0.258064516129032,100.9
2023,1,"0008",151.9,241,31.5,"01","00",0.129032258064516,120.4
2023,1,"0009",185.7,219.1,63.3,"02","00",0.516129032258065,122.4
2023,1,"0010",160.1,179.6,85,"02","00",0.290322580645161,75.1
2023,1,"0011",152.2,238.4,86.4,"02","00",0.161290322580645,65.8
2023,1,"0012",193.8,228.6,85.4,"02","00",0.612903225806452,108.4
2023,1,"0013",162.4,186.1,63.4,"03","00",0.32258064516129,99
2023,1,"0014",244.3,286.9,120.5,"03","00",0.967741935483871,123.8
2023,1,"0015",208.9,251.9,38.6,"03","00",0.741935483870968,170.3
2023,1,"0016",218.9,250.2,102.6,"03","00",0.903225806451613,116.3
2023,1,"0017",184.5,254.3,110.7,"04","01",0.483870967741935,73.8
2023,1,"0018",211.4,238.7,73.5,"04","01",0.806451612903226,137.9
2023,1,"0019",179,248.9,69.1,"04","01",0.451612903225806,109.9
2023,1,"0020",172.6,239.9,53.5,"04","01",0.419354838709677,119.1
2023,1,"0021",137.3,222.6,74.5,"05","01",0.0967741935483871,62.8
2023,1,"0022",256,281.6,131,"05","01",1,125
2023,1,"0023",125.7,206.8,28.6,"05","01",0.032258064516129,97.1
2023,1,"0024",188.3,251.2,90.4,"05","01",0.548387096774194,97.9
2023,1,"0025",128,190.9,27.9,"06","01",0.0645161290322581,100.1
2023,1,"0026",154.1,252.8,43.2,"06","01",0.225806451612903,110.9
2023,1,"0027",153.5,235.3,14.5,"06","01",0.193548387096774,139
2023,1,"0028",215.9,261.4,90.5,"06","01",0.870967741935484,125.4
2023,1,"0029",169.3,200.5,61.3,"07","01",0.387096774193548,108
2023,1,"0030",211.2,227.5,92.5,"07","01",0.774193548387097,118.7
2023,1,"0031",205.9,241.9,98.5,"07","01",0.67741935483871,107.4
2023,1,"0032",163.9,191.3,97.3,"07","01",0.354838709677419,66.6
2023,2,"0001",202.4,225.4,125.7,"00","00",0.354838709677419,76.7
2023,2,"0002",184.6,284.2,73.4,"00","00",0.193548387096774,111.2
2023,2,"0003",186.6,236.4,81.2,"00","00",0.225806451612903,105.4
2023,2,"0004",203.1,230,111.7,"00","00",0.435483870967742,91.4
2023,2,"0005",296.8,309.4,159.7,"01","00",1,137.1
2023,2,"0006",203.3,228.3,81,"01","00",0.483870967741935,122.3
2023,2,"0007",216.2,269.4,108.4,"01","00",0.67741935483871,107.8
2023,2,"0008",256.4,347.7,117.7,"01","00",0.838709677419355,138.7
2023,2,"0009",213.8,249.7,120.5,"02","00",0.580645161290323,93.3
2023,2,"0010",176.4,209.5,85.4,"02","00",0.161290322580645,91
2023,2,"0011",202.8,255.7,92,"02","00",0.387096774193548,110.8
2023,2,"0012",238.1,287.3,124.5,"02","00",0.741935483870968,113.6
2023,2,"0013",209.9,251.3,133.4,"03","00",0.548387096774194,76.5
2023,2,"0014",188.5,232.5,83.3,"03","00",0.258064516129032,105.2
2023,2,"0015",151.5,224.7,33.8,"03","00",0.0645161290322581,117.7
2023,2,"0016",203.1,257,96.8,"03","00",0.435483870967742,106.3
2023,2,"0017",192.9,220.2,88.1,"04","01",0.32258064516129,104.8
2023,2,"0018",257.5,289.4,148.6,"04","01",0.870967741935484,108.9
2023,2,"0019",271.9,299,144.1,"04","01",0.935483870967742,127.8
2023,2,"0020",132.2,161.5,49.5,"04","01",0,82.7
2023,2,"0021",214.4,240.9,113.3,"05","01",0.612903225806452,101.1
2023,2,"0022",239.7,284.5,113.9,"05","01",0.774193548387097,125.8
2023,2,"0023",136.5,205.5,55.7,"05","01",0.032258064516129,80.8
2023,2,"0024",274.4,298.8,159.4,"05","01",0.967741935483871,115
2023,2,"0025",192.1,222.9,112.9,"06","01",0.290322580645161,79.2
2023,2,"0026",154,218.8,59.5,"06","01",0.0967741935483871,94.5
2023,2,"0027",250.3,285.7,144.1,"06","01",0.806451612903226,106.2
2023,2,"0028",229.8,251.2,114.1,"06","01",0.709677419354839,115.7
2023,2,"0029",265.1,295.6,122.8,"07","01",0.903225806451613,142.3
2023,2,"0030",214.5,239,101.7,"07","01",0.645161290322581,112.8
2023,2,"0031",170.2,257.2,60.9,"07","01",0.129032258064516,109.3
2023,2,"0032",206,235.7,59.7,"07","01",0.516129032258065,146.3
2023,3,"0001",200.2,209.6,99.5,"00","00",0.451612903225806,100.7
2023,3,"0002",263.8,282.2,153.8,"00","00",0.870967741935484,110
2023,3,"0003",176.3,214.9,81.7,"00","00",0.193548387096774,94.6
2023,3,"0004",306.3,368.9,186.2,"00","00",1,120.1
2023,3,"0005",254,278.4,129,"01","00",0.790322580645161,125
2023,3,"0006",254,278.2,119.7,"01","00",0.790322580645161,134.3
2023,3,"0007",169.8,214.2,87.2,"01","00",0.129032258064516,82.6
2023,3,"0008",173.7,250.9,90,"01","00",0.161290322580645,83.7
2023,3,"0009",221,273.1,96.7,"02","00",0.645161290322581,124.3
2023,3,"0010",167.1,191.1,75.4,"02","00",0.0967741935483871,91.7
2023,3,"0011",199.2,227.2,85.7,"02","00",0.419354838709677,113.5
2023,3,"0012",304.8,341.4,212,"02","00",0.967741935483871,92.8
2023,3,"0013",204.8,249.1,122.6,"03","00",0.483870967741935,82.2
2023,3,"0014",163.6,171.3,59,"03","00",0.0645161290322581,104.6
2023,3,"0015",159.1,176.1,94.6,"03","00",0.032258064516129,64.5
2023,3,"0016",286.8,294.9,157.4,"03","00",0.935483870967742,129.4
2023,3,"0017",261.7,289.8,143.2,"04","01",0.838709677419355,118.5
2023,3,"0018",221.6,253.4,121.4,"04","01",0.67741935483871,100.2
2023,3,"0019",207.9,218.1,124.6,"04","01",0.548387096774194,83.3
2023,3,"0020",184.9,193.3,89.3,"04","01",0.354838709677419,95.6
2023,3,"0021",145.9,228.9,48.8,"05","01",0,97.1
2023,3,"0022",229.5,239.8,86.9,"05","01",0.741935483870968,142.6
2023,3,"0023",205.4,245.5,72.6,"05","01",0.516129032258065,132.8
2023,3,"0024",181.7,239.7,91.9,"05","01",0.290322580645161,89.8
2023,3,"0025",177.5,195,110.7,"06","01",0.225806451612903,66.8
2023,3,"0026",182.3,224.9,47.5,"06","01",0.32258064516129,134.8
2023,3,"0027",180.4,261.8,58,"06","01",0.258064516129032,122.4
2023,3,"0028",276.5,306.3,164.3,"06","01",0.903225806451613,112.2
2023,3,"0029",218.2,249.3,110.6,"07","01",0.612903225806452,107.6
2023,3,"0030",227.8,267.7,156.5,"07","01",0.709677419354839,71.3
2023,3,"0031",197,260.2,110.1,"07","01",0.387096774193548,86.9
2023,3,"0032",214.4,234.5,147.1,"07","01",0.580645161290323,67.3
2023,4,"0001",279.6,279.6,176,"00","00",0.967741935483871,103.6
2023,4,"0002",241.6,275.5,108.1,"00","00",0.903225806451613,133.5
2023,4,"0003",241.9,282.4,150.3,"00","00",0.935483870967742,91.6
2023,4,"0004",197.8,237.8,103.5,"00","00",0.548387096774194,94.3
2023,4,"0005",170.6,245.2,70.6,"01","00",0.290322580645161,100
2023,4,"0006",174.2,220.8,31.5,"01","00",0.32258064516129,142.7
2023,4,"0007",186.5,214.1,112.8,"01","00",0.419354838709677,73.7
2023,4,"0008",174.9,229.4,92.8,"01","00",0.354838709677419,82.1
2023,4,"0009",236.6,275.2,104.5,"02","00",0.870967741935484,132.1
2023,4,"0010",230.5,267.1,134.8,"02","00",0.741935483870968,95.7
2023,4,"0011",218.5,234.5,108.6,"02","00",0.709677419354839,109.9
2023,4,"0012",157.7,217.6,56.6,"02","00",0.129032258064516,101.1
2023,4,"0013",190.1,222.3,104.2,"03","00",0.516129032258065,85.9
2023,4,"0014",189.7,219.1,97.5,"03","00",0.483870967741935,92.2
2023,4,"0015",114.3,188.3,29.1,"03","00",0,85.2
2023,4,"0016",208.1,235,74.8,"03","00",0.612903225806452,133.3
2023,4,"0017",209.8,251.5,110.4,"04","01",0.645161290322581,99.4
2023,4,"0018",125.2,231.5,17.2,"04","01",0.032258064516129,108
2023,4,"0019",233.4,250.9,174.2,"04","01",0.838709677419355,59.2
2023,4,"0020",177.7,205.6,86.7,"04","01",0.387096774193548,91
2023,4,"0021",158.8,252.6,80.5,"05","01",0.161290322580645,78.3
2023,4,"0022",231.1,257.3,99.8,"05","01",0.774193548387097,131.3
2023,4,"0023",152.7,206.6,71.6,"05","01",0.0967741935483871,81.1
2023,4,"0024",162.3,231.4,67.3,"05","01",0.193548387096774,95
2023,4,"0025",233.2,244,151.8,"06","01",0.806451612903226,81.4
2023,4,"0026",132.5,215.4,42.3,"06","01",0.0645161290322581,90.2
2023,4,"0027",355,390,169.8,"06","01",1,185.2
2023,4,"0028",187,209.2,79,"06","01",0.451612903225806,108
2023,4,"0029",215.7,245.3,111.2,"07","01",0.67741935483871,104.5
2023,4,"0030",167.8,234.3,70.7,"07","01",0.225806451612903,97.1
2023,4,"0031",202.8,253.4,111.8,"07","01",0.580645161290323,91
2023,4,"0032",169.9,206.6,78.3,"07","01",0.258064516129032,91.6
2023,5,"0001",223.3,238.5,125.7,"00","00",0.67741935483871,97.6
2023,5,"0002",217,265.7,104.7,"00","00",0.612903225806452,112.3
2023,5,"0003",151.5,162.5,61.2,"00","00",0.0645161290322581,90.3
2023,5,"0004",211.1,222.3,114.3,"00","00",0.516129032258065,96.8
2023,5,"0005",169.7,195.7,50.2,"01","00",0.225806451612903,119.5
2023,5,"0006",172.7,193.5,64.7,"01","00",0.258064516129032,108
2023,5,"0007",245.3,305.1,94.2,"01","00",0.870967741935484,151.1
2023,5,"0008",256.1,279.7,185.7,"01","00",0.967741935483871,70.4
2023,5,"0009",158.5,176.7,27.7,"02","00",0.0967741935483871,130.8
2023,5,"0010",221.7,268,93.7,"02","00",0.645161290322581,128
2023,5,"0011",168.9,178.4,96.4,"02","00",0.193548387096774,72.5
2023,5,"0012",206.1,235.6,100.1,"02","00",0.483870967741935,106
2023,5,"0013",251.7,276.8,164.3,"03","00",0.935483870967742,87.4
2023,5,"0014",214.5,244.2,96.5,"03","00",0.580645161290323,118
2023,5,"0015",160.4,252.1,61.2,"03","00",0.129032258064516,99.2
2023,5,"0016",205.3,230.4,84.9,"03","00",0.451612903225806,120.4
2023,5,"0017",225.6,269,156.1,"04","01",0.774193548387097,69.5
2023,5,"0018",180.5,188.6,91.2,"04","01",0.290322580645161,89.3
2023,5,"0019",266.3,278,162.8,"04","01",1,103.5
2023,5,"0020",182.1,192.4,68.3,"04","01",0.354838709677419,113.8
2023,5,"0021",181.6,244.4,100.4,"05","01",0.32258064516129,81.2
2023,5,"0022",234.9,237.6,101,"05","01",0.806451612903226,133.9
2023,5,"0023",132.5,217.6,51.9,"05","01",0,80.6
2023,5,"0024",223.5,235.2,90.8,"05","01",0.709677419354839,132.7
2023,5,"0025",161.1,174.3,47.6,"06","01",0.161290322580645,113.5
2023,5,"0026",225.4,237.9,91.7,"06","01",0.741935483870968,133.7
2023,5,"0027",246.8,290.9,120.9,"06","01",0.903225806451613,125.9
2023,5,"0028",144.1,168.9,61.6,"06","01",0.032258064516129,82.5
2023,5,"0029",237.1,274.8,136.3,"07","01",0.838709677419355,100.8
2023,5,"0030",214.3,226.9,102.1,"07","01",0.548387096774194,112.2
2023,5,"0031",190.6,221.7,76.1,"07","01",0.387096774193548,114.5
2023,5,"0032",205.1,217.5,115.2,"07","01",0.419354838709677,89.9
2023,6,"0001",167.8,191.9,81,"00","00",0.354838709677419,86.8
2023,6,"0002",188.9,232.2,47.2,"00","00",0.483870967741935,141.7
2023,6,"0003",213.8,225,89.2,"00","00",0.806451612903226,124.6
2023,6,"0004",200,222.6,98.6,"00","00",0.645161290322581,101.4
2023,6,"0005",195.2,222.9,51.2,"01","00",0.612903225806452,144
2023,6,"0006",120.5,174.1,41.9,"01","00",0,78.6
2023,6,"0007",207.1,236.5,112.8,"01","00",0.709677419354839,94.3
2023,6,"0008",166.1,193.9,74.6,"01","00",0.32258064516129,91.5
2023,6,"0009",161,170.3,66.4,"02","00",0.225806451612903,94.6
2023,6,"0010",212.4,246,63.7,"02","00",0.774193548387097,148.7
2023,6,"0011",205.6,230.1,114.8,"02","00",0.67741935483871,90.8
2023,6,"0012",243.4,289.8,104,"02","00",0.935483870967742,139.4
2023,6,"0013",218.1,265.3,98.7,"03","00",0.854838709677419,119.4
2023,6,"0014",184,211.6,70,"03","00",0.419354838709677,114
2023,6,"0015",154,191.7,73.6,"03","00",0.161290322580645,80.4
2023,6,"0016",192.5,224.9,76.1,"03","00",0.548387096774194,116.4
2023,6,"0017",152.7,179.8,95.3,"04","01",0.129032258064516,57.4
2023,6,"0018",207.8,218.8,75.3,"04","01",0.741935483870968,132.5
2023,6,"0019",192.7,233.8,105.7,"04","01",0.580645161290323,87
2023,6,"0020",245.8,255.4,81.2,"04","01",0.967741935483871,164.6
2023,6,"0021",218.1,289.6,123.3,"05","01",0.854838709677419,94.8
2023,6,"0022",240.8,253.6,99.7,"05","01",0.903225806451613,141.1
2023,6,"0023",141.9,171.2,32.3,"05","01",0.032258064516129,109.6
2023,6,"0024",155.7,195.6,73,"05","01",0.193548387096774,82.7
2023,6,"0025",152.1,228.3,86.4,"06","01",0.0967741935483871,65.7
2023,6,"0026",163.3,179.8,60.1,"06","01",0.258064516129032,103.2
2023,6,"0027",149.1,175.7,49.2,"06","01",0.0645161290322581,99.9
2023,6,"0028",184.7,221.6,89.3,"06","01",0.451612903225806,95.4
2023,6,"0029",165.3,216.1,42.3,"07","01",0.290322580645161,123
2023,6,"0030",181.6,190,77.5,"07","01",0.387096774193548,104.1
2023,6,"0031",270,320.3,153.4,"07","01",1,116.6
2023,6,"0032",191.4,213.3,107.5,"07","01",0.516129032258065,83.9
2023,7,"0001",149.4,163.9,83.8,"00","00",0.129032258064516,65.6
2023,7,"0002",146.2,188.7,36.1,"00","00",0.0967741935483871,110.1
2023,7,"0003",186.7,203.7,97.2,"00","00",0.419354838709677,89.5
2023,7,"0004",290.6,303.4,162.7,"00","00",1,127.9
2023,7,"0005",240.9,258.8,139.7,"01","00",0.903225806451613,101.2
2023,7,"0006",195.1,246.7,84,"01","00",0.548387096774194,111.1
2023,7,"0007",239.7,260.3,119.1,"01","00",0.870967741935484,120.6
2023,7,"0008",223.9,239.7,114.5,"01","00",0.741935483870968,109.4
2023,7,"0009",107.8,137.2,8.8,"02","00",0,99
2023,7,"0010",213.7,218.4,97.6,"02","00",0.709677419354839,116.1
2023,7,"0011",255.3,266.8,155.8,"02","00",0.935483870967742,99.5
2023,7,"0012",201.5,218.2,79.4,"02","00",0.612903225806452,122.1
2023,7,"0013",122.7,157.3,57.9,"03","00",0.032258064516129,64.8
2023,7,"0014",181.2,192,73.9,"03","00",0.290322580645161,107.3
2023,7,"0015",155.9,180.9,53.5,"03","00",0.161290322580645,102.4
2023,7,"0016",230.6,235.5,87.8,"03","00",0.806451612903226,142.8
2023,7,"0017",205.6,222.1,92.7,"04","01",0.645161290322581,112.9
2023,7,"0018",182.1,208.5,95.1,"04","01",0.32258064516129,87
2023,7,"0019",226.5,249.3,84.1,"04","01",0.774193548387097,142.4
2023,7,"0020",173.8,195,64.9,"04","01",0.258064516129032,108.9
2023,7,"0021",187.5,204.7,86.3,"05","01",0.467741935483871,101.2
2023,7,"0022",197.5,235.6,65.1,"05","01",0.580645161290323,132.4
2023,7,"0023",172.7,228.1,60.4,"05","01",0.225806451612903,112.3
2023,7,"0024",233.4,261.7,127.4,"05","01",0.838709677419355,106
2023,7,"0025",206,221.3,124.4,"06","01",0.67741935483871,81.6
2023,7,"0026",189.3,218.1,112.4,"06","01",0.516129032258065,76.9
2023,7,"0027",168.6,179.1,65.7,"06","01",0.193548387096774,102.9
2023,7,"0028",186.3,196.1,58.8,"06","01",0.387096774193548,127.5
2023,7,"0029",142.8,191.1,56.2,"07","01",0.0645161290322581,86.6
2023,7,"0030",261.3,282.5,150,"07","01",0.967741935483871,111.3
2023,7,"0031",184.2,247.8,96.2,"07","01",0.354838709677419,88
2023,7,"0032",187.5,197.1,102.4,"07","01",0.467741935483871,85.1
2023,8,"0001",211.3,229.5,137.3,"00","00",0.483870967741935,74
2023,8,"0002",213.5,294.7,79,"00","00",0.516129032258065,134.5
2023,8,"0003",205.4,249.1,125.3,"00","00",0.387096774193548,80.1
2023,8,"0004",157,196.5,50.4,"00","00",0.0967741935483871,106.6
2023,8,"0005",240.7,334.1,93,"01","00",0.645161290322581,147.7
2023,8,"0006",139.3,187.2,40.8,"01","00",0,98.5
2023,8,"0007",154.9,195.9,65.3,"01","00",0.0645161290322581,89.6
2023,8,"0008",208.5,291.6,68.3,"01","00",0.451612903225806,140.2
2023,8,"0009",158.8,233.8,46.8,"02","00",0.129032258064516,112
2023,8,"0010",236,274.1,108.2,"02","00",0.612903225806452,127.8
2023,8,"0011",224.1,277.6,68.6,"02","00",0.548387096774194,155.5
2023,8,"0012",307.4,324.5,155.5,"02","00",1,151.9
2023,8,"0013",249.6,259.7,148.7,"03","00",0.806451612903226,100.9
2023,8,"0014",188.1,259,93.3,"03","00",0.290322580645161,94.8
2023,8,"0015",171.9,195.5,78,"03","00",0.225806451612903,93.9
2023,8,"0016",267.4,313.9,145,"03","00",0.935483870967742,122.4
2023,8,"0017",245.2,283.3,108.5,"04","01",0.741935483870968,136.7
2023,8,"0018",140.2,192.9,69.4,"04","01",0.032258064516129,70.8
2023,8,"0019",249.3,299.1,126.7,"04","01",0.774193548387097,122.6
2023,8,"0020",208.1,225.8,91.8,"04","01",0.419354838709677,116.3
2023,8,"0021",292.1,320.2,185,"05","01",0.967741935483871,107.1
2023,8,"0022",203.2,242,87.7,"05","01",0.354838709677419,115.5
2023,8,"0023",259.5,271.9,144.8,"05","01",0.870967741935484,114.7
2023,8,"0024",231.2,273.3,121,"05","01",0.580645161290323,110.2
2023,8,"0025",166.4,204.7,79.3,"06","01",0.193548387096774,87.1
2023,8,"0026",173.7,258.2,109.9,"06","01",0.258064516129032,63.8
2023,8,"0027",242.2,353,95.7,"06","01",0.709677419354839,146.5
2023,8,"0028",241.3,273.1,120.9,"06","01",0.67741935483871,120.4
2023,8,"0029",252.6,291.6,120.9,"07","01",0.838709677419355,131.7
2023,8,"0030",165.6,241.9,54.3,"07","01",0.161290322580645,111.3
2023,8,"0031",266.7,285.1,150.5,"07","01",0.903225806451613,116.2
2023,8,"0032",195.1,234.4,90.2,"07","01",0.32258064516129,104.9
2023,9,"0001",171,206.2,82.3,"00","00",0.387096774193548,88.7
2023,9,"0002",226.8,271.4,140.2,"00","00",0.935483870967742,86.6
2023,9,"0003",165.5,173,68.4,"00","00",0.354838709677419,97.1
2023,9,"0004",217.9,265.8,88.6,"00","00",0.870967741935484,129.3
2023,9,"0005",164.5,175.2,58.9,"01","00",0.32258064516129,105.6
2023,9,"0006",160.8,185.2,62.8,"01","00",0.258064516129032,98
2023,9,"0007",124,188.1,56.7,"01","00",0.032258064516129,67.3
2023,9,"0008",191.4,221.6,89.4,"01","00",0.548387096774194,102
2023,9,"0009",213.9,275.3,103.5,"02","00",0.806451612903226,110.4
2023,9,"0010",257.5,297.4,112.5,"02","00",1,145
2023,9,"0011",176.8,213.4,94.9,"02","00",0.419354838709677,81.9
2023,9,"0012",205,230.2,83.2,"02","00",0.709677419354839,121.8
2023,9,"0013",157.7,180.8,33.9,"03","00",0.193548387096774,123.8
2023,9,"0014",199.3,218.2,119.7,"03","00",0.67741935483871,79.6
2023,9,"0015",185.9,226.6,89.1,"03","00",0.483870967741935,96.8
2023,9,"0016",127.5,221.5,46.7,"03","00",0.0645161290322581,80.8
2023,9,"0017",162.9,202.3,73.4,"04","01",0.290322580645161,89.5
2023,9,"0018",134.9,192.2,47.4,"04","01",0.129032258064516,87.5
2023,9,"0019",198.1,223.1,68.4,"04","01",0.645161290322581,129.7
2023,9,"0020",119,184.5,33.5,"04","01",0,85.5
2023,9,"0021",225.3,249.6,138.1,"05","01",0.903225806451613,87.2
2023,9,"0022",134.3,230.5,16.6,"05","01",0.0967741935483871,117.7
2023,9,"0023",194.1,222.1,89,"05","01",0.580645161290323,105.1
2023,9,"0024",189.9,247.3,102.9,"05","01",0.516129032258065,87
2023,9,"0025",185.2,213.4,101,"06","01",0.451612903225806,84.2
2023,9,"0026",207.7,231.6,116.2,"06","01",0.741935483870968,91.5
2023,9,"0027",233.4,277.2,85.2,"06","01",0.967741935483871,148.2
2023,9,"0028",154.4,177.3,67.3,"06","01",0.161290322580645,87.1
2023,9,"0029",195.3,234.6,53.5,"07","01",0.612903225806452,141.8
2023,9,"0030",159.3,221.3,84.8,"07","01",0.225806451612903,74.5
2023,9,"0031",217.1,230.4,93,"07","01",0.838709677419355,124.1
2023,9,"0032",212.7,259.8,84.2,"07","01",0.774193548387097,128.5
2023,10,"0001",166.1,221.6,88.4,"00","00",0.193548387096774,77.7
2023,10,"0002",192,228.3,99,"00","00",0.419354838709677,93
2023,10,"0003",171.7,238,50.7,"00","00",0.290322580645161,121
2023,10,"0004",258.2,293.3,104.9,"00","00",0.903225806451613,153.3
2023,10,"0005",215.1,233.7,108.8,"01","00",0.612903225806452,106.3
2023,10,"0006",251.8,267.6,127.4,"01","00",0.806451612903226,124.4
2023,10,"0007",225.4,264.6,109.3,"01","00",0.741935483870968,116.1
2023,10,"0008",204.6,239.5,120.7,"01","00",0.516129032258065,83.9
2023,10,"0009",252.1,260.1,106.1,"02","00",0.854838709677419,146
2023,10,"0010",162,215.4,44.5,"02","00",0.161290322580645,117.5
2023,10,"0011",167.9,208.9,98.2,"02","00",0.258064516129032,69.7
2023,10,"0012",175,188.4,108.5,"02","00",0.32258064516129,66.5
2023,10,"0013",221,249.9,148.7,"03","00",0.67741935483871,72.3
2023,10,"0014",183.1,199.6,93.5,"03","00",0.354838709677419,89.6
2023,10,"0015",142.8,182.9,64.4,"03","00",0.0645161290322581,78.4
2023,10,"0016",252.1,271,147.4,"03","00",0.854838709677419,104.7
2023,10,"0017",210.9,217.8,71.6,"04","01",0.580645161290323,139.3
2023,10,"0018",260.8,277.4,159.5,"04","01",0.967741935483871,101.3
2023,10,"0019",150.9,195.3,50.7,"04","01",0.0967741935483871,100.2
2023,10,"0020",258.5,262.5,124.4,"04","01",0.935483870967742,134.1
2023,10,"0021",215.5,232.1,122.9,"05","01",0.645161290322581,92.6
2023,10,"0022",205,240.1,105.1,"05","01",0.548387096774194,99.9
2023,10,"0023",201,211.3,95.1,"05","01",0.483870967741935,105.9
2023,10,"0024",167.3,224.9,112.1,"05","01",0.225806451612903,55.2
2023,10,"0025",156.4,235.3,78,"06","01",0.129032258064516,78.4
2023,10,"0026",193.9,228.1,85.7,"06","01",0.451612903225806,108.2
2023,10,"0027",222.3,258.2,85.2,"06","01",0.709677419354839,137.1
2023,10,"0028",227.7,233.6,104.4,"06","01",0.774193548387097,123.3
2023,10,"0029",189.4,212.3,93,"07","01",0.387096774193548,96.4
2023,10,"0030",284.9,296.5,188.3,"07","01",1,96.6
2023,10,"0031",138.4,153.9,68.7,"07","01",0.032258064516129,69.7
2023,10,"0032",129.7,161.2,64.3,"07","01",0,65.4
2023,11,"0001",141.3,175.7,64.9,"00","00",0.032258064516129,76.4
2023,11,"0002",216.1,242.4,96.6,"00","00",0.806451612903226,119.5
2023,11,"0003",273.5,288.7,159.5,"00","00",1,114
2023,11,"0004",141.5,173.7,54.8,"00","00",0.0645161290322581,86.7
2023,11,"0005",203.4,221.4,84.9,"01","00",0.612903225806452,118.5
2023,11,"0006",186.6,215.4,80.7,"01","00",0.451612903225806,105.9
2023,11,"0007",147.4,198.8,65.1,"01","00",0.161290322580645,82.3
2023,11,"0008",240.8,262.3,135.6,"01","00",0.903225806451613,105.2
2023,11,"0009",179,204.9,34.1,"02","00",0.387096774193548,144.9
2023,11,"0010",162,177.2,90.3,"02","00",0.32258064516129,71.7
2023,11,"0011",252.4,252.4,159.5,"02","00",0.967741935483871,92.9
2023,11,"0012",192.1,229.7,88.4,"02","00",0.516129032258065,103.7
2023,11,"0013",198.8,242,83.5,"03","00",0.580645161290323,115.3
2023,11,"0014",155.2,176.9,75.5,"03","00",0.258064516129032,79.7
2023,11,"0015",146.5,167.1,53.1,"03","00",0.0967741935483871,93.4
2023,11,"0016",221.5,234,93.7,"03","00",0.838709677419355,127.8
2023,11,"0017",183.9,208.3,64,"04","01",0.419354838709677,119.9
2023,11,"0018",191.9,221.7,64.2,"04","01",0.483870967741935,127.7
2023,11,"0019",169.5,182.4,108.3,"04","01",0.354838709677419,61.2
2023,11,"0020",156.6,209.6,60.5,"04","01",0.290322580645161,96.1
2023,11,"0021",154.8,184.6,66.3,"05","01",0.225806451612903,88.5
2023,11,"0022",152.4,171.6,23.4,"05","01",0.193548387096774,129
2023,11,"0023",146.7,194.9,45.4,"05","01",0.129032258064516,101.3
2023,11,"0024",209.3,218.2,113.4,"05","01",0.67741935483871,95.9
2023,11,"0025",209.4,235.1,105,"06","01",0.725806451612903,104.4
2023,11,"0026",205,234.7,89.4,"06","01",0.645161290322581,115.6
2023,11,"0027",236.7,290.8,123.9,"06","01",0.870967741935484,112.8
2023,11,"0028",251.4,267.4,137.1,"06","01",0.935483870967742,114.3
2023,11,"0029",139.2,166.7,64,"07","01",0,75.2
2023,11,"0030",212.5,252.6,94.9,"07","01",0.774193548387097,117.6
2023,11,"0031",192.8,201.7,43.2,"07","01",0.548387096774194,149.6
2023,11,"0032",209.4,223.4,107.9,"07","01",0.725806451612903,101.5
2023,12,"0001",200,212,106.8,"00","00",0.548387096774194,93.2
2023,12,"0002",238,285.3,140.8,"00","00",0.870967741935484,97.2
2023,12,"0003",315,332.9,190.4,"00","00",1,124.6
2023,12,"0004",213.5,257.6,96.5,"00","00",0.709677419354839,117
2023,12,"0005",169.3,203.6,68.6,"01","00",0.225806451612903,100.7
2023,12,"0006",269.6,312.7,148.5,"01","00",0.935483870967742,121.1
2023,12,"0007",232,293.9,85.3,"01","00",0.838709677419355,146.7
2023,12,"0008",188.2,255.4,75.4,"01","00",0.419354838709677,112.8
2023,12,"0009",144.7,218.7,32,"02","00",0.0645161290322581,112.7
2023,12,"0010",182,214.4,85.4,"02","00",0.354838709677419,96.6
2023,12,"0011",174.7,200.4,72,"02","00",0.258064516129032,102.7
2023,12,"0012",216.5,297.7,55.7,"02","00",0.741935483870968,160.8
2023,12,"0013",183.2,213.4,107.6,"03","00",0.387096774193548,75.6
2023,12,"0014",199.4,230.9,90.2,"03","00",0.516129032258065,109.2
2023,12,"0015",134.6,169.4,38.1,"03","00",0,96.5
2023,12,"0016",203.9,293.6,127.6,"03","00",0.580645161290323,76.3
2023,12,"0017",169.1,226.2,78,"04","01",0.193548387096774,91.1
2023,12,"0018",158.7,185.3,64.2,"04","01",0.0967741935483871,94.5
2023,12,"0019",212.2,287.8,131,"04","01",0.67741935483871,81.2
2023,12,"0020",176.7,217.8,82.6,"04","01",0.290322580645161,94.1
2023,12,"0021",197,263.6,95.6,"05","01",0.483870967741935,101.4
2023,12,"0022",206,271.1,78.8,"05","01",0.612903225806452,127.2
2023,12,"0023",140.6,212.2,44.2,"05","01",0.032258064516129,96.4
2023,12,"0024",167.2,246.4,34.8,"05","01",0.161290322580645,132.4
2023,12,"0025",210.8,252.7,118.8,"06","01",0.645161290322581,92
2023,12,"0026",165,213.6,46.3,"06","01",0.129032258064516,118.7
2023,12,"0027",306.3,329.2,148.4,"06","01",0.967741935483871,157.9
2023,12,"0028",196.6,229.6,78.2,"06","01",0.451612903225806,118.4
2023,12,"0029",230.4,256.3,130.9,"07","01",0.806451612903226,99.5
2023,12,"0030",252.2,284.4,154.3,"07","01",0.903225806451613,97.9
2023,12,"0031",181,223.5,97.5,"07","01",0.32258064516129,83.5
2023,12,"0032",218,267.4,128.8,"07","01",0.774193548387097,89.2
2023,13,"0001",102,118,27.8,"00","00",0.032258064516129,74.2
2023,13,"0002",229.4,236.2,81.3,"00","00",0.838709677419355,148.1
2023,13,"0003",212.8,232.6,124.3,"00","00",0.67741935483871,88.5
2023,13,"0004",206,214.8,103.9,"00","00",0.612903225806452,102.1
2023,13,"0005",137.3,142.9,49.1,"01","00",0.225806451612903,88.2
2023,13,"0006",217.3,221.3,146.2,"01","00",0.709677419354839,71.1
2023,13,"0007",224.9,275.6,152.5,"01","00",0.741935483870968,72.4
2023,13,"0008",134.8,225.2,62.5,"01","00",0.193548387096774,72.3
2023,13,"0009",166.3,196.3,77.4,"02","00",0.419354838709677,88.9
2023,13,"0010",247.7,266.6,143.8,"02","00",0.903225806451613,103.9
2023,13,"0011",130.1,189.3,58,"02","00",0.129032258064516,72.1
2023,13,"0012",160.3,219.6,75.4,"02","00",0.387096774193548,84.9
2023,13,"0013",197.3,218.6,101.5,"03","00",0.580645161290323,95.8
2023,13,"0014",145.9,210.2,88.1,"03","00",0.258064516129032,57.8
2023,13,"0015",108.1,116.7,23.3,"03","00",0.0967741935483871,84.8
2023,13,"0016",226.4,245.8,137.8,"03","00",0.774193548387097,88.6
2023,13,"0017",268.8,270.4,172.1,"04","01",1,96.7
2023,13,"0018",209.9,232.7,96.6,"04","01",0.645161290322581,113.3
2023,13,"0019",157,195.6,59.6,"04","01",0.354838709677419,97.4
2023,13,"0020",185.6,215.3,115,"04","01",0.548387096774194,70.6
2023,13,"0021",178.5,210.9,85.3,"05","01",0.483870967741935,93.2
2023,13,"0022",167.8,171.3,56.1,"05","01",0.451612903225806,111.7
2023,13,"0023",131.4,179.6,76.4,"05","01",0.161290322580645,55
2023,13,"0024",150.4,150.4,85.9,"05","01",0.32258064516129,64.5
2023,13,"0025",94.5,121.8,58.3,"06","01",0,36.2
2023,13,"0026",103.1,148.5,21.3,"06","01",0.0645161290322581,81.8
2023,13,"0027",250.8,294.9,140.3,"06","01",0.935483870967742,110.5
2023,13,"0028",252.8,261.3,155.3,"06","01",0.967741935483871,97.5
2023,13,"0029",244.4,264.2,129,"07","01",0.870967741935484,115.4
2023,13,"0030",148.4,180.2,92.1,"07","01",0.290322580645161,56.3
2023,13,"0031",181.4,195.4,78,"07","01",0.516129032258065,103.4
2023,13,"0032",229.3,253.1,138.4,"07","01",0.806451612903226,90.9
2023,14,"0001",104.2,136.6,38.5,"00","00",0.0645161290322581,65.7
2023,14,"0002",140.9,206,31.4,"00","00",0.129032258064516,109.5
2023,14,"0003",203.1,237.4,98.2,"00","00",0.645161290322581,104.9
2023,14,"0004",185.8,220.6,68.3,"00","00",0.451612903225806,117.5
2023,14,"0005",257.4,302.6,103.2,"01","00",0.903225806451613,154.2
2023,14,"0006",208.4,262.4,74.2,"01","00",0.741935483870968,134.2
2023,14,"0007",175.9,241.6,51.8,"01","00",0.387096774193548,124.1
2023,14,"0008",244.4,308.1,137.4,"01","00",0.870967741935484,107
2023,14,"0009",178,215.4,55.3,"02","00",0.419354838709677,122.7
2023,14,"0010",188.1,208.1,83.9,"02","00",0.483870967741935,104.2
2023,14,"0011",237.5,257.2,124.9,"02","00",0.838709677419355,112.6
2023,14,"0012",154.9,239.6,58.2,"02","00",0.258064516129032,96.7
2023,14,"0013",97.9,196.7,12.2,"03","00",0.032258064516129,85.7
2023,14,"0014",209.5,228.5,109.7,"03","00",0.774193548387097,99.8
2023,14,"0015",165.6,190.6,57.3,"03","00",0.32258064516129,108.3
2023,14,"0016",257.8,283.5,140.1,"03","00",0.935483870967742,117.7
2023,14,"0017",199.5,228.7,69.3,"04","01",0.580645161290323,130.2
2023,14,"0018",90,132.3,11.9,"04","01",0,78.1
2023,14,"0019",169.1,217.8,91.4,"04","01",0.354838709677419,77.7
2023,14,"0020",207.1,261.3,106.9,"04","01",0.693548387096774,100.2
2023,14,"0021",152.3,263.4,82.9,"05","01",0.225806451612903,69.4
2023,14,"0022",144.8,187.2,35.4,"05","01",0.161290322580645,109.4
2023,14,"0023",192.8,204,93,"05","01",0.548387096774194,99.8
2023,14,"0024",151.6,206.4,27.3,"05","01",0.193548387096774,124.3
2023,14,"0025",202.9,209.7,86,"06","01",0.612903225806452,116.9
2023,14,"0026",111.5,167.4,25.4,"06","01",0.0967741935483871,86.1
2023,14,"0027",283,304.7,151,"06","01",1,132
2023,14,"0028",223.2,266.4,109.9,"06","01",0.806451612903226,113.3
2023,14,"0029",263.4,308.4,125.6,"07","01",0.967741935483871,137.8
2023,14,"0030",207.1,271.7,102.4,"07","01",0.693548387096774,104.7
2023,14,"0031",189.2,201.9,87.4,"07","01",0.516129032258065,101.8
2023,14,"0032",157.1,175.9,54.1,"07","01",0.290322580645161,103
2023,15,"0001",123.2,156.5,54.1,"00","00",0.032258064516129,69.1
2023,15,"0002",58.5,110.8,-20.3,"00","00",0,78.8
2023,15,"0003",255.5,286.8,153.1,"00","00",1,102.4
2023,15,"0004",188.1,205.2,98.8,"00","00",0.612903225806452,89.3
2023,15,"0005",231.2,264,120.2,"01","00",0.870967741935484,111
2023,15,"0006",247.4,284.1,137.9,"01","00",0.935483870967742,109.5
2023,15,"0007",198.6,248.9,68,"01","00",0.709677419354839,130.6
2023,15,"0008",248.6,324.1,160.5,"01","00",0.967741935483871,88.1
2023,15,"0009",154.8,192.1,61.2,"02","00",0.290322580645161,93.6
2023,15,"0010",126.7,178.1,40.6,"02","00",0.0645161290322581,86.1
2023,15,"0011",130.8,214.2,57.2,"02","00",0.129032258064516,73.6
2023,15,"0012",172.7,253.2,70.8,"02","00",0.387096774193548,101.9
2023,15,"0013",176.2,218.5,110.8,"03","00",0.483870967741935,65.4
2023,15,"0014",172,244,74.9,"03","00",0.354838709677419,97.1
2023,15,"0015",175.6,210.5,43.4,"03","00",0.419354838709677,132.2
2023,15,"0016",150.2,273.8,38.8,"03","00",0.225806451612903,111.4
2023,15,"0017",190.7,218.3,96.1,"04","01",0.645161290322581,94.6
2023,15,"0018",222.2,242.6,114.4,"04","01",0.806451612903226,107.8
2023,15,"0019",216.5,284.9,83.7,"04","01",0.774193548387097,132.8
2023,15,"0020",162,202.3,74,"04","01",0.32258064516129,88
2023,15,"0021",176.1,229.6,94.5,"05","01",0.451612903225806,81.6
2023,15,"0022",187.3,218.4,90.6,"05","01",0.548387096774194,96.7
2023,15,"0023",144.9,198.7,41,"05","01",0.161290322580645,103.9
2023,15,"0024",224.2,267.6,107.6,"05","01",0.838709677419355,116.6
2023,15,"0025",127,169.5,35.6,"06","01",0.0967741935483871,91.4
2023,15,"0026",150,199.7,62.3,"06","01",0.193548387096774,87.7
2023,15,"0027",200.8,222.8,106.9,"06","01",0.741935483870968,93.9
2023,15,"0028",187.9,240.1,91.6,"06","01",0.580645161290323,96.3
2023,15,"0029",192.4,272,69.1,"07","01",0.67741935483871,123.3
2023,15,"0030",150.4,241.6,64.8,"07","01",0.258064516129032,85.6
2023,15,"0031",244.7,319,136,"07","01",0.903225806451613,108.7
2023,15,"0032",183.6,209.9,107.5,"07","01",0.516129032258065,76.1
2023,16,"0001",136.9,164.9,73.4,"00","00",0.161290322580645,63.5
2023,16,"0002",243,293.6,110.4,"00","00",0.838709677419355,132.6
2023,16,"0003",171,272.9,69.2,"00","00",0.32258064516129,101.8
2023,16,"0004",162.2,181,27,"00","00",0.290322580645161,135.2
2023,16,"0005",180.5,262.9,86,"01","00",0.451612903225806,94.5
2023,16,"0006",158.1,243.6,60.1,"01","00",0.258064516129032,98
2023,16,"0007",174.9,205.6,93.7,"01","00",0.419354838709677,81.2
2023,16,"0008",154.1,267.5,31.3,"01","00",0.193548387096774,122.8
2023,16,"0009",273.3,317.6,170.6,"02","00",1,102.7
2023,16,"0010",195.6,248.6,104.2,"02","00",0.612903225806452,91.4
2023,16,"0011",130.9,162.4,97.5,"02","00",0.129032258064516,33.4
2023,16,"0012",130.7,198,30.2,"02","00",0.0967741935483871,100.5
2023,16,"0013",227.8,289.1,105.1,"03","00",0.709677419354839,122.7
2023,16,"0014",234.6,251.5,132,"03","00",0.806451612903226,102.6
2023,16,"0015",129.8,151.7,36.6,"03","00",0.0645161290322581,93.2
2023,16,"0016",187,233.7,94.3,"03","00",0.483870967741935,92.7
2023,16,"0017",245.9,307,116.8,"04","01",0.935483870967742,129.1
2023,16,"0018",244,299.6,123.2,"04","01",0.870967741935484,120.8
2023,16,"0019",214.5,239.4,107.6,"04","01",0.67741935483871,106.9
2023,16,"0020",172.7,210.4,52.2,"04","01",0.354838709677419,120.5
2023,16,"0021",244.4,274.1,159.4,"05","01",0.903225806451613,85
2023,16,"0022",193.6,228.5,89.5,"05","01",0.580645161290323,104.1
2023,16,"0023",189.5,234.6,111.1,"05","01",0.516129032258065,78.4
2023,16,"0024",173.1,219.8,94,"05","01",0.387096774193548,79.1
2023,16,"0025",192.2,230.1,80,"06","01",0.548387096774194,112.2
2023,16,"0026",111.1,180.8,48.5,"06","01",0.032258064516129,62.6
2023,16,"0027",197.5,226.3,67.1,"06","01",0.645161290322581,130.4
2023,16,"0028",154.9,196.9,58,"06","01",0.225806451612903,96.9
2023,16,"0029",256.9,288.3,151.3,"07","01",0.967741935483871,105.6
2023,16,"0030",229.2,264.8,118.7,"07","01",0.741935483870968,110.5
2023,16,"0031",229.4,265.4,135.7,"07","01",0.774193548387097,93.7
2023,16,"0032",110.7,135.9,49.6,"07","01",0,61.1
2023,17,"0001",98,118.6,46,"00","00",0,52
2023,17,"0002",162.3,180.3,75.8,"00","00",0.225806451612903,86.5
2023,17,"0003",290.4,317.2,140.6,"00","00",1,149.8
2023,17,"0004",184.8,203.8,90.3,"00","00",0.516129032258065,94.5
2023,17,"0005",240.1,274.4,132.4,"01","00",0.838709677419355,107.7
2023,17,"0006",261.7,307.8,151.6,"01","00",0.967741935483871,110.1
2023,17,"0007",222.1,249.1,114.2,"01","00",0.774193548387097,107.9
2023,17,"0008",206.8,251.2,105.3,"01","00",0.67741935483871,101.5
2023,17,"0009",179.2,223.9,53,"02","00",0.419354838709677,126.2
2023,17,"0010",155.1,209.1,81.9,"02","00",0.129032258064516,73.2
2023,17,"0011",173.4,211.4,131.9,"02","00",0.387096774193548,41.5
2023,17,"0012",181.4,220.2,104.7,"02","00",0.451612903225806,76.7
2023,17,"0013",162.3,215.8,54.3,"03","00",0.225806451612903,108
2023,17,"0014",162.3,207,79.1,"03","00",0.225806451612903,83.2
2023,17,"0015",116.9,131.5,31.4,"03","00",0.032258064516129,85.5
2023,17,"0016",246,301.4,108.5,"03","00",0.870967741935484,137.5
2023,17,"0017",201.2,262.4,80.5,"04","01",0.580645161290323,120.7
2023,17,"0018",261.5,292.5,143.4,"04","01",0.935483870967742,118.1
2023,17,"0019",134.9,186.5,46.8,"04","01",0.0645161290322581,88.1
2023,17,"0020",203.8,244,99.8,"04","01",0.612903225806452,104
2023,17,"0021",152.9,217.9,77.1,"05","01",0.0967741935483871,75.8
2023,17,"0022",172.6,184.1,68,"05","01",0.32258064516129,104.6
2023,17,"0023",250.7,270.3,131.1,"05","01",0.903225806451613,119.6
2023,17,"0024",181.5,209.1,91.2,"05","01",0.483870967741935,90.3
2023,17,"0025",220.1,248,144.3,"06","01",0.741935483870968,75.8
2023,17,"0026",167.7,208.6,59.2,"06","01",0.290322580645161,108.5
2023,17,"0027",207.6,234.1,111.8,"06","01",0.709677419354839,95.8
2023,17,"0028",189.1,273.4,78.1,"06","01",0.548387096774194,111
2023,17,"0029",235.9,288.3,99.6,"07","01",0.806451612903226,136.3
2023,17,"0030",204.6,249.6,113.4,"07","01",0.645161290322581,91.2
2023,17,"0031",173.3,202.4,87.3,"07","01",0.354838709677419,86
2023,17,"0032",160,187.2,75.7,"07","01",0.161290322580645,84.3
2024,1,"0001",152,187.4,81,"00","00",0.129032258064516,71
2024,1,"0002",217.9,295.6,77,"00","00",0.838709677419355,140.9
2024,1,"0003",209.5,269.6,129.5,"00","00",0.67741935483871,80
2024,1,"0004",172.9,197.1,100.3,"00","00",0.32258064516129,72.6
2024,1,"0005",201.8,224.9,99.9,"01","00",0.548387096774194,101.9
2024,1,"0006",237.9,276.6,112.9,"01","00",0.935483870967742,125
2024,1,"0007",239,257.6,120.3,"01","00",0.967741935483871,118.7
2024,1,"0008",162.1,226.2,54.4,"01","00",0.193548387096774,107.7
2024,1,"0009",250.3,302.7,138.9,"02","00",1,111.4
2024,1,"0010",126.9,196.6,42.9,"02","00",0.032258064516129,84
2024,1,"0011",174,211,102,"02","00",0.354838709677419,72
2024,1,"0012",183.3,218.7,93.8,"02","00",0.483870967741935,89.5
2024,1,"0013",148.2,179.9,48.6,"03","00",0.0967741935483871,99.6
2024,1,"0014",212,236.1,125.7,"03","00",0.741935483870968,86.3
2024,1,"0015",177.5,260.6,43.7,"03","00",0.451612903225806,133.8
2024,1,"0016",216.7,242.9,92.6,"03","00",0.790322580645161,124.1
2024,1,"0017",232.2,254.9,101.8,"04","01",0.903225806451613,130.4
2024,1,"0018",172.1,221.8,92.5,"04","01",0.290322580645161,79.6
2024,1,"0019",146.3,162.3,80.5,"04","01",0.0645161290322581,65.8
2024,1,"0020",157.5,216.4,75.5,"04","01",0.161290322580645,82
2024,1,"0021",176.2,205.9,79.3,"05","01",0.419354838709677,96.9
2024,1,"0022",220.5,245.2,88,"05","01",0.870967741935484,132.5
2024,1,"0023",201.2,267.4,91.9,"05","01",0.516129032258065,109.3
2024,1,"0024",171.7,237.7,65.9,"05","01",0.225806451612903,105.8
2024,1,"0025",210.8,269.3,113.5,"06","01",0.709677419354839,97.3
2024,1,"0026",208.7,271.6,103.3,"06","01",0.645161290322581,105.4
2024,1,"0027",124.6,199,35.3,"06","01",0,89.3
2024,1,"0028",216.7,265.1,112.1,"06","01",0.790322580645161,104.6
2024,1,"0029",207.3,281,102.9,"07","01",0.612903225806452,104.4
2024,1,"0030",202.5,220.3,80.6,"07","01",0.580645161290323,121.9
2024,1,"0031",175.1,213.1,89.3,"07","01",0.387096774193548,85.8
2024,1,"0032",171.9,204.7,86.3,"07","01",0.258064516129032,85.6
2024,2,"0001",212.2,221.5,63.3,"00","00",0.612903225806452,148.9
2024,2,"0002",156.5,225.7,55.2,"00","00",0.0967741935483871,101.3
2024,2,"0003",166.6,191.1,90.7,"00","00",0.193548387096774,75.9
2024,2,"0004",226.4,241.6,113.6,"00","00",0.806451612903226,112.8
2024,2,"0005",139.5,204.3,43,"01","00",0.0645161290322581,96.5
2024,2,"0006",260.9,300.2,151.5,"01","00",0.967741935483871,109.4
2024,2,"0007",124.3,174.5,47.6,"01","00",0,76.7
2024,2,"0008",161.4,193.1,78.1,"01","00",0.129032258064516,83.3
2024,2,"0009",221.2,249.8,149.7,"02","00",0.741935483870968,71.5
2024,2,"0010",228.9,272.9,93.5,"02","00",0.838709677419355,135.4
2024,2,"0011",249.6,277.4,131.8,"02","00",0.935483870967742,117.8
2024,2,"0012",262.5,285.5,151.9,"02","00",1,110.6
2024,2,"0013",191.1,227.8,70.8,"03","00",0.387096774193548,120.3
2024,2,"0014",186.4,223.5,91.4,"03","00",0.354838709677419,95
2024,2,"0015",175.7,250.1,66.9,"03","00",0.258064516129032,108.8
2024,2,"0016",197.4,244.8,100.5,"03","00",0.580645161290323,96.9
2024,2,"0017",194,219.4,98.2,"04","01",0.451612903225806,95.8
2024,2,"0018",196.2,203.9,102.9,"04","01",0.548387096774194,93.3
2024,2,"0019",177.4,229,109.3,"04","01",0.290322580645161,68.1
2024,2,"0020",181.8,264.1,60.7,"04","01",0.32258064516129,121.1
2024,2,"0021",164.3,234.4,74.3,"05","01",0.161290322580645,90
2024,2,"0022",221.6,244.2,91.6,"05","01",0.774193548387097,130
2024,2,"0023",218.5,260,107,"05","01",0.67741935483871,111.5
2024,2,"0024",231.7,273.7,99.6,"05","01",0.870967741935484,132.1
2024,2,"0025",195,220,98.5,"06","01",0.483870967741935,96.5
2024,2,"0026",214.8,243.1,73.5,"06","01",0.645161290322581,141.3
2024,2,"0027",234.4,267.3,131.4,"06","01",0.903225806451613,103
2024,2,"0028",133.5,201.2,89.7,"06","01",0.032258064516129,43.8
2024,2,"0029",193.2,229.4,121.4,"07","01",0.419354838709677,71.8
2024,2,"0030",218.8,260,113.1,"07","01",0.709677419354839,105.7
2024,2,"0031",195.8,220.8,86.5,"07","01",0.516129032258065,109.3
2024,2,"0032",166.7,247.8,64.1,"07","01",0.225806451612903,102.6
2024,3,"0001",180.4,218.1,92.3,"00","00",0.451612903225806,88.1
2024,3,"0002",194.8,235.5,73.3,"00","00",0.741935483870968,121.5
2024,3,"0003",229.9,293.5,140.6,"00","00",0.870967741935484,89.3
2024,3,"0004",268.2,311.7,153.5,"00","00",0.967741935483871,114.7
2024,3,"0005",194.1,229.7,85.4,"01","00",0.709677419354839,108.7
2024,3,"0006",164.9,197,49.9,"01","00",0.290322580645161,115
2024,3,"0007",131.4,215.3,51,"01","00",0.032258064516129,80.4
2024,3,"0008",133.5,181.4,68,"01","00",0.0645161290322581,65.5
2024,3,"0009",238,277.6,156.2,"02","00",0.903225806451613,81.8
2024,3,"0010",161.7,214.3,107.3,"02","00",0.258064516129032,54.4
2024,3,"0011",188.5,220.5,96,"02","00",0.548387096774194,92.5
2024,3,"0012",208,248.9,106.8,"02","00",0.806451612903226,101.2
2024,3,"0013",165.3,230.3,79.7,"03","00",0.32258064516129,85.6
2024,3,"0014",136.4,171.8,37.6,"03","00",0.0967741935483871,98.8
2024,3,"0015",139.5,159.3,52.1,"03","00",0.129032258064516,87.4
2024,3,"0016",214.4,283.1,123.6,"03","00",0.838709677419355,90.8
2024,3,"0017",186.7,252.4,103,"04","01",0.516129032258065,83.7
2024,3,"0018",297.7,340.7,219.7,"04","01",1,78
2024,3,"0019",191.9,254.1,82.7,"04","01",0.67741935483871,109.2
2024,3,"0020",179.7,223.7,53.9,"04","01",0.419354838709677,125.8
2024,3,"0021",165.7,195.1,95.7,"05","01",0.354838709677419,70
2024,3,"0022",190.3,260.3,89.2,"05","01",0.645161290322581,101.1
2024,3,"0023",152.7,238.6,64.8,"05","01",0.193548387096774,87.9
2024,3,"0024",206.6,249.9,107.3,"05","01",0.774193548387097,99.3
2024,3,"0025",188.9,248.1,123.8,"06","01",0.580645161290323,65.1
2024,3,"0026",98.7,148.6,33.8,"06","01",0,64.9
2024,3,"0027",189.3,220.3,94.9,"06","01",0.612903225806452,94.4
2024,3,"0028",152.1,202.7,47.1,"06","01",0.161290322580645,105
2024,3,"0029",243.3,269.6,144.4,"07","01",0.935483870967742,98.9
2024,3,"0030",182.5,243.2,61,"07","01",0.483870967741935,121.5
2024,3,"0031",170.1,208.6,88.1,"07","01",0.387096774193548,82
2024,3,"0032",154.3,228.6,67.1,"07","01",0.225806451612903,87.2
2024,4,"0001",254.4,293.2,131.7,"00","00",1,122.7
2024,4,"0002",247.3,263,133.7,"00","00",0.935483870967742,113.6
2024,4,"0003",132.4,175.5,75.9,"00","00",0.032258064516129,56.5
2024,4,"0004",210.4,243.9,122.6,"00","00",0.645161290322581,87.8
2024,4,"0005",153.5,188.6,74.8,"01","00",0.129032258064516,78.7
2024,4,"0006",165.4,243.7,54,"01","00",0.225806451612903,111.4
2024,4,"0007",215.4,238.5,131.4,"01","00",0.709677419354839,84
2024,4,"0008",179.4,210.4,100,"01","00",0.354838709677419,79.4
2024,4,"0009",225.2,252.8,126.2,"02","00",0.806451612903226,99
2024,4,"0010",189.2,203.8,90.5,"02","00",0.419354838709677,98.7
2024,4,"0011",193.3,221,101.1,"02","00",0.516129032258065,92.2
2024,4,"0012",210.3,235.8,94.7,"02","00",0.612903225806452,115.6
2024,4,"0013",251.4,271.8,110.1,"03","00",0.967741935483871,141.3
2024,4,"0014",136,162.3,53.9,"03","00",0.0645161290322581,82.1
2024,4,"0015",201.5,270.3,80.1,"03","00",0.548387096774194,121.4
2024,4,"0016",206.7,219.1,121.2,"03","00",0.580645161290323,85.5
2024,4,"0017",210.9,284.9,104.8,"04","01",0.67741935483871,106.1
2024,4,"0018",189.3,208.1,102.1,"04","01",0.451612903225806,87.2
2024,4,"0019",215.6,227.5,122.8,"04","01",0.741935483870968,92.8
2024,4,"0020",175,234.3,78.1,"04","01",0.32258064516129,96.9
2024,4,"0021",159.7,194.9,67.7,"05","01",0.193548387096774,92
2024,4,"0022",236.6,240.6,147.1,"05","01",0.870967741935484,89.5
2024,4,"0023",185.8,201.1,62.2,"05","01",0.387096774193548,123.6
2024,4,"0024",243.8,264.5,138.2,"05","01",0.903225806451613,105.6
2024,4,"0025",217.4,244.2,129.2,"06","01",0.774193548387097,88.2
2024,4,"0026",234.2,311,109.4,"06","01",0.838709677419355,124.8
2024,4,"0027",157.8,233.3,89.9,"06","01",0.161290322580645,67.9
2024,4,"0028",145.7,182.1,51.4,"06","01",0.0967741935483871,94.3
2024,4,"0029",191.7,231.1,111.9,"07","01",0.483870967741935,79.8
2024,4,"0030",174.4,236.8,82.4,"07","01",0.290322580645161,92
2024,4,"0031",168.2,227.6,95.6,"07","01",0.258064516129032,72.6
2024,4,"0032",124.1,166.6,29.3,"07","01",0,94.8
2024,5,"0001",193,198.5,72.4,"00","00",0.354838709677419,120.6
2024,5,"0002",259,295.6,113.9,"00","00",0.806451612903226,145.1
2024,5,"0003",171.4,217.9,57.4,"00","00",0.193548387096774,114
2024,5,"0004",239.4,249.4,104.8,"00","00",0.774193548387097,134.6
2024,5,"0005",133,167.2,64,"01","00",0,69
2024,5,"0006",321.2,362.3,180.8,"01","00",0.967741935483871,140.4
2024,5,"0007",160,160,99.1,"01","00",0.129032258064516,60.9
2024,5,"0008",183.6,227.1,81.9,"01","00",0.290322580645161,101.7
2024,5,"0009",188.2,215.4,111,"02","00",0.32258064516129,77.2
2024,5,"0010",166.3,201.9,77.3,"02","00",0.161290322580645,89
2024,5,"0011",143.1,197.7,44.9,"02","00",0.0645161290322581,98.2
2024,5,"0012",210.2,267.5,98.8,"02","00",0.516129032258065,111.4
2024,5,"0013",204.9,287.8,88.1,"03","00",0.483870967741935,116.8
2024,5,"0014",216,223.9,100.1,"03","00",0.612903225806452,115.9
2024,5,"0015",220.2,293.9,121.2,"03","00",0.67741935483871,99
2024,5,"0016",274.5,315.8,145.2,"03","00",0.903225806451613,129.3
2024,5,"0017",141.2,172.6,27.6,"04","01",0.032258064516129,113.6
2024,5,"0018",212.4,276.1,79.8,"04","01",0.580645161290323,132.6
2024,5,"0019",199,229.8,80.9,"04","01",0.419354838709677,118.1
2024,5,"0020",204.2,229.2,100.2,"04","01",0.451612903225806,104
2024,5,"0021",269.6,286.9,140.5,"05","01",0.870967741935484,129.1
2024,5,"0022",175.5,208.2,66.9,"05","01",0.225806451612903,108.6
2024,5,"0023",211,216.5,80.4,"05","01",0.548387096774194,130.6
2024,5,"0024",232.7,246.5,153.2,"05","01",0.741935483870968,79.5
2024,5,"0025",261.9,277.1,172.4,"06","01",0.838709677419355,89.5
2024,5,"0026",219,294.3,141.2,"06","01",0.645161290322581,77.8
2024,5,"0027",228,274.8,108.9,"06","01",0.709677419354839,119.1
2024,5,"0028",330.6,346.1,164.1,"06","01",1,166.5
2024,5,"0029",193.5,216.2,69.3,"07","01",0.387096774193548,124.2
2024,5,"0030",177.5,223.2,93.3,"07","01",0.258064516129032,84.2
2024,5,"0031",291.8,320.9,127.7,"07","01",0.935483870967742,164.1
2024,5,"0032",151.2,159.9,63.2,"07","01",0.0967741935483871,88
2024,6,"0001",213.2,232.3,111.8,"00","00",0.806451612903226,101.4
2024,6,"0002",219.5,256.4,90.5,"00","00",0.870967741935484,129
2024,6,"0003",179.6,202.3,100.1,"00","00",0.354838709677419,79.5
2024,6,"0004",209.7,246.2,91.7,"00","00",0.645161290322581,118
2024,6,"0005",169.6,232.8,80.6,"01","00",0.129032258064516,89
2024,6,"0006",197.4,265.6,66.8,"01","00",0.516129032258065,130.6
2024,6,"0007",146.7,150.4,91.2,"01","00",0.032258064516129,55.5
2024,6,"0008",171.7,204.8,70.6,"01","00",0.161290322580645,101.1
2024,6,"0009",211.4,241.8,137.4,"02","00",0.709677419354839,74
2024,6,"0010",177.3,256.4,76.2,"02","00",0.258064516129032,101.1
2024,6,"0011",212.2,232.7,104,"02","00",0.741935483870968,108.2
2024,6,"0012",212.9,228.6,128.2,"02","00",0.774193548387097,84.7
2024,6,"0013",135,212,31,"03","00",0,104
2024,6,"0014",178.3,196,110.3,"03","00",0.290322580645161,68
2024,6,"0015",222.3,251.2,115.1,"03","00",0.903225806451613,107.2
2024,6,"0016",234.7,242.4,121.1,"03","00",0.967741935483871,113.6
2024,6,"0017",216.6,266.2,117.6,"04","01",0.838709677419355,99
2024,6,"0018",187.3,224.4,88.9,"04","01",0.451612903225806,98.4
2024,6,"0019",186,213.3,101.5,"04","01",0.419354838709677,84.5
2024,6,"0020",196.1,209.1,108.5,"04","01",0.483870967741935,87.6
2024,6,"0021",231.2,245,138,"05","01",0.935483870967742,93.2
2024,6,"0022",242.1,294.7,94.7,"05","01",1,147.4
2024,6,"0023",147,177.9,49,"05","01",0.0645161290322581,98
2024,6,"0024",150.5,176.9,56,"05","01",0.0967741935483871,94.5
2024,6,"0025",202.3,272.7,113,"06","01",0.612903225806452,89.3
2024,6,"0026",210.9,244.2,83.4,"06","01",0.67741935483871,127.5
2024,6,"0027",176.9,222.2,76.6,"06","01",0.225806451612903,100.3
2024,6,"0028",199.6,224,96,"06","01",0.548387096774194,103.6
2024,6,"0029",201.1,221.1,103.6,"07","01",0.580645161290323,97.5
2024,6,"0030",181.9,218.3,98.2,"07","01",0.387096774193548,83.7
2024,6,"0031",173.2,199.2,96.6,"07","01",0.193548387096774,76.6
2024,6,"0032",178.8,201.9,94.5,"07","01",0.32258064516129,84.3
2024,7,"0001",176.5,224.5,87.9,"00","00",0.451612903225806,88.6
2024,7,"0002",227.1,274.7,135.8,"00","00",0.903225806451613,91.3
2024,7,"0003",184.2,239.8,75.1,"00","00",0.548387096774194,109.1
2024,7,"0004",213.4,238.7,113.7,"00","00",0.82258064516129,99.7
2024,7,"0005",154,211.2,66.1,"01","00",0.193548387096774,87.9
2024,7,"0006",213.4,226.9,101.4,"01","00",0.82258064516129,112
2024,7,"0007",150.4,166.2,73.4,"01","00",0.0967741935483871,77
2024,7,"0008",198,230.2,76.2,"01","00",0.612903225806452,121.8
2024,7,"0009",226.7,262.5,148,"02","00",0.870967741935484,78.7
2024,7,"0010",165.3,215.6,90.9,"02","00",0.354838709677419,74.4
2024,7,"0011",153.4,214.8,38.9,"02","00",0.161290322580645,114.5
2024,7,"0012",180.5,252.4,78.5,"02","00",0.483870967741935,102
2024,7,"0013",240.6,277.1,138.1,"03","00",0.967741935483871,102.5
2024,7,"0014",151.9,170.8,108.3,"03","00",0.129032258064516,43.6
2024,7,"0015",167.9,215.9,69.8,"03","00",0.387096774193548,98.1
2024,7,"0016",207.6,226.2,108,"03","00",0.709677419354839,99.6
2024,7,"0017",229.4,292.8,113.4,"04","01",0.935483870967742,116
2024,7,"0018",210.9,215.2,141,"04","01",0.741935483870968,69.9
2024,7,"0019",159,189.5,77.3,"04","01",0.258064516129032,81.7
2024,7,"0020",200.8,267.6,97,"04","01",0.645161290322581,103.8
2024,7,"0021",154.9,174.6,50.8,"05","01",0.225806451612903,104.1
2024,7,"0022",241.9,301.9,127.2,"05","01",1,114.7
2024,7,"0023",124.6,168.4,29.3,"05","01",0,95.3
2024,7,"0024",181.4,254.1,74.4,"05","01",0.516129032258065,107
2024,7,"0025",197.7,231.3,96.6,"06","01",0.580645161290323,101.1
2024,7,"0026",176,234.3,103.2,"06","01",0.419354838709677,72.8
2024,7,"0027",139.8,166.8,33,"06","01",0.032258064516129,106.8
2024,7,"0028",143.1,175.7,49.2,"06","01",0.0645161290322581,93.9
2024,7,"0029",205.1,242.5,89.5,"07","01",0.67741935483871,115.6
2024,7,"0030",159.8,182.7,74.8,"07","01",0.290322580645161,85
2024,7,"0031",162.3,189.5,106.5,"07","01",0.32258064516129,55.8
2024,7,"0032",211.4,250.4,121.4,"07","01",0.774193548387097,90
2024,8,"0001",170.4,204.1,85.3,"00","00",0.161290322580645,85.1
2024,8,"0002",220.1,255.8,113,"00","00",0.645161290322581,107.1
2024,8,"0003",227.5,260,138.5,"00","00",0.741935483870968,89
2024,8,"0004",241.8,287.8,121.5,"00","00",0.806451612903226,120.3
2024,8,"0005",226.1,259.3,111,"01","00",0.709677419354839,115.1
2024,8,"0006",271.1,310,151.7,"01","00",1,119.4
2024,8,"0007",156.8,176.9,80,"01","00",0.0645161290322581,76.8
2024,8,"0008",233.4,284.6,132.9,"01","00",0.774193548387097,100.5
2024,8,"0009",219.9,281.9,115.2,"02","00",0.612903225806452,104.7
2024,8,"0010",211,291.2,114.6,"02","00",0.451612903225806,96.4
2024,8,"0011",205.2,238,135.9,"02","00",0.354838709677419,69.3
2024,8,"0012",166.1,184.5,67.6,"02","00",0.0967741935483871,98.5
2024,8,"0013",141.8,222.1,62.5,"03","00",0.032258064516129,79.3
2024,8,"0014",218.1,251.9,123.7,"03","00",0.580645161290323,94.4
2024,8,"0015",188.5,255.3,104.7,"03","00",0.258064516129032,83.8
2024,8,"0016",212.7,253.9,87.1,"03","00",0.516129032258065,125.6
2024,8,"0017",214.1,259.2,111.7,"04","01",0.548387096774194,102.4
2024,8,"0018",206.6,252.3,113.1,"04","01",0.387096774193548,93.5
2024,8,"0019",186.3,243.8,92.9,"04","01",0.225806451612903,93.4
2024,8,"0020",201.7,258.6,90.4,"04","01",0.32258064516129,111.3
2024,8,"0021",117.4,206.5,56.6,"05","01",0,60.8
2024,8,"0022",166.5,216.7,58.6,"05","01",0.129032258064516,107.9
2024,8,"0023",209.8,231.3,106.8,"05","01",0.419354838709677,103
2024,8,"0024",185.5,214.7,96.1,"05","01",0.193548387096774,89.4
2024,8,"0025",246.6,248.6,160.6,"06","01",0.870967741935484,86
2024,8,"0026",266.3,298.1,158.3,"06","01",0.967741935483871,108
2024,8,"0027",223.6,285.3,133.7,"06","01",0.67741935483871,89.9
2024,8,"0028",249.9,300.2,152.4,"06","01",0.903225806451613,97.5
2024,8,"0029",262.4,305,152.6,"07","01",0.935483870967742,109.8
2024,8,"0030",211.2,256.5,117.4,"07","01",0.483870967741935,93.8
2024,8,"0031",198.4,254.7,95.9,"07","01",0.290322580645161,102.5
2024,8,"0032",244.1,262.5,131,"07","01",0.838709677419355,113.1
2024,9,"0001",127.6,166.3,49.8,"00","00",0,77.8
2024,9,"0002",202.6,216.6,86.4,"00","00",0.612903225806452,116.2
2024,9,"0003",225.8,235.3,127.8,"00","00",0.774193548387097,98
2024,9,"0004",207.3,301.6,116.1,"00","00",0.67741935483871,91.2
2024,9,"0005",197.4,246.8,86.3,"01","00",0.548387096774194,111.1
2024,9,"0006",243.2,289.9,132.9,"01","00",0.967741935483871,110.3
2024,9,"0007",183,222.1,103,"01","00",0.290322580645161,80
2024,9,"0008",229.3,258.2,62.6,"01","00",0.838709677419355,166.7
2024,9,"0009",211.8,269.3,110.5,"02","00",0.741935483870968,101.3
2024,9,"0010",175.8,197.2,81.7,"02","00",0.225806451612903,94.1
2024,9,"0011",139.4,193.6,40.1,"02","00",0.0645161290322581,99.3
2024,9,"0012",177.5,212.9,98.2,"02","00",0.258064516129032,79.3
2024,9,"0013",194.4,242.7,97.3,"03","00",0.419354838709677,97.1
2024,9,"0014",208.2,239.1,112.5,"03","00",0.709677419354839,95.7
2024,9,"0015",194,225.9,75.9,"03","00",0.354838709677419,118.1
2024,9,"0016",196.2,228,108.1,"03","00",0.483870967741935,88.1
2024,9,"0017",160.2,180.3,72.9,"04","01",0.129032258064516,87.3
2024,9,"0018",199.8,242.7,125.5,"04","01",0.580645161290323,74.3
2024,9,"0019",186.3,231.1,93.2,"04","01",0.32258064516129,93.1
2024,9,"0020",229.6,253,138.3,"04","01",0.870967741935484,91.3
2024,9,"0021",196.2,225.8,62.6,"05","01",0.483870967741935,133.6
2024,9,"0022",194.2,256.5,94.6,"05","01",0.387096774193548,99.6
2024,9,"0023",266.3,281.3,142.1,"05","01",1,124.2
2024,9,"0024",204.9,212.6,93.8,"05","01",0.645161290322581,111.1
2024,9,"0025",229.3,306.3,114.9,"06","01",0.806451612903226,114.4
2024,9,"0026",174.5,214.3,86,"06","01",0.193548387096774,88.5
2024,9,"0027",196.2,256.4,67.2,"06","01",0.483870967741935,129
2024,9,"0028",160.7,176.1,89.8,"06","01",0.161290322580645,70.9
2024,9,"0029",139.1,198,52.4,"07","01",0.032258064516129,86.7
2024,9,"0030",159.6,235.6,117,"07","01",0.0967741935483871,42.6
2024,9,"0031",230.7,235,129.3,"07","01",0.903225806451613,101.4
2024,9,"0032",231.4,256,105.9,"07","01",0.935483870967742,125.5
2024,10,"0001",139.8,159,53.4,"00","00",0.129032258064516,86.4
2024,10,"0002",185.1,226,70.4,"00","00",0.548387096774194,114.7
2024,10,"0003",209.6,214,99.5,"00","00",0.67741935483871,110.1
2024,10,"0004",226.2,238.4,139,"00","00",0.870967741935484,87.2
2024,10,"0005",225,253.8,121.2,"01","00",0.806451612903226,103.8
2024,10,"0006",172.2,213.3,80.1,"01","00",0.483870967741935,92.1
2024,10,"0007",160,166.5,114.5,"01","00",0.354838709677419,45.5
2024,10,"0008",118.7,147.8,29,"01","00",0.032258064516129,89.7
2024,10,"0009",166.6,192.2,82.3,"02","00",0.419354838709677,84.3
2024,10,"0010",225.3,237.9,87.7,"02","00",0.838709677419355,137.6
2024,10,"0011",216.1,247.5,110,"02","00",0.741935483870968,106.1
2024,10,"0012",228.8,245.8,99.4,"02","00",0.903225806451613,129.4
2024,10,"0013",169,207.7,62,"03","00",0.451612903225806,107
2024,10,"0014",149.2,184.5,37.6,"03","00",0.193548387096774,111.6
2024,10,"0015",135.6,211.7,42,"03","00",0.0967741935483871,93.6
2024,10,"0016",212.1,246.8,93.2,"03","00",0.709677419354839,118.9
2024,10,"0017",155.6,165,64.7,"04","01",0.32258064516129,90.9
2024,10,"0018",208.7,245,86.5,"04","01",0.612903225806452,122.2
2024,10,"0019",152.6,189.9,67.8,"04","01",0.225806451612903,84.8
2024,10,"0020",132.8,164.5,43.5,"04","01",0.0645161290322581,89.3
2024,10,"0021",154.8,189,46.3,"05","01",0.290322580645161,108.5
2024,10,"0022",154.2,196.6,52.5,"05","01",0.258064516129032,101.7
2024,10,"0023",184.9,198.6,72.6,"05","01",0.516129032258065,112.3
2024,10,"0024",209.4,212.2,96.8,"05","01",0.645161290322581,112.6
2024,10,"0025",253.5,289.9,147.7,"06","01",0.967741935483871,105.8
2024,10,"0026",87.6,124.7,32,"06","01",0,55.6
2024,10,"0027",236.3,259.8,111,"06","01",0.935483870967742,125.3
2024,10,"0028",164.9,193,67.6,"06","01",0.387096774193548,97.3
2024,10,"0029",260.4,284,142.2,"07","01",1,118.2
2024,10,"0030",148.6,250.7,57.3,"07","01",0.161290322580645,91.3
2024,10,"0031",202.9,225.1,123.8,"07","01",0.580645161290323,79.1
2024,10,"0032",217.7,244.2,117.8,"07","01",0.774193548387097,99.9
2024,11,"0001",268.7,281.4,153.1,"00","00",0.967741935483871,115.6
2024,11,"0002",178.6,195.5,61.1,"00","00",0.387096774193548,117.5
2024,11,"0003",215.8,286.8,129,"00","00",0.67741935483871,86.8
2024,11,"0004",229.4,241.6,117.6,"00","00",0.774193548387097,111.8
2024,11,"0005",224.1,250.4,109.4,"01","00",0.709677419354839,114.7
2024,11,"0006",254.5,264.9,145.5,"01","00",0.838709677419355,109
2024,11,"0007",215.1,272.1,132.4,"01","00",0.645161290322581,82.7
2024,11,"0008",173.4,239.2,95.3,"01","00",0.290322580645161,78.1
2024,11,"0009",210.8,219,117,"02","00",0.580645161290323,93.8
2024,11,"0010",188.3,242.4,111.3,"02","00",0.419354838709677,77
2024,11,"0011",144.3,171.3,57.5,"02","00",0.0967741935483871,86.8
2024,11,"0012",173.8,216.4,68.5,"02","00",0.32258064516129,105.3
2024,11,"0013",195.6,203.3,125.7,"03","00",0.451612903225806,69.9
2024,11,"0014",163,220.3,57.5,"03","00",0.161290322580645,105.5
2024,11,"0015",166.3,177,114.8,"03","00",0.225806451612903,51.5
2024,11,"0016",268.4,295,141.9,"03","00",0.935483870967742,126.5
2024,11,"0017",176,187.2,100.3,"04","01",0.354838709677419,75.7
2024,11,"0018",225.1,274.7,127.7,"04","01",0.741935483870968,97.4
2024,11,"0019",168.4,222.7,97.1,"04","01",0.258064516129032,71.3
2024,11,"0020",330.9,365.6,161.4,"04","01",1,169.5
2024,11,"0021",207.9,216.7,131.8,"05","01",0.548387096774194,76.1
2024,11,"0022",248.2,296.2,155.7,"05","01",0.806451612903226,92.5
2024,11,"0023",149.8,191.2,61.4,"05","01",0.129032258064516,88.4
2024,11,"0024",135.4,151.1,61.7,"05","01",0.0645161290322581,73.7
2024,11,"0025",263.1,294.9,171,"06","01",0.903225806451613,92.1
2024,11,"0026",108.9,164.8,47.4,"06","01",0,61.5
2024,11,"0027",259.9,263.1,153.1,"06","01",0.870967741935484,106.8
2024,11,"0028",214.8,231.3,119.2,"06","01",0.612903225806452,95.6
2024,11,"0029",199.7,269.4,99.1,"07","01",0.483870967741935,100.6
2024,11,"0030",131.5,149.5,61.2,"07","01",0.032258064516129,70.3
2024,11,"0031",163.7,206.8,51.4,"07","01",0.193548387096774,112.3
2024,11,"0032",207.7,251.3,108,"07","01",0.516129032258065,99.7
2024,12,"0001",142.2,165.9,83.6,"00","00",0.032258064516129,58.6
2024,12,"0002",230.5,248,111.3,"00","00",0.806451612903226,119.2
2024,12,"0003",181.3,203.8,107,"00","00",0.258064516129032,74.3
2024,12,"0004",216.6,222.6,110.9,"00","00",0.709677419354839,105.7
2024,12,"0005",208.3,232.5,106.1,"01","00",0.67741935483871,102.2
2024,12,"0006",244.8,284,122.8,"01","00",0.935483870967742,122
2024,12,"0007",178.4,191.3,87.2,"01","00",0.225806451612903,91.2
2024,12,"0008",197.4,252.1,77,"01","00",0.419354838709677,120.4
2024,12,"0009",198.4,241.2,87,"02","00",0.451612903225806,111.4
2024,12,"0010",172.9,215.7,49.8,"02","00",0.193548387096774,123.1
2024,12,"0011",156.3,168.7,55.7,"02","00",0.0645161290322581,100.6
2024,12,"0012",205.5,283.6,92.8,"02","00",0.612903225806452,112.7
2024,12,"0013",186,265.4,104.2,"03","00",0.354838709677419,81.8
2024,12,"0014",159.9,187,83.8,"03","00",0.0967741935483871,76.1
2024,12,"0015",228.2,258.9,102.6,"03","00",0.774193548387097,125.6
2024,12,"0016",244.9,291,138.3,"03","00",0.967741935483871,106.6
2024,12,"0017",202.8,261.2,101.6,"04","01",0.580645161290323,101.2
2024,12,"0018",206.4,223.1,122.6,"04","01",0.645161290322581,83.8
2024,12,"0019",185.1,236.1,110.6,"04","01",0.32258064516129,74.5
2024,12,"0020",245.1,291.9,165.5,"04","01",1,79.6
2024,12,"0021",187.1,203.9,114,"05","01",0.387096774193548,73.1
2024,12,"0022",198.9,211.5,87.3,"05","01",0.483870967741935,111.6
2024,12,"0023",222.4,232.5,88.3,"05","01",0.741935483870968,134.1
2024,12,"0024",239,242.2,117.3,"05","01",0.870967741935484,121.7
2024,12,"0025",167.3,181.6,48.4,"06","01",0.129032258064516,118.9
2024,12,"0026",244.2,256.2,128,"06","01",0.903225806451613,116.2
2024,12,"0027",182.2,210.8,72.8,"06","01",0.290322580645161,109.4
2024,12,"0028",235.7,239.6,109.2,"06","01",0.838709677419355,126.5
2024,12,"0029",202.7,241.5,90.7,"07","01",0.548387096774194,112
2024,12,"0030",168.2,197.4,71.8,"07","01",0.161290322580645,96.4
2024,12,"0031",201.6,225.6,98.5,"07","01",0.516129032258065,103.1
2024,12,"0032",133.1,174.7,63.6,"07","01",0,69.5
2024,13,"0001",197.1,223,88,"00","00",0.483870967741935,109.1
2024,13,"0002",182.9,216.4,55.5,"00","00",0.32258064516129,127.4
2024,13,"0003",228.7,245,137.3,"00","00",0.806451612903226,91.4
2024,13,"0004",168.9,220.9,70.1,"00","00",0.161290322580645,98.8
2024,13,"0005",297.9,335.9,170.2,"01","00",1,127.7
2024,13,"0006",220.5,281.9,119.2,"01","00",0.725806451612903,101.3
2024,13,"0007",130.3,196.9,64.2,"01","00",0,66.1
2024,13,"0008",207.9,250.5,69.9,"01","00",0.612903225806452,138
2024,13,"0009",241,272.9,149.4,"02","00",0.870967741935484,91.6
2024,13,"0010",183,215.3,88.4,"02","00",0.354838709677419,94.6
2024,13,"0011",164.4,183.5,38,"02","00",0.129032258064516,126.4
2024,13,"0012",233.2,276.1,89.4,"02","00",0.838709677419355,143.8
2024,13,"0013",145.3,201.4,71.8,"03","00",0.0645161290322581,73.5
2024,13,"0014",190.2,249.2,115,"03","00",0.419354838709677,75.2
2024,13,"0015",179,241.1,76.4,"03","00",0.258064516129032,102.6
2024,13,"0016",207.2,233.2,89.8,"03","00",0.548387096774194,117.4
2024,13,"0017",175.7,222.5,95.7,"04","01",0.225806451612903,80
2024,13,"0018",199.9,248.4,89.9,"04","01",0.516129032258065,110
2024,13,"0019",182.8,250.8,122.7,"04","01",0.290322580645161,60.1
2024,13,"0020",260.2,319.3,129.7,"04","01",0.935483870967742,130.5
2024,13,"0021",220.5,284.4,116.1,"05","01",0.725806451612903,104.4
2024,13,"0022",226.8,244,108.1,"05","01",0.774193548387097,118.7
2024,13,"0023",207.3,259.9,64.4,"05","01",0.580645161290323,142.9
2024,13,"0024",256,289.4,132,"05","01",0.903225806451613,124
2024,13,"0025",210.6,246.7,118.2,"06","01",0.67741935483871,92.4
2024,13,"0026",208.3,258.4,85.4,"06","01",0.645161290322581,122.9
2024,13,"0027",184.4,196.2,86.1,"06","01",0.387096774193548,98.3
2024,13,"0028",173.9,189.7,71.4,"06","01",0.193548387096774,102.5
2024,13,"0029",130.4,191.3,44.7,"07","01",0.032258064516129,85.7
2024,13,"0030",192.8,203.3,80.6,"07","01",0.451612903225806,112.2
2024,13,"0031",289.4,306.9,132.7,"07","01",0.967741935483871,156.7
2024,13,"0032",163.5,233.7,63.2,"07","01",0.0967741935483871,100.3
2024,14,"0001",119.3,165.5,82.3,"00","00",0.0645161290322581,37
2024,14,"0002",192.5,235.5,65.5,"00","00",0.645161290322581,127
2024,14,"0003",264.1,275.9,209.9,"00","00",0.935483870967742,54.2
2024,14,"0004",132.1,174.3,52.9,"00","00",0.0967741935483871,79.2
2024,14,"0005",164.4,200.9,64.1,"01","00",0.387096774193548,100.3
2024,14,"0006",247.6,257.8,141.1,"01","00",0.903225806451613,106.5
2024,14,"0007",163.6,246.5,96.9,"01","00",0.32258064516129,66.7
2024,14,"0008",159.6,179.1,59.5,"01","00",0.274193548387097,100.1
2024,14,"0009",179.7,236.4,106.8,"02","00",0.548387096774194,72.9
2024,14,"0010",182.4,195.4,90.7,"02","00",0.580645161290323,91.7
2024,14,"0011",202.6,291.4,130,"02","00",0.741935483870968,72.6
2024,14,"0012",150.6,171.3,71.5,"02","00",0.193548387096774,79.1
2024,14,"0013",136.8,147.7,52.3,"03","00",0.129032258064516,84.5
2024,14,"0014",209.6,231.6,135.4,"03","00",0.774193548387097,74.2
2024,14,"0015",142.1,169.6,68.9,"03","00",0.161290322580645,73.2
2024,14,"0016",196.4,216.6,93.6,"03","00",0.709677419354839,102.8
2024,14,"0017",170.3,230.7,106.9,"04","01",0.483870967741935,63.4
2024,14,"0018",275.3,283,181.6,"04","01",0.967741935483871,93.7
2024,14,"0019",105.4,140.8,46.6,"04","01",0,58.8
2024,14,"0020",186.8,210.5,115.1,"04","01",0.612903225806452,71.7
2024,14,"0021",211.4,223.7,105.9,"05","01",0.806451612903226,105.5
2024,14,"0022",163.7,176.6,107.3,"05","01",0.354838709677419,56.4
2024,14,"0023",177.9,208.6,75.1,"05","01",0.516129032258065,102.8
2024,14,"0024",194.2,206,113,"05","01",0.67741935483871,81.2
2024,14,"0025",240.7,262.5,149.1,"06","01",0.870967741935484,91.6
2024,14,"0026",159.6,198.5,94.1,"06","01",0.274193548387097,65.5
2024,14,"0027",166.3,166.3,55.2,"06","01",0.451612903225806,111.1
2024,14,"0028",220.4,227.6,129.3,"06","01",0.838709677419355,91.1
2024,14,"0029",291.9,327.8,174.3,"07","01",1,117.6
2024,14,"0030",112.1,156,25.7,"07","01",0.032258064516129,86.4
2024,14,"0031",151.2,171.2,87.2,"07","01",0.225806451612903,64
2024,14,"0032",165,211.5,80,"07","01",0.419354838709677,85
2024,15,"0001",248.6,294.2,132.7,"00","00",0.903225806451613,115.9
2024,15,"0002",290.8,314.6,156.5,"00","00",0.967741935483871,134.3
2024,15,"0003",222.2,274.5,118,"00","00",0.741935483870968,104.2
2024,15,"0004",163,294.4,68.6,"00","00",0.354838709677419,94.4
2024,15,"0005",184.2,243.1,90.8,"01","00",0.516129032258065,93.4
2024,15,"0006",214.6,258.7,81.8,"01","00",0.67741935483871,132.8
2024,15,"0007",95.3,183.1,54.1,"01","00",0,41.2
2024,15,"0008",175.9,216.1,55.1,"01","00",0.451612903225806,120.8
2024,15,"0009",232.6,302.4,154.9,"02","00",0.774193548387097,77.7
2024,15,"0010",234.7,245.5,107.5,"02","00",0.806451612903226,127.2
2024,15,"0011",104.5,185.9,20.9,"02","00",0.0645161290322581,83.6
2024,15,"0012",172.7,222.4,71.3,"02","00",0.419354838709677,101.4
2024,15,"0013",191.7,211.8,82.6,"03","00",0.580645161290323,109.1
2024,15,"0014",97.1,166.6,28,"03","00",0.032258064516129,69.1
2024,15,"0015",133.9,191.7,86.3,"03","00",0.129032258064516,47.6
2024,15,"0016",247.1,298.2,93.1,"03","00",0.870967741935484,154
2024,15,"0017",204,266.5,128.4,"04","01",0.645161290322581,75.6
2024,15,"0018",275.3,318.1,146.8,"04","01",0.935483870967742,128.5
2024,15,"0019",109.9,150.5,56,"04","01",0.0967741935483871,53.9
2024,15,"0020",162.5,223.3,50.3,"04","01",0.32258064516129,112.2
2024,15,"0021",161.5,191.4,62.9,"05","01",0.290322580645161,98.6
2024,15,"0022",297,324,192.6,"05","01",1,104.4
2024,15,"0023",219.5,241,107.9,"05","01",0.709677419354839,111.6
2024,15,"0024",169.8,204.7,58.7,"05","01",0.387096774193548,111.1
2024,15,"0025",192.8,261.9,83.9,"06","01",0.612903225806452,108.9
2024,15,"0026",184.8,237,108,"06","01",0.548387096774194,76.8
2024,15,"0027",158.8,188.6,49.4,"06","01",0.258064516129032,109.4
2024,15,"0028",179.9,235.2,101.7,"06","01",0.483870967741935,78.2
2024,15,"0029",137.1,192.4,57.4,"07","01",0.161290322580645,79.7
2024,15,"0030",155.1,175.3,80.5,"07","01",0.225806451612903,74.6
2024,15,"0031",239.4,276.2,114.1,"07","01",0.838709677419355,125.3
2024,15,"0032",148.7,229.1,74.7,"07","01",0.193548387096774,74
2024,16,"0001",208.4,238,124.6,"00","00",0.612903225806452,83.8
2024,16,"0002",274.5,294.7,136.8,"00","00",1,137.7
2024,16,"0003",164.7,219.9,94.2,"00","00",0.161290322580645,70.5
2024,16,"0004",221.7,241.1,131.8,"00","00",0.645161290322581,89.9
2024,16,"0005",227.7,256.3,106,"01","00",0.741935483870968,121.7
2024,16,"0006",182.7,249.2,105.7,"01","00",0.354838709677419,77
2024,16,"0007",174.4,228.1,84.6,"01","00",0.290322580645161,89.8
2024,16,"0008",172.1,217.4,73.4,"01","00",0.258064516129032,98.7
2024,16,"0009",253.5,274.7,128.4,"02","00",0.935483870967742,125.1
2024,16,"0010",172,216.5,83.6,"02","00",0.225806451612903,88.4
2024,16,"0011",203.3,246.9,119.8,"02","00",0.516129032258065,83.5
2024,16,"0012",192.5,225.9,109.1,"02","00",0.419354838709677,83.4
2024,16,"0013",204.7,232.7,100.6,"03","00",0.548387096774194,104.1
2024,16,"0014",152.5,183.4,76.8,"03","00",0.129032258064516,75.7
2024,16,"0015",131.9,200.9,83.2,"03","00",0.032258064516129,48.7
2024,16,"0016",241.8,280.2,128.2,"03","00",0.806451612903226,113.6
2024,16,"0017",149,195.5,92.2,"04","01",0.0967741935483871,56.8
2024,16,"0018",239.3,317.9,111.2,"04","01",0.774193548387097,128.1
2024,16,"0019",119,146.1,65,"04","01",0,54
2024,16,"0020",222.7,253.3,129.4,"04","01",0.67741935483871,93.3
2024,16,"0021",194.7,236.3,99.7,"05","01",0.451612903225806,95
2024,16,"0022",246.6,277,135.1,"05","01",0.838709677419355,111.5
2024,16,"0023",250.9,274,136.5,"05","01",0.903225806451613,114.4
2024,16,"0024",168.5,193.2,92.3,"05","01",0.193548387096774,76.2
2024,16,"0025",187.4,202.1,131,"06","01",0.387096774193548,56.4
2024,16,"0026",224.8,242.7,143.1,"06","01",0.709677419354839,81.7
2024,16,"0027",135.6,180.4,63.5,"06","01",0.0645161290322581,72.1
2024,16,"0028",195.1,226.6,87.7,"06","01",0.483870967741935,107.4
2024,16,"0029",265,286.6,160,"07","01",0.967741935483871,105
2024,16,"0030",206.7,227.4,118.3,"07","01",0.580645161290323,88.4
2024,16,"0031",178.4,246.9,106.4,"07","01",0.32258064516129,72
2024,16,"0032",247.9,294.7,136,"07","01",0.870967741935484,111.9
2024,17,"0001",166.7,230.5,103.1,"00","00",0.290322580645161,63.6
2024,17,"0002",266.9,330.7,170.6,"00","00",0.935483870967742,96.3
2024,17,"0003",173.6,210.4,94.1,"00","00",0.387096774193548,79.5
2024,17,"0004",269.4,328.8,165.6,"00","00",0.967741935483871,103.8
2024,17,"0005",245.2,282,153.2,"01","00",0.806451612903226,92
2024,17,"0006",167.7,257,88.2,"01","00",0.32258064516129,79.5
2024,17,"0007",117.3,162.5,46.8,"01","00",0.0645161290322581,70.5
2024,17,"0008",164,243.8,68.1,"01","00",0.193548387096774,95.9
2024,17,"0009",152.1,173.5,80.8,"02","00",0.129032258064516,71.3
2024,17,"0010",164.3,210,86.6,"02","00",0.241935483870968,77.7
2024,17,"0011",232.2,265.8,110.8,"02","00",0.774193548387097,121.4
2024,17,"0012",193.7,228,91,"02","00",0.516129032258065,102.7
2024,17,"0013",171.2,224.9,82,"03","00",0.354838709677419,89.2
2024,17,"0014",145.8,190.3,45.3,"03","00",0.0967741935483871,100.5
2024,17,"0015",174,232.2,74.8,"03","00",0.419354838709677,99.2
2024,17,"0016",273.7,342.1,158.3,"03","00",1,115.4
2024,17,"0017",178.9,255,82.2,"04","01",0.451612903225806,96.7
2024,17,"0018",220,233,111.2,"04","01",0.709677419354839,108.8
2024,17,"0019",164.3,201.4,82.7,"04","01",0.241935483870968,81.6
2024,17,"0020",245.8,275.8,140.4,"04","01",0.870967741935484,105.4
2024,17,"0021",115.2,176.2,45.1,"05","01",0.032258064516129,70.1
2024,17,"0022",190,219.2,87.2,"05","01",0.483870967741935,102.8
2024,17,"0023",266.6,274,130.9,"05","01",0.903225806451613,135.7
2024,17,"0024",245.7,279.1,84.8,"05","01",0.838709677419355,160.9
2024,17,"0025",224.2,250.2,122,"06","01",0.741935483870968,102.2
2024,17,"0026",206.4,242.8,154.9,"06","01",0.612903225806452,51.5
2024,17,"0027",89.6,121.5,19.1,"06","01",0,70.5
2024,17,"0028",201.9,236.2,88.4,"06","01",0.548387096774194,113.5
2024,17,"0029",217.2,249.7,123,"07","01",0.67741935483871,94.2
2024,17,"0030",161.1,184.7,94.4,"07","01",0.161290322580645,66.7
2024,17,"0031",210.1,234.9,135.8,"07","01",0.645161290322581,74.3
2024,17,"0032",204.2,232.3,142.4,"07","01",0.580645161290323,61.8
2025,1,"0001",228.5,262.9,123.4,"00","00",0.838709677419355,105.1
2025,1,"0002",161.2,176.6,80.2,"00","00",0.161290322580645,81
2025,1,"0003",239.2,265.8,152.1,"00","00",0.967741935483871,87.1
2025,1,"0004",178.2,234.6,89.7,"00","00",0.419354838709677,88.5
2025,1,"0005",191.2,286.4,78.5,"01","00",0.548387096774194,112.7
2025,1,"0006",233,245.9,107.3,"01","00",0.935483870967742,125.7
2025,1,"0007",170.5,187.1,84,"01","00",0.32258064516129,86.5
2025,1,"0008",196.5,230.3,112,"01","00",0.629032258064516,84.5
2025,1,"0009",196.4,230.3,103.6,"02","00",0.580645161290323,92.8
2025,1,"0010",161,241.4,86.1,"02","00",0.129032258064516,74.9
2025,1,"0011",167.1,194.8,53.7,"02","00",0.258064516129032,113.4
2025,1,"0012",169.3,235.5,50.2,"02","00",0.290322580645161,119.1
2025,1,"0013",82.4,170.9,21.3,"03","00",0.032258064516129,61.1
2025,1,"0014",253.1,268.9,155.5,"03","00",1,97.6
2025,1,"0015",171.6,213.7,52.6,"03","00",0.354838709677419,119
2025,1,"0016",197.8,270.5,74.1,"03","00",0.67741935483871,123.7
2025,1,"0017",74.3,189.5,24.3,"04","01",0,50
2025,1,"0018",203.5,311.2,95,"04","01",0.741935483870968,108.5
2025,1,"0019",230.5,243.2,118.5,"04","01",0.903225806451613,112
2025,1,"0020",186.3,233.5,84.5,"04","01",0.483870967741935,101.8
2025,1,"0021",196.5,236.9,100.5,"05","01",0.629032258064516,96
2025,1,"0022",173.3,239.3,60.2,"05","01",0.387096774193548,113.1
2025,1,"0023",180.5,213,111.9,"05","01",0.451612903225806,68.6
2025,1,"0024",208.9,250.4,99.4,"05","01",0.774193548387097,109.5
2025,1,"0025",229.6,252.1,136.1,"06","01",0.870967741935484,93.5
2025,1,"0026",165.7,231.4,67.8,"06","01",0.193548387096774,97.9
2025,1,"0027",228.2,271.3,107.4,"06","01",0.806451612903226,120.8
2025,1,"0028",149.1,179.3,56.6,"06","01",0.0645161290322581,92.5
2025,1,"0029",199.9,230.6,88.3,"07","01",0.709677419354839,111.6
2025,1,"0030",166.9,215.6,83.2,"07","01",0.225806451612903,83.7
2025,1,"0031",189.5,217,80.4,"07","01",0.516129032258065,109.1
2025,1,"0032",153.7,171.2,57.4,"07","01",0.0967741935483871,96.3
2025,2,"0001",170.6,217.6,70.6,"00","00",0.290322580645161,100
2025,2,"0002",158,189.5,77.6,"00","00",0.0645161290322581,80.4
2025,2,"0003",166.4,194.9,87.2,"00","00",0.193548387096774,79.2
2025,2,"0004",168.3,230.8,91.4,"00","00",0.258064516129032,76.9
2025,2,"0005",300.7,329.5,175.6,"01","00",1,125.1
2025,2,"0006",165.6,210.7,91.2,"01","00",0.161290322580645,74.4
2025,2,"0007",211.6,226.7,109.3,"01","00",0.67741935483871,102.3
2025,2,"0008",173.8,253.5,64.5,"01","00",0.32258064516129,109.3
2025,2,"0009",196.4,265.5,102.7,"02","00",0.467741935483871,93.7
2025,2,"0010",230,247.1,149.3,"02","00",0.870967741935484,80.7
2025,2,"0011",217,266.5,84.2,"02","00",0.709677419354839,132.8
2025,2,"0012",220.2,266,94.5,"02","00",0.806451612903226,125.7
2025,2,"0013",198.4,260.1,85,"03","00",0.580645161290323,113.4
2025,2,"0014",263.3,308.9,125.1,"03","00",0.935483870967742,138.2
2025,2,"0015",196.9,254.1,69.5,"03","00",0.516129032258065,127.4
2025,2,"0016",189.6,220.6,64,"03","00",0.419354838709677,125.6
2025,2,"0017",220.1,253,133.4,"04","01",0.774193548387097,86.7
2025,2,"0018",160.3,220.2,54.4,"04","01",0.0967741935483871,105.9
2025,2,"0019",205.9,254.3,104.4,"04","01",0.612903225806452,101.5
2025,2,"0020",217.4,282.8,114.1,"04","01",0.741935483870968,103.3
2025,2,"0021",206.3,246.8,88.6,"05","01",0.645161290322581,117.7
2025,2,"0022",289.7,294.3,152.2,"05","01",0.967741935483871,137.5
2025,2,"0023",197.5,266.9,116.1,"05","01",0.548387096774194,81.4
2025,2,"0024",131.4,193.3,47,"05","01",0,84.4
2025,2,"0025",164.3,220.9,82.9,"06","01",0.129032258064516,81.4
2025,2,"0026",183.6,292.4,68.7,"06","01",0.387096774193548,114.9
2025,2,"0027",182.5,225.3,80.9,"06","01",0.354838709677419,101.6
2025,2,"0028",226.7,244.9,101.8,"06","01",0.838709677419355,124.9
2025,2,"0029",166.6,203.8,52.9,"07","01",0.225806451612903,113.7
2025,2,"0030",260.3,279.7,174.5,"07","01",0.903225806451613,85.8
2025,2,"0031",138.7,181.8,67.2,"07","01",0.032258064516129,71.5
2025,2,"0032",196.4,230.7,93.4,"07","01",0.467741935483871,103
2025,3,"0001",147.2,182.4,56.4,"00","00",0.0967741935483871,90.8
2025,3,"0002",170.8,207,81.1,"00","00",0.419354838709677,89.7
2025,3,"0003",230.6,263.7,108.1,"00","00",0.903225806451613,122.5
2025,3,"0004",229.6,261,77,"00","00",0.870967741935484,152.6
2025,3,"0005",172.4,247.9,109.4,"01","00",0.451612903225806,63
2025,3,"0006",195.3,231.5,92.6,"01","00",0.645161290322581,102.7
2025,3,"0007",183.6,228.7,83.2,"01","00",0.580645161290323,100.4
2025,3,"0008",202.7,247.3,112.9,"01","00",0.774193548387097,89.8
2025,3,"0009",183.4,227.9,79.4,"02","00",0.548387096774194,104
2025,3,"0010",241.6,255.5,120.4,"02","00",0.967741935483871,121.2
2025,3,"0011",196.6,217.5,93.2,"02","00",0.67741935483871,103.4
2025,3,"0012",156.8,171.3,71.8,"02","00",0.209677419354839,85
2025,3,"0013",177,263.3,89,"03","00",0.483870967741935,88
2025,3,"0014",162.6,193.3,102.8,"03","00",0.32258064516129,59.8
2025,3,"0015",197.3,237.5,71.8,"03","00",0.709677419354839,125.5
2025,3,"0016",156.8,170.2,88.4,"03","00",0.209677419354839,68.4
2025,3,"0017",145.4,191.7,63.2,"04","01",0.0645161290322581,82.2
2025,3,"0018",201.9,234.6,61.1,"04","01",0.741935483870968,140.8
2025,3,"0019",204.4,263.1,120.4,"04","01",0.806451612903226,84
2025,3,"0020",143.5,187.7,52.5,"04","01",0.032258064516129,91
2025,3,"0021",254.1,287.7,150.6,"05","01",1,103.5
2025,3,"0022",161.6,180.5,55.5,"05","01",0.258064516129032,106.1
2025,3,"0023",232.4,296.2,123.5,"05","01",0.935483870967742,108.9
2025,3,"0024",153.5,203.4,85.1,"05","01",0.129032258064516,68.4
2025,3,"0025",164.2,199.8,55.9,"06","01",0.354838709677419,108.3
2025,3,"0026",177.3,249.5,86.8,"06","01",0.516129032258065,90.5
2025,3,"0027",194,290.3,76,"06","01",0.612903225806452,118
2025,3,"0028",154.4,181,73.3,"06","01",0.161290322580645,81.1
2025,3,"0029",162.5,202.6,69.5,"07","01",0.290322580645161,93
2025,3,"0030",126.3,183.9,60.7,"07","01",0,65.6
2025,3,"0031",221.1,252.7,115.8,"07","01",0.838709677419355,105.3
2025,3,"0032",167.5,214.1,37.7,"07","01",0.387096774193548,129.8
2025,4,"0001",197.7,249.7,82.6,"00","00",0.516129032258065,115.1
2025,4,"0002",134.1,144,58.1,"00","00",0.032258064516129,76
2025,4,"0003",201.4,252.4,104.7,"00","00",0.612903225806452,96.7
2025,4,"0004",233,299.4,123,"00","00",0.838709677419355,110
2025,4,"0005",212.3,247.3,99.5,"01","00",0.67741935483871,112.8
2025,4,"0006",200.3,229.8,124.6,"01","00",0.580645161290323,75.7
2025,4,"0007",152.4,194,69.6,"01","00",0.17741935483871,82.8
2025,4,"0008",217.8,246.5,136,"01","00",0.709677419354839,81.8
2025,4,"0009",204.2,224.1,137,"02","00",0.645161290322581,67.2
2025,4,"0010",191.8,287,114.8,"02","00",0.419354838709677,77
2025,4,"0011",309.3,341.7,123.1,"02","00",1,186.2
2025,4,"0012",198.5,235.8,124.5,"02","00",0.548387096774194,74
2025,4,"0013",147.7,175.9,60.8,"03","00",0.0967741935483871,86.9
2025,4,"0014",168.7,195.4,63.6,"03","00",0.258064516129032,105.1
2025,4,"0015",192.2,272.5,73.3,"03","00",0.451612903225806,118.9
2025,4,"0016",223.8,236.7,101.1,"03","00",0.741935483870968,122.7
2025,4,"0017",267.9,295.8,136,"04","01",0.967741935483871,131.9
2025,4,"0018",251.1,283.1,144.3,"04","01",0.935483870967742,106.8
2025,4,"0019",190.2,267.8,99.4,"04","01",0.387096774193548,90.8
2025,4,"0020",187.2,205.6,113.3,"04","01",0.354838709677419,73.9
2025,4,"0021",170.9,245.5,55.8,"05","01",0.32258064516129,115.1
2025,4,"0022",197.1,214.6,62.4,"05","01",0.483870967741935,134.7
2025,4,"0023",224.1,301.4,149.8,"05","01",0.774193548387097,74.3
2025,4,"0024",170.4,238.3,104.7,"05","01",0.290322580645161,65.7
2025,4,"0025",236.2,274.9,110.8,"06","01",0.870967741935484,125.4
2025,4,"0026",150,181.1,47,"06","01",0.129032258064516,103
2025,4,"0027",152.4,200.8,42.7,"06","01",0.17741935483871,109.7
2025,4,"0028",228.3,249.5,104,"06","01",0.806451612903226,124.3
2025,4,"0029",137.1,171.4,64.2,"07","01",0.0645161290322581,72.9
2025,4,"0030",110.1,230.2,39.7,"07","01",0,70.4
2025,4,"0031",241.5,280.7,117.1,"07","01",0.903225806451613,124.4
2025,4,"0032",156.2,216.9,45.2,"07","01",0.225806451612903,111
2025,5,"0001",137.9,217.2,60.9,"00","00",0,77
2025,5,"0002",167.8,177.9,93.5,"00","00",0.193548387096774,74.3
2025,5,"0003",182.2,209.9,92.2,"00","00",0.32258064516129,90
2025,5,"0004",276,295,175.6,"00","00",0.967741935483871,100.4
2025,5,"0005",165.9,183,70.7,"01","00",0.129032258064516,95.2
2025,5,"0006",281.8,296.9,165.2,"01","00",1,116.6
2025,5,"0007",227.2,246.9,128.1,"01","00",0.806451612903226,99.1
2025,5,"0008",214,255.7,111.9,"01","00",0.612903225806452,102.1
2025,5,"0009",239,255.2,150.2,"02","00",0.903225806451613,88.8
2025,5,"0010",202.6,213.2,96.7,"02","00",0.516129032258065,105.9
2025,5,"0011",197.7,224,102.9,"02","00",0.419354838709677,94.8
2025,5,"0012",224.2,246.3,127.1,"02","00",0.709677419354839,97.1
2025,5,"0013",260.3,281.7,137.7,"03","00",0.935483870967742,122.6
2025,5,"0014",172,210.3,83.3,"03","00",0.225806451612903,88.7
2025,5,"0015",176.3,195.4,105.6,"03","00",0.258064516129032,70.7
2025,5,"0016",183,196.7,83.1,"03","00",0.354838709677419,99.9
2025,5,"0017",225.1,247.8,97.7,"04","01",0.774193548387097,127.4
2025,5,"0018",231.3,288.9,118.4,"04","01",0.838709677419355,112.9
2025,5,"0019",179.1,204.4,99.3,"04","01",0.290322580645161,79.8
2025,5,"0020",205.5,247,117.9,"04","01",0.548387096774194,87.6
2025,5,"0021",153.9,171.6,81.1,"05","01",0.0645161290322581,72.8
2025,5,"0022",225,231.9,111.4,"05","01",0.741935483870968,113.6
2025,5,"0023",234.9,239.9,135.7,"05","01",0.870967741935484,99.2
2025,5,"0024",138.1,163,69.8,"05","01",0.032258064516129,68.3
2025,5,"0025",224,265.2,117.9,"06","01",0.67741935483871,106.1
2025,5,"0026",188.3,215.5,118.8,"06","01",0.387096774193548,69.5
2025,5,"0027",166.1,251.1,77.2,"06","01",0.161290322580645,88.9
2025,5,"0028",206.2,281.3,97.9,"06","01",0.580645161290323,108.3
2025,5,"0029",159.8,164.1,95.8,"07","01",0.0967741935483871,64
2025,5,"0030",199.9,256.7,98.7,"07","01",0.451612903225806,101.2
2025,5,"0031",219.3,251.4,131.8,"07","01",0.645161290322581,87.5
2025,5,"0032",200.5,236.6,100.3,"07","01",0.483870967741935,100.2
2025,6,"0001",244.5,266,120.3,"00","00",0.967741935483871,124.2
2025,6,"0002",151,189.4,84,"00","00",0.161290322580645,67
2025,6,"0003",216,247.4,81.8,"00","00",0.838709677419355,134.2
2025,6,"0004",209.2,248.9,130.2,"00","00",0.709677419354839,79
2025,6,"0005",160.2,188.6,85.8,"01","00",0.225806451612903,74.4
2025,6,"0006",173.7,214,74.9,"01","00",0.483870967741935,98.8
2025,6,"0007",135,169.9,70.3,"01","00",0,64.7
2025,6,"0008",193.3,251.4,113.1,"01","00",0.580645161290323,80.2
2025,6,"0009",204.9,231.6,117.5,"02","00",0.645161290322581,87.4
2025,6,"0010",164.2,205.6,97.1,"02","00",0.290322580645161,67.1
2025,6,"0011",211.8,273.4,101,"02","00",0.774193548387097,110.8
2025,6,"0012",142.6,196.8,62.6,"02","00",0.0645161290322581,80
2025,6,"0013",146.3,166.5,65.3,"03","00",0.129032258064516,81
2025,6,"0014",190.8,231.6,119.3,"03","00",0.548387096774194,71.5
2025,6,"0015",224.1,237.6,129.8,"03","00",0.903225806451613,94.3
2025,6,"0016",211.2,234.9,114.3,"03","00",0.741935483870968,96.9
2025,6,"0017",261.4,283.6,142.5,"04","01",1,118.9
2025,6,"0018",170.8,197.4,91.2,"04","01",0.387096774193548,79.6
2025,6,"0019",172.1,205.7,66.4,"04","01",0.419354838709677,105.7
2025,6,"0020",194.5,235.1,117.5,"04","01",0.612903225806452,77
2025,6,"0021",144.3,196,71.5,"05","01",0.0967741935483871,72.8
2025,6,"0022",138.5,147.3,44.2,"05","01",0.032258064516129,94.3
2025,6,"0023",186.7,248.9,101.1,"05","01",0.516129032258065,85.6
2025,6,"0024",163.2,212.5,109.3,"05","01",0.258064516129032,53.9
2025,6,"0025",221.8,240.8,133.7,"06","01",0.870967741935484,88.1
2025,6,"0026",167.2,192.7,91,"06","01",0.354838709677419,76.2
2025,6,"0027",215,244.5,91.9,"06","01",0.806451612903226,123.1
2025,6,"0028",173.4,180.9,66.3,"06","01",0.451612903225806,107.1
2025,6,"0029",158,205.5,100.3,"07","01",0.193548387096774,57.7
2025,6,"0030",205,216.9,110.3,"07","01",0.67741935483871,94.7
2025,6,"0031",233,276.1,103.7,"07","01",0.935483870967742,129.3
2025,6,"0032",166.1,232.5,65.6,"07","01",0.32258064516129,100.5
2025,7,"0001",245.1,298.7,122.5,"00","00",0.935483870967742,122.6
2025,7,"0002",177.4,226.3,103.5,"00","00",0.387096774193548,73.9
2025,7,"0003",203.4,240.1,56.5,"00","00",0.612903225806452,146.9
2025,7,"0004",211.9,276,127.9,"00","00",0.741935483870968,84
2025,7,"0005",230.6,279.5,144.1,"01","00",0.870967741935484,86.5
2025,7,"0006",152.5,177.8,83.9,"01","00",0.225806451612903,68.6
2025,7,"0007",117,181.2,36,"01","00",0,81
2025,7,"0008",185.9,210.1,78.9,"01","00",0.451612903225806,107
2025,7,"0009",209.5,240,148.5,"02","00",0.67741935483871,61
2025,7,"0010",158.6,200.5,78.6,"02","00",0.290322580645161,80
2025,7,"0011",210.3,234.5,109.7,"02","00",0.709677419354839,100.6
2025,7,"0012",176.2,234,95.7,"02","00",0.354838709677419,80.5
2025,7,"0013",169.6,209.5,71.7,"03","00",0.32258064516129,97.9
2025,7,"0014",124.3,141,54.1,"03","00",0.0645161290322581,70.2
2025,7,"0015",216.1,290.1,117.4,"03","00",0.806451612903226,98.7
2025,7,"0016",191.7,210.9,105.2,"03","00",0.516129032258065,86.5
2025,7,"0017",228.1,260.5,119.1,"04","01",0.838709677419355,109
2025,7,"0018",199.7,222.3,87.4,"04","01",0.580645161290323,112.3
2025,7,"0019",189.6,233,87.1,"04","01",0.483870967741935,102.5
2025,7,"0020",182.5,210.7,83.6,"04","01",0.419354838709677,98.9
2025,7,"0021",209.2,242.6,135.3,"05","01",0.645161290322581,73.9
2025,7,"0022",156.2,204.2,39.9,"05","01",0.258064516129032,116.3
2025,7,"0023",119.1,179.6,39.1,"05","01",0.032258064516129,80
2025,7,"0024",194.2,240.8,101.1,"05","01",0.548387096774194,93.1
2025,7,"0025",232.7,241.1,150.1,"06","01",0.903225806451613,82.6
2025,7,"0026",257.3,272,163.9,"06","01",1,93.4
2025,7,"0027",247.4,294.5,96.6,"06","01",0.967741935483871,150.8
2025,7,"0028",137.6,175.4,55.7,"06","01",0.161290322580645,81.9
2025,7,"0029",141.9,179.5,40.5,"07","01",0.193548387096774,101.4
2025,7,"0030",212.1,257.2,112,"07","01",0.774193548387097,100.1
2025,7,"0031",137.5,212.7,70.1,"07","01",0.129032258064516,67.4
2025,7,"0032",126.8,176.7,38.9,"07","01",0.0967741935483871,87.9
2025,8,"0001",178.6,207.9,106.3,"00","00",0.516129032258065,72.3
2025,8,"0002",162.5,164.3,88.5,"00","00",0.32258064516129,74
2025,8,"0003",170.7,173.2,90.5,"00","00",0.387096774193548,80.2
2025,8,"0004",182,208.6,85.2,"00","00",0.580645161290323,96.8
2025,8,"0005",241.2,292.2,117.3,"01","00",0.903225806451613,123.9
2025,8,"0006",171,253.6,112.2,"01","00",0.435483870967742,58.8
2025,8,"0007",116.6,164.7,19.7,"01","00",0.0645161290322581,96.9
2025,8,"0008",101.7,217.1,20.8,"01","00",0,80.9
2025,8,"0009",168.2,176.3,82.2,"02","00",0.354838709677419,86
2025,8,"0010",248.6,250.6,118.8,"02","00",0.935483870967742,129.8
2025,8,"0011",220.1,236.8,106.7,"02","00",0.806451612903226,113.4
2025,8,"0012",139.4,156.9,85.2,"02","00",0.161290322580645,54.2
2025,8,"0013",197.1,210.5,119.8,"03","00",0.709677419354839,77.3
2025,8,"0014",250,268.3,166.1,"03","00",0.967741935483871,83.9
2025,8,"0015",171.9,197.9,94.2,"03","00",0.483870967741935,77.7
2025,8,"0016",150.4,192.8,55.2,"03","00",0.258064516129032,95.2
2025,8,"0017",221.4,245.9,120.8,"04","01",0.838709677419355,100.6
2025,8,"0018",235.3,249.3,126.1,"04","01",0.870967741935484,109.2
2025,8,"0019",131,165.9,71.2,"04","01",0.129032258064516,59.8
2025,8,"0020",279.3,295.3,161.6,"04","01",1,117.7
2025,8,"0021",188.5,219.9,104.4,"05","01",0.645161290322581,84.1
2025,8,"0022",146,167.2,53.5,"05","01",0.225806451612903,92.5
2025,8,"0023",198.2,242.3,106.2,"05","01",0.741935483870968,92
2025,8,"0024",125.9,169,51.8,"05","01",0.0967741935483871,74.1
2025,8,"0025",180,198.1,97.2,"06","01",0.548387096774194,82.8
2025,8,"0026",184.8,191.4,123.4,"06","01",0.612903225806452,61.4
2025,8,"0027",192.8,227.9,103.8,"06","01",0.67741935483871,89
2025,8,"0028",171,196.4,63.1,"06","01",0.435483870967742,107.9
2025,8,"0029",209.3,231,91.8,"07","01",0.774193548387097,117.5
2025,8,"0030",113.7,130.8,59.1,"07","01",0.032258064516129,54.6
2025,8,"0031",145.9,164,71.1,"07","01",0.193548387096774,74.8
2025,8,"0032",155.5,163.7,41.2,"07","01",0.290322580645161,114.3
2025,9,"0001",203.2,216.9,117.3,"00","00",0.548387096774194,85.9
2025,9,"0002",172.9,217.1,110,"00","00",0.258064516129032,62.9
2025,9,"0003",213.8,241.9,135.6,"00","00",0.838709677419355,78.2
2025,9,"0004",204.6,226.5,87.4,"00","00",0.645161290322581,117.2
2025,9,"0005",146.9,202.5,36.3,"01","00",0.032258064516129,110.6
2025,9,"0006",213.6,308,126.2,"01","00",0.806451612903226,87.4
2025,9,"0007",189.6,232.4,65,"01","00",0.419354838709677,124.6
2025,9,"0008",225.6,262.8,125.5,"01","00",0.967741935483871,100.1
2025,9,"0009",162.2,177.1,83.1,"02","00",0.161290322580645,79.1
2025,9,"0010",203.8,234.5,102.5,"02","00",0.612903225806452,101.3
2025,9,"0011",215.1,243.2,128.4,"02","00",0.870967741935484,86.7
2025,9,"0012",207.3,207.3,120,"02","00",0.709677419354839,87.3
2025,9,"0013",165.2,167.8,57.6,"03","00",0.193548387096774,107.6
2025,9,"0014",218.4,260.5,89.7,"03","00",0.935483870967742,128.7
2025,9,"0015",195.4,210,77.6,"03","00",0.451612903225806,117.8
2025,9,"0016",200.1,220.6,87.1,"03","00",0.516129032258065,113
2025,9,"0017",149.3,176.2,86.3,"04","01",0.0645161290322581,63
2025,9,"0018",264,267.6,166.3,"04","01",1,97.7
2025,9,"0019",209.1,222.5,111.4,"04","01",0.741935483870968,97.7
2025,9,"0020",182.8,205.4,73,"04","01",0.290322580645161,109.8
2025,9,"0021",197.1,207.3,106,"05","01",0.483870967741935,91.1
2025,9,"0022",215.3,223.9,101.1,"05","01",0.903225806451613,114.2
2025,9,"0023",188,235.1,102.9,"05","01",0.387096774193548,85.1
2025,9,"0024",139.1,162.2,62,"05","01",0,77.1
2025,9,"0025",210.2,217.3,97.1,"06","01",0.774193548387097,113.1
2025,9,"0026",171.8,295.5,77.4,"06","01",0.225806451612903,94.4
2025,9,"0027",183.3,200.1,108.9,"06","01",0.32258064516129,74.4
2025,9,"0028",187.6,259.7,115.3,"06","01",0.354838709677419,72.3
2025,9,"0029",157.9,167,39.7,"07","01",0.129032258064516,118.2
2025,9,"0030",206.8,254.3,97.7,"07","01",0.67741935483871,109.1
2025,9,"0031",150.8,182.6,43.5,"07","01",0.0967741935483871,107.3
2025,9,"0032",203.6,215.8,82.2,"07","01",0.580645161290323,121.4
2025,10,"0001",175,185.7,88.2,"00","00",0.451612903225806,86.8
2025,10,"0002",224.1,239,76.1,"00","00",0.741935483870968,148
2025,10,"0003",251.8,280.3,147,"00","00",0.967741935483871,104.8
2025,10,"0004",194.3,218.2,88.9,"00","00",0.612903225806452,105.4
2025,10,"0005",130.4,186.6,56.3,"01","00",0.0161290322580645,74.1
2025,10,"0006",199.7,253.9,73.8,"01","00",0.645161290322581,125.9
2025,10,"0007",190.2,227.6,127.6,"01","00",0.580645161290323,62.6
2025,10,"0008",229.7,244.2,106.2,"01","00",0.870967741935484,123.5
2025,10,"0009",169,191.8,85.4,"02","00",0.387096774193548,83.6
2025,10,"0010",229,267.5,141.7,"02","00",0.806451612903226,87.3
2025,10,"0011",142.9,168.9,59.3,"02","00",0.161290322580645,83.6
2025,10,"0012",176.4,191.8,108.8,"02","00",0.483870967741935,67.6
2025,10,"0013",227.8,250.8,130.4,"03","00",0.774193548387097,97.4
2025,10,"0014",233.1,246.1,131,"03","00",0.903225806451613,102.1
2025,10,"0015",158.3,181.5,70,"03","00",0.290322580645161,88.3
2025,10,"0016",136.1,170.4,47.9,"03","00",0.129032258064516,88.2
2025,10,"0017",130.4,149.3,30.3,"04","01",0.0161290322580645,100.1
2025,10,"0018",173.1,246.3,83.6,"04","01",0.419354838709677,89.5
2025,10,"0019",134.7,178.9,72.2,"04","01",0.0967741935483871,62.5
2025,10,"0020",163.6,182.3,69.2,"04","01",0.354838709677419,94.4
2025,10,"0021",223.5,264.2,121.8,"05","01",0.709677419354839,101.7
2025,10,"0022",252,270.2,137.2,"05","01",1,114.8
2025,10,"0023",246.4,264.6,116.1,"05","01",0.935483870967742,130.3
2025,10,"0024",147.9,167.8,62.5,"05","01",0.225806451612903,85.4
2025,10,"0025",146.7,160.8,43.3,"06","01",0.193548387096774,103.4
2025,10,"0026",214.5,224.8,114.3,"06","01",0.67741935483871,100.2
2025,10,"0027",158,221,46.9,"06","01",0.258064516129032,111.1
2025,10,"0028",229.1,278.1,128.3,"06","01",0.838709677419355,100.8
2025,10,"0029",131.1,193.3,56.9,"07","01",0.0645161290322581,74.2
2025,10,"0030",181.2,218,88.4,"07","01",0.548387096774194,92.8
2025,10,"0031",180.5,205,99.9,"07","01",0.516129032258065,80.6
2025,10,"0032",162.3,190.5,86.3,"07","01",0.32258064516129,76
2025,11,"0001",163.4,186.2,47.8,"00","00",0.387096774193548,115.6
2025,11,"0002",132.9,157.5,31.8,"00","00",0.0645161290322581,101.1
2025,11,"0003",242.8,302,150.7,"00","00",1,92.1
2025,11,"0004",169.5,191.9,84.5,"00","00",0.516129032258065,85
2025,11,"0005",193.8,228.6,90.2,"01","00",0.774193548387097,103.6
2025,11,"0006",160.1,172.6,96.8,"01","00",0.32258064516129,63.3
2025,11,"0007",176.5,211.4,76.6,"01","00",0.612903225806452,99.9
2025,11,"0008",183.3,291.6,85.4,"01","00",0.67741935483871,97.9
2025,11,"0009",187.5,193.1,85.6,"02","00",0.709677419354839,101.9
2025,11,"0010",161.1,194.1,90.9,"02","00",0.354838709677419,70.2
2025,11,"0011",234.3,286.5,93.4,"02","00",0.967741935483871,140.9
2025,11,"0012",171.4,194.6,94.7,"02","00",0.548387096774194,76.7
2025,11,"0013",131.7,142.7,48.2,"03","00",0.032258064516129,83.5
2025,11,"0014",104.9,142.3,26.1,"03","00",0,78.8
2025,11,"0015",207.8,255.7,95.5,"03","00",0.870967741935484,112.3
2025,11,"0016",164.3,177,92.3,"03","00",0.419354838709677,72
2025,11,"0017",164.9,191.4,90.9,"04","01",0.451612903225806,74
2025,11,"0018",144.6,247,58.1,"04","01",0.193548387096774,86.5
2025,11,"0019",144.8,224,35.2,"04","01",0.225806451612903,109.6
2025,11,"0020",152.1,155.7,87,"04","01",0.290322580645161,65.1
2025,11,"0021",204.5,254.1,124.2,"05","01",0.838709677419355,80.3
2025,11,"0022",142.2,159.3,62.1,"05","01",0.161290322580645,80.1
2025,11,"0023",167.6,189.8,95.9,"05","01",0.483870967741935,71.7
2025,11,"0024",228.2,259.6,110.8,"05","01",0.935483870967742,117.4
2025,11,"0025",151.6,178.5,78.1,"06","01",0.258064516129032,73.5
2025,11,"0026",204,218.6,103.4,"06","01",0.806451612903226,100.6
2025,11,"0027",139.3,174.7,56.8,"06","01",0.129032258064516,82.5
2025,11,"0028",211.9,265.5,117.8,"06","01",0.903225806451613,94.1
2025,11,"0029",136.6,190.8,64.8,"07","01",0.0967741935483871,71.8
2025,11,"0030",192.7,224.2,122.7,"07","01",0.741935483870968,70
2025,11,"0031",172.8,199,69,"07","01",0.580645161290323,103.8
2025,11,"0032",179.9,217.1,65.3,"07","01",0.645161290322581,114.6
2025,12,"0001",126,181.4,36.2,"00","00",0.161290322580645,89.8
2025,12,"0002",168.6,196,59.3,"00","00",0.419354838709677,109.3
2025,12,"0003",155,203.8,62.2,"00","00",0.354838709677419,92.8
2025,12,"0004",212.1,228.1,117.5,"00","00",0.612903225806452,94.6
2025,12,"0005",142.9,244.4,36.7,"01","00",0.290322580645161,106.2
2025,12,"0006",248.2,283.6,110.6,"01","00",0.870967741935484,137.6
2025,12,"0007",94,154.6,7.8,"01","00",0,86.2
2025,12,"0008",264.8,264.8,169.9,"01","00",0.935483870967742,94.9
2025,12,"0009",283.7,292.9,158.6,"02","00",0.967741935483871,125.1
2025,12,"0010",183.8,267.6,91.9,"02","00",0.451612903225806,91.9
2025,12,"0011",300.1,329.6,124.4,"02","00",1,175.7
2025,12,"0012",211.2,226.7,116.6,"02","00",0.548387096774194,94.6
2025,12,"0013",114.1,148.2,47.4,"03","00",0.129032258064516,66.7
2025,12,"0014",134.9,195.2,54.2,"03","00",0.225806451612903,80.7
2025,12,"0015",219,246.3,114.6,"03","00",0.67741935483871,104.4
2025,12,"0016",129.4,152.6,72.4,"03","00",0.193548387096774,57
2025,12,"0017",184.9,199.2,98.4,"04","01",0.483870967741935,86.5
2025,12,"0018",211.8,218,114,"04","01",0.580645161290323,97.8
2025,12,"0019",109.9,171.8,48.6,"04","01",0.0967741935483871,61.3
2025,12,"0020",219.5,277.5,109.4,"04","01",0.709677419354839,110.1
2025,12,"0021",105,146.6,46.4,"05","01",0.0645161290322581,58.6
2025,12,"0022",185.9,211.4,93.9,"05","01",0.516129032258065,92
2025,12,"0023",240.3,240.3,118.2,"05","01",0.806451612903226,122.1
2025,12,"0024",219.6,299.8,81,"05","01",0.741935483870968,138.6
2025,12,"0025",227.4,234.3,103.4,"06","01",0.774193548387097,124
2025,12,"0026",259.2,269.8,140.3,"06","01",0.903225806451613,118.9
2025,12,"0027",213.8,228.7,103.7,"06","01",0.645161290322581,110.1
2025,12,"0028",147.2,164.2,64.8,"06","01",0.32258064516129,82.4
2025,12,"0029",98.5,141.7,29.1,"07","01",0.032258064516129,69.4
2025,12,"0030",242.3,267.2,126.8,"07","01",0.838709677419355,115.5
2025,12,"0031",158.2,209.3,20,"07","01",0.387096774193548,138.2
2025,12,"0032",136.6,215.8,49.8,"07","01",0.258064516129032,86.8
2025,13,"0001",124.9,249.1,30.2,"00","00",0.0645161290322581,94.7
2025,13,"0002",189.5,222.9,88.5,"00","00",0.612903225806452,101
2025,13,"0003",213.7,272.3,137.1,"00","00",0.870967741935484,76.6
2025,13,"0004",212.8,258.7,114.8,"00","00",0.806451612903226,98
2025,13,"0005",188.5,264.2,95.7,"01","00",0.580645161290323,92.8
2025,13,"0006",237.9,283.7,110.6,"01","00",0.967741935483871,127.3
2025,13,"0007",171.4,219.5,59.3,"01","00",0.451612903225806,112.1
2025,13,"0008",143.4,214.6,48.8,"01","00",0.161290322580645,94.6
2025,13,"0009",213,245.9,99.2,"02","00",0.838709677419355,113.8
2025,13,"0010",149.8,189.3,97.6,"02","00",0.258064516129032,52.2
2025,13,"0011",156.4,205.3,62.9,"02","00",0.354838709677419,93.5
2025,13,"0012",151.5,215.1,65,"02","00",0.32258064516129,86.5
2025,13,"0013",147.9,169.4,36.9,"03","00",0.225806451612903,111
2025,13,"0014",120,209.7,21.9,"03","00",0.032258064516129,98.1
2025,13,"0015",219.3,263.4,102.8,"03","00",0.903225806451613,116.5
2025,13,"0016",187.2,212.1,79.1,"03","00",0.548387096774194,108.1
2025,13,"0017",147.6,224.5,92.6,"04","01",0.193548387096774,55
2025,13,"0018",150.4,265.6,31.6,"04","01",0.290322580645161,118.8
2025,13,"0019",169.8,238.7,74.8,"04","01",0.419354838709677,95
2025,13,"0020",203.2,221,73.4,"04","01",0.774193548387097,129.8
2025,13,"0021",238.4,285.5,118.8,"05","01",1,119.6
2025,13,"0022",140,174.7,58.1,"05","01",0.129032258064516,81.9
2025,13,"0023",172.9,215.6,84,"05","01",0.483870967741935,88.9
2025,13,"0024",192.9,227.5,131.5,"05","01",0.645161290322581,61.4
2025,13,"0025",202.1,245.7,104.4,"06","01",0.709677419354839,97.7
2025,13,"0026",158,211,61.3,"06","01",0.387096774193548,96.7
2025,13,"0027",202.6,267.4,80.2,"06","01",0.741935483870968,122.4
2025,13,"0028",184.2,239.3,70,"06","01",0.516129032258065,114.2
2025,13,"0029",115.1,185.8,27.6,"07","01",0,87.5
2025,13,"0030",224.6,251.1,139.7,"07","01",0.935483870967742,84.9
2025,13,"0031",200.7,244.1,86.4,"07","01",0.67741935483871,114.3
2025,13,"0032",139.4,208.2,55.9,"07","01",0.0967741935483871,83.5
2025,14,"0001",108.9,138.3,34.9,"00","00",0.032258064516129,74
2025,14,"0002",208.1,283.6,65.2,"00","00",0.806451612903226,142.9
2025,14,"0003",230.7,242.7,139.9,"00","00",0.967741935483871,90.8
2025,14,"0004",191.8,226.8,92.5,"00","00",0.645161290322581,99.3
2025,14,"0005",209.6,214.4,110.3,"01","00",0.838709677419355,99.3
2025,14,"0006",183.6,257,95.5,"01","00",0.483870967741935,88.1
2025,14,"0007",124.3,184.1,38.9,"01","00",0.161290322580645,85.4
2025,14,"0008",216.2,230.3,103.4,"01","00",0.870967741935484,112.8
2025,14,"0009",180.7,253.8,61.2,"02","00",0.451612903225806,119.5
2025,14,"0010",170.1,211.2,106.3,"02","00",0.387096774193548,63.8
2025,14,"0011",106.7,145.4,8.5,"02","00",0,98.2
2025,14,"0012",191,205.5,98,"02","00",0.580645161290323,93
2025,14,"0013",225.2,239.5,89.1,"03","00",0.903225806451613,136.1
2025,14,"0014",153.1,191.2,64.6,"03","00",0.354838709677419,88.5
2025,14,"0015",176.8,201.1,92.7,"03","00",0.419354838709677,84.1
2025,14,"0016",197.6,268.4,95.7,"03","00",0.709677419354839,101.9
2025,14,"0017",144.4,178.4,59.8,"04","01",0.258064516129032,84.6
2025,14,"0018",195.2,215.5,113.1,"04","01",0.67741935483871,82.1
2025,14,"0019",201.1,236,94,"04","01",0.741935483870968,107.1
2025,14,"0020",143,196.1,42,"04","01",0.225806451612903,101
2025,14,"0021",187.2,233.1,113.2,"05","01",0.516129032258065,74
2025,14,"0022",189.9,205.8,124.8,"05","01",0.548387096774194,65.1
2025,14,"0023",247.7,297,116.5,"05","01",1,131.2
2025,14,"0024",112.5,147.4,53.2,"05","01",0.0645161290322581,59.3
2025,14,"0025",113.6,180.4,14,"06","01",0.0967741935483871,99.6
2025,14,"0026",229.7,287.8,100.5,"06","01",0.935483870967742,129.2
2025,14,"0027",148.2,178.4,34.5,"06","01",0.290322580645161,113.7
2025,14,"0028",150.5,166.6,63.3,"06","01",0.32258064516129,87.2
2025,14,"0029",133.1,165.3,32.2,"07","01",0.193548387096774,100.9
2025,14,"0030",206.6,260.5,117.4,"07","01",0.774193548387097,89.2
2025,14,"0031",191.6,232.8,86.2,"07","01",0.612903225806452,105.4
2025,14,"0032",123.1,157.5,45.7,"07","01",0.129032258064516,77.4
2025,15,"0001",153,199.9,74.8,"00","00",0.161290322580645,78.2
2025,15,"0002",179.3,205.4,88.7,"00","00",0.290322580645161,90.6
2025,15,"0003",231.8,279.7,156.2,"00","00",0.951612903225806,75.6
2025,15,"0004",228.6,365.1,104.8,"00","00",0.870967741935484,123.8
2025,15,"0005",210,249.4,122.9,"01","00",0.709677419354839,87.1
2025,15,"0006",149.4,237.3,58.7,"01","00",0.129032258064516,90.7
2025,15,"0007",230.7,263.6,125.3,"01","00",0.903225806451613,105.4
2025,15,"0008",190.7,217.9,115.9,"01","00",0.516129032258065,74.8
2025,15,"0009",186.3,271.6,93,"02","00",0.451612903225806,93.3
2025,15,"0010",211.3,245.1,129.6,"02","00",0.741935483870968,81.7
2025,15,"0011",184.7,224.4,91,"02","00",0.419354838709677,93.7
2025,15,"0012",157.9,192.2,90.7,"02","00",0.193548387096774,67.2
2025,15,"0013",209.6,230.3,107.6,"03","00",0.67741935483871,102
2025,15,"0014",187.2,197.2,105.5,"03","00",0.483870967741935,81.7
2025,15,"0015",200.7,235,93.8,"03","00",0.548387096774194,106.9
2025,15,"0016",184.6,299.1,64.3,"03","00",0.370967741935484,120.3
2025,15,"0017",147.6,210.3,55.3,"04","01",0.0967741935483871,92.3
2025,15,"0018",205.8,250.1,124.7,"04","01",0.580645161290323,81.1
2025,15,"0019",182.2,259,98.2,"04","01",0.32258064516129,84
2025,15,"0020",231.8,270.7,104.5,"04","01",0.951612903225806,127.3
2025,15,"0021",184.6,212.7,113,"05","01",0.370967741935484,71.6
2025,15,"0022",217.4,258.1,130,"05","01",0.806451612903226,87.4
2025,15,"0023",273.9,320.2,180,"05","01",1,93.9
2025,15,"0024",211.6,323.6,134.3,"05","01",0.774193548387097,77.3
2025,15,"0025",143,213,74.8,"06","01",0.0645161290322581,68.2
2025,15,"0026",102.2,135.1,36.3,"06","01",0,65.9
2025,15,"0027",208.2,230.9,98.6,"06","01",0.645161290322581,109.6
2025,15,"0028",226.3,304.8,86.6,"06","01",0.838709677419355,139.7
2025,15,"0029",170.8,218.7,68.6,"07","01",0.225806451612903,102.2
2025,15,"0030",172.2,282.7,71,"07","01",0.258064516129032,101.2
2025,15,"0031",207.6,236.2,97.3,"07","01",0.612903225806452,110.3
2025,15,"0032",113.3,164,61.8,"07","01",0.032258064516129,51.5
2025,16,"0001",108.6,230,59.1,"00","00",0,49.5
2025,16,"0002",157.4,224.6,32.3,"00","00",0.225806451612903,125.1
2025,16,"0003",174.9,229.5,73,"00","00",0.387096774193548,101.9
2025,16,"0004",187.7,221.9,75.4,"00","00",0.580645161290323,112.3
2025,16,"0005",252.1,297,143.7,"01","00",0.967741935483871,108.4
2025,16,"0006",168.4,257.2,50.2,"01","00",0.32258064516129,118.2
2025,16,"0007",143.9,210,49.9,"01","00",0.032258064516129,94
2025,16,"0008",220.7,258.9,110.4,"01","00",0.838709677419355,110.3
2025,16,"0009",177.7,198.5,85.4,"02","00",0.451612903225806,92.3
2025,16,"0010",228.5,259.4,154.5,"02","00",0.903225806451613,74
2025,16,"0011",215.9,252.5,118.2,"02","00",0.741935483870968,97.7
2025,16,"0012",212.5,293.9,111.4,"02","00",0.709677419354839,101.1
2025,16,"0013",207.5,262.1,113.4,"03","00",0.645161290322581,94.1
2025,16,"0014",151.1,215.3,88.6,"03","00",0.129032258064516,62.5
2025,16,"0015",159.8,195.1,77,"03","00",0.290322580645161,82.8
2025,16,"0016",243.2,283.7,159.7,"03","00",0.935483870967742,83.5
2025,16,"0017",188.1,256,84.3,"04","01",0.612903225806452,103.8
2025,16,"0018",156.8,212.9,77.8,"04","01",0.193548387096774,79
2025,16,"0019",153.3,179.2,83.6,"04","01",0.161290322580645,69.7
2025,16,"0020",186.4,199.2,78.3,"04","01",0.516129032258065,108.1
2025,16,"0021",186.8,248.2,91.4,"05","01",0.548387096774194,95.4
2025,16,"0022",209.7,254.3,97,"05","01",0.67741935483871,112.7
2025,16,"0023",292.7,304.6,199.2,"05","01",1,93.5
2025,16,"0024",185.5,234,112.7,"05","01",0.483870967741935,72.8
2025,16,"0025",171.6,204.8,65.9,"06","01",0.354838709677419,105.7
2025,16,"0026",222,248.5,124.2,"06","01",0.870967741935484,97.8
2025,16,"0027",216.8,248.1,135.7,"06","01",0.774193548387097,81.1
2025,16,"0028",175.2,254.5,74.4,"06","01",0.419354838709677,100.8
2025,16,"0029",150.2,209.9,54.7,"07","01",0.0967741935483871,95.5
2025,16,"0030",218.9,285.4,107.2,"07","01",0.806451612903226,111.7
2025,16,"0031",159.5,243.1,71.3,"07","01",0.258064516129032,88.2
2025,16,"0032",147.6,201.4,65.7,"07","01",0.0645161290322581,81.9
2025,17,"0001",148.2,247.6,63.5,"00","00",0.290322580645161,84.7
2025,17,"0002",270.6,301,112.5,"00","00",1,158.1
2025,17,"0003",218.3,280.9,108.6,"00","00",0.806451612903226,109.7
2025,17,"0004",257.3,289.5,158.2,"00","00",0.967741935483871,99.1
2025,17,"0005",239.8,303.6,157.4,"01","00",0.870967741935484,82.4
2025,17,"0006",257.1,269.6,121.3,"01","00",0.935483870967742,135.8
2025,17,"0007",184.1,226.8,95,"01","00",0.580645161290323,89.1
2025,17,"0008",173.5,251.2,76.2,"01","00",0.483870967741935,97.3
2025,17,"0009",164.3,176.5,79.1,"02","00",0.419354838709677,85.2
2025,17,"0010",85.8,154.7,26.8,"02","00",0,59
2025,17,"0011",126.3,175.6,56,"02","00",0.161290322580645,70.3
2025,17,"0012",89.9,146.9,34.4,"02","00",0.032258064516129,55.5
2025,17,"0013",209.3,260.7,87.5,"03","00",0.741935483870968,121.8
2025,17,"0014",123.8,148.1,32.1,"03","00",0.129032258064516,91.7
2025,17,"0015",136.5,200.2,60.7,"03","00",0.225806451612903,75.8
2025,17,"0016",152.4,188.2,67.1,"03","00",0.32258064516129,85.3
2025,17,"0017",196.7,223.8,82.6,"04","01",0.67741935483871,114.1
2025,17,"0018",113.8,201,49.5,"04","01",0.0967741935483871,64.3
2025,17,"0019",158.5,186.5,53.1,"04","01",0.354838709677419,105.4
2025,17,"0020",206.8,222.5,84.3,"04","01",0.709677419354839,122.5
2025,17,"0021",142.8,165.2,62.1,"05","01",0.258064516129032,80.7
2025,17,"0022",103.6,183.1,27.4,"05","01",0.0645161290322581,76.2
2025,17,"0023",160.2,269.8,70.6,"05","01",0.387096774193548,89.6
2025,17,"0024",189.9,228.3,123.3,"05","01",0.645161290322581,66.6
2025,17,"0025",167.9,193.8,105.7,"06","01",0.451612903225806,62.2
2025,17,"0026",188.2,250,93.7,"06","01",0.612903225806452,94.5
2025,17,"0027",178.8,240.2,93.8,"06","01",0.548387096774194,85
2025,17,"0028",245.5,250.9,128.8,"06","01",0.903225806451613,116.7
2025,17,"0029",173.9,229.9,53.9,"07","01",0.516129032258065,120
2025,17,"0030",219.9,273.4,100.7,"07","01",0.838709677419355,119.2
2025,17,"0031",215,226.9,89.5,"07","01",0.774193548387097,125.5
2025,17,"0032",136,155.6,51.5,"07","01",0.193548387096774,84.5
